ID,카테고리코드,카테고리명,제품명,제품코드,규격,설명,가격,가격단위,단위,최소주문수량,재고상태,원산지,제조사,치수,중량,재질,단위중량,계산기유형,계산기보유,사용가능재질,사용가능원산지,재질별추가가격,원산지별추가가격,특징,배송정보,추천제품,활성화,기본길이,최소길이,최대길이,표준길이,홈페이지표시,조회수,등록일,삭제(Y)
5,steel-plate,철강(강판),일반 강판 6T,,6T×1219×2438mm,"일반 구조용 및 용접 구조용으로 사용되는 열간 압연 강판.
/uploads/products/desc_1760335972_68ec9864c0cc3.gif",1000,kg,TON,1,in_stock,일본산,,,,SS400,141,sheet,Y,"SS400,SM490A,SM520","일본산,국산,바레인산",SS400:0;SM490A:0;SM520:0,국산:0;일본산:0;바레인산:0,,,N,Y,6,,,,Y,170,2025-08-05 2:38,
9,angle,ㄱ형강(앵글),ㄱ형강(앵글) 50×50×5T,ANG-50-50,50×50×5T,/uploads/products/desc_1760335972_68ec9864c0cc3.gif,1000,piece,,1,in_stock,,,,,,3.77,linear,Y,"SS275,SS400,SS400/A36,SHN400,SS490,SS540,SM400A,SM400B,SHN490,SM490A,SM490B,SM490YA,SM490YB","국산,중국산,일본산,장기재고,중고",,,,,N,Y,6,8,16,10,Y,163,2025-09-18 12:16,
10,channel,ㄷ형강(찬넬),ㄷ형강(채널) 100×50×5×7.5,CH-100-50,,/uploads/products/desc_1760335972_68ec9864c0cc3.gif,1000,piece,,1,in_stock,중국산,,,,SS400,9.36,linear,Y,SS275,"국산,중국산,일본산,장기재고,중고",SS400:0;SS400/A36:0;SHN400:0;SS490:0;SS540:0;SM400A:0;SM400B:0;SHN490:0;SM490A:0;SM490B:0;SM490YA:0;SM490YB:0,중국산:0;베트남산:0,,,N,Y,6,8,16,10,N,125,2025-09-18 12:16,
11,deck-plate,테크플레이트,데크플레이트 0.8T×600×2400,DP-08-600,0.8T×600×2400,/uploads/products/desc_1760335972_68ec9864c0cc3.gif,1000,kg,,1,in_stock,,,,,,22.6,sheet,Y,COLOR,"국산,장기재고",,,,,N,Y,6,2.4,12,6,Y,120,2025-09-18 12:16,
90,angle,ㄱ형강(앵글),ㄱ형강,,25×25×3T,"구조물의 보강, 프레임, 브라켓 등에 사용되는 L자형 구조용 강재입니다.
/uploads/products/desc_1760335972_68ec9864c0cc3.gif",1000,piece,TON,1,in_stock,,,,,SS400,1.12,linear,Y,"SS275,SS400,SS400/A36,SHN400,SS490,SS540,SM400A,SM400B,SHN490,SM490A,SM490B,SM490YA,SM490YB","국산,중국산,일본산,장기재고,중고",SS400:0;SS400/A36:0;SHN400:0;SS490:0;SS540:0;SM400A:0;SM400B:0;SHN490:0;SM490A:0;SM490B:0;SM490YA:0;SM490YB:0,,,,N,Y,6,8,16,10,N,63,2025-09-22 2:21,
91,angle,ㄱ형강(앵글),ㄱ형강 30×30×3T,,30×30×3T,"구조물의 보강, 프레임, 브라켓 등에 사용되는 L자형 구조용 강재입니다.
/uploads/products/desc_1760335972_68ec9864c0cc3.gif",1000,piece,TON,1,in_stock,,,,,,1.36,linear,Y,"SS275,SS400,SS400/A36,SHN400,SS490,SS540,SM400A,SM400B,SHN490,SM490A,SM490B,SM490YA,SM490YB","국산,중국산,일본산,장기재고,중고",,,,,N,Y,6,8,16,10,N,49,2025-09-22 2:21,
92,angle,ㄱ형강(앵글),ㄱ형강 40×40×3T,,40×40×3T,"구조물의 보강, 프레임, 브라켓 등에 사용되는 L자형 구조용 강재입니다.
/uploads/products/desc_1760335972_68ec9864c0cc3.gif",1000,piece,TON,1,in_stock,,,,,,1.83,linear,Y,"SS275,SS400,SS400/A36,SHN400,SS490,SS540,SM400A,SM400B,SHN490,SM490A,SM490B,SM490YA,SM490YB","국산,중국산,일본산,장기재고,중고",,,,,N,Y,6,8,16,10,N,52,2025-09-22 2:21,
93,angle,ㄱ형강(앵글),ㄱ형강 40×40×4T,,40×40×4T,"구조물의 보강, 프레임, 브라켓 등에 사용되는 L자형 구조용 강재입니다.
/uploads/products/desc_1760335972_68ec9864c0cc3.gif",1000,piece,TON,1,in_stock,,,,,,2.42,linear,Y,"SS275,SS400,SS400/A36,SHN400,SS490,SS540,SM400A,SM400B,SHN490,SM490A,SM490B,SM490YA,SM490YB","국산,중국산,일본산,장기재고,중고",,,,,N,Y,6,8,16,10,N,39,2025-09-22 2:21,
94,angle,ㄱ형강(앵글),ㄱ형강 40×40×5T,,40×40×5T,"구조물의 보강, 프레임, 브라켓 등에 사용되는 L자형 구조용 강재입니다.
/uploads/products/desc_1760335972_68ec9864c0cc3.gif",1000,piece,TON,1,in_stock,,,,,,2.95,linear,Y,"SS275,SS400,SS400/A36,SHN400,SS490,SS540,SM400A,SM400B,SHN490,SM490A,SM490B,SM490YA,SM490YB","국산,중국산,일본산,장기재고,중고",,,,,N,Y,6,8,16,10,N,54,2025-09-22 2:21,
95,angle,ㄱ형강(앵글),ㄱ형강 45×45×4T,,45×45×4T,"구조물의 보강, 프레임, 브라켓 등에 사용되는 L자형 구조용 강재입니다.
/uploads/products/desc_1760335972_68ec9864c0cc3.gif",1000,piece,TON,1,in_stock,,,,,,2.74,linear,Y,"SS275,SS400,SS400/A36,SHN400,SS490,SS540,SM400A,SM400B,SHN490,SM490A,SM490B,SM490YA,SM490YB","국산,중국산,일본산,장기재고,중고",,,,,N,Y,6,8,16,10,N,39,2025-09-22 2:21,
96,angle,ㄱ형강(앵글),ㄱ형강 50×50×4T,,50×50×4T,"구조물의 보강, 프레임, 브라켓 등에 사용되는 L자형 구조용 강재입니다.
/uploads/products/desc_1760335972_68ec9864c0cc3.gif",1000,piece,TON,1,in_stock,,,,,,3.06,linear,Y,"SS275,SS400,SS400/A36,SHN400,SS490,SS540,SM400A,SM400B,SHN490,SM490A,SM490B,SM490YA,SM490YB","국산,중국산,일본산,장기재고,중고",,,,,N,Y,6,8,16,10,N,52,2025-09-22 2:21,
97,angle,ㄱ형강(앵글),ㄱ형강 50×50×6T,,50×50×6T,"구조물의 보강, 프레임, 브라켓 등에 사용되는 L자형 구조용 강재입니다.
/uploads/products/desc_1760335972_68ec9864c0cc3.gif",1000,piece,TON,1,in_stock,,,,,,4.43,linear,Y,"SS275,SS400,SS400/A36,SHN400,SS490,SS540,SM400A,SM400B,SHN490,SM490A,SM490B,SM490YA,SM490YB","국산,중국산,일본산,장기재고,중고",,,,,N,Y,6,8,16,10,N,78,2025-09-22 2:21,
98,angle,ㄱ형강(앵글),ㄱ형강 60×60×4T,,60×60×4T,"구조물의 보강, 프레임, 브라켓 등에 사용되는 L자형 구조용 강재입니다.
/uploads/products/desc_1760335972_68ec9864c0cc3.gif",1000,piece,TON,1,in_stock,,,,,,3.68,linear,Y,"SS275,SS400,SS400/A36,SHN400,SS490,SS540,SM400A,SM400B,SHN490,SM490A,SM490B,SM490YA,SM490YB","국산,중국산,일본산,장기재고,중고",,,,,N,Y,6,8,16,10,N,38,2025-09-22 2:21,
99,angle,ㄱ형강(앵글),ㄱ형강 60×60×5T,,60×60×5T,"구조물의 보강, 프레임, 브라켓 등에 사용되는 L자형 구조용 강재입니다.
/uploads/products/desc_1760335972_68ec9864c0cc3.gif",1000,piece,TON,1,in_stock,,,,,,4.55,linear,Y,"SS275,SS400,SS400/A36,SHN400,SS490,SS540,SM400A,SM400B,SHN490,SM490A,SM490B,SM490YA,SM490YB","국산,중국산,일본산,장기재고,중고",,,,,N,Y,6,8,16,10,N,41,2025-09-22 2:21,
100,angle,ㄱ형강(앵글),ㄱ형강 60×60×6T,,60×60×6T,"구조물의 보강, 프레임, 브라켓 등에 사용되는 L자형 구조용 강재입니다.
/uploads/products/desc_1760335972_68ec9864c0cc3.gif",1000,piece,TON,1,in_stock,,,,,,5.37,linear,Y,"SS275,SS400,SS400/A36,SHN400,SS490,SS540,SM400A,SM400B,SHN490,SM490A,SM490B,SM490YA,SM490YB","국산,중국산,일본산,장기재고,중고",,,,,N,Y,6,8,16,10,N,35,2025-09-22 2:21,
101,angle,ㄱ형강(앵글),ㄱ형강 65×65×6T,,65×65×6T,"구조물의 보강, 프레임, 브라켓 등에 사용되는 L자형 구조용 강재입니다.
/uploads/products/desc_1760335972_68ec9864c0cc3.gif",1000,piece,TON,1,in_stock,,,,,,5.91,linear,Y,"SS275,SS400,SS400/A36,SHN400,SS490,SS540,SM400A,SM400B,SHN490,SM490A,SM490B,SM490YA,SM490YB","국산,중국산,일본산,장기재고,중고",,,,,N,Y,6,8,16,10,N,57,2025-09-22 2:21,
102,angle,ㄱ형강(앵글),ㄱ형강 65×65×8T,,65×65×8T,"구조물의 보강, 프레임, 브라켓 등에 사용되는 L자형 구조용 강재입니다.
/uploads/products/desc_1760335972_68ec9864c0cc3.gif",1000,piece,TON,1,in_stock,,,,,,7.66,linear,Y,"SS275,SS400,SS400/A36,SHN400,SS490,SS540,SM400A,SM400B,SHN490,SM490A,SM490B,SM490YA,SM490YB","국산,중국산,일본산,장기재고,중고",,,,,N,Y,6,8,16,10,N,34,2025-09-22 2:21,
103,angle,ㄱ형강(앵글),ㄱ형강 70×70×6T,,70×70×6T,"구조물의 보강, 프레임, 브라켓 등에 사용되는 L자형 구조용 강재입니다.
/uploads/products/desc_1760335972_68ec9864c0cc3.gif",1000,piece,TON,1,in_stock,,,,,,6.38,linear,Y,"SS275,SS400,SS400/A36,SHN400,SS490,SS540,SM400A,SM400B,SHN490,SM490A,SM490B,SM490YA,SM490YB","국산,중국산,일본산,장기재고,중고",,,,,N,Y,6,8,16,10,N,36,2025-09-22 2:21,
104,angle,ㄱ형강(앵글),ㄱ형강 75×75×6T,,75×75×6T,"구조물의 보강, 프레임, 브라켓 등에 사용되는 L자형 구조용 강재입니다.
/uploads/products/desc_1760335972_68ec9864c0cc3.gif",1000,piece,TON,1,in_stock,,,,,,6.85,linear,Y,"SS275,SS400,SS400/A36,SHN400,SS490,SS540,SM400A,SM400B,SHN490,SM490A,SM490B,SM490YA,SM490YB","국산,중국산,일본산,장기재고,중고",,,,,N,Y,6,8,16,10,N,51,2025-09-22 2:21,
105,angle,ㄱ형강(앵글),ㄱ형강 75×75×9T,,75×75×9T,"구조물의 보강, 프레임, 브라켓 등에 사용되는 L자형 구조용 강재입니다.
/uploads/products/desc_1760335972_68ec9864c0cc3.gif",1000,piece,TON,1,in_stock,,,,,,9.96,linear,Y,"SS275,SS400,SS400/A36,SHN400,SS490,SS540,SM400A,SM400B,SHN490,SM490A,SM490B,SM490YA,SM490YB","국산,중국산,일본산,장기재고,중고",,,,,N,Y,6,8,16,10,N,45,2025-09-22 2:21,
106,angle,ㄱ형강(앵글),ㄱ형강 75×75×12T,,75×75×12T,"구조물의 보강, 프레임, 브라켓 등에 사용되는 L자형 구조용 강재입니다.
/uploads/products/desc_1760335972_68ec9864c0cc3.gif",1000,piece,TON,1,in_stock,,,,,,13,linear,Y,"SS275,SS400,SS400/A36,SHN400,SS490,SS540,SM400A,SM400B,SHN490,SM490A,SM490B,SM490YA,SM490YB","국산,중국산,일본산,장기재고,중고",,,,,N,Y,6,8,16,10,N,28,2025-09-22 2:21,
107,angle,ㄱ형강(앵글),ㄱ형강 80×80×6T,,80×80×6T,"구조물의 보강, 프레임, 브라켓 등에 사용되는 L자형 구조용 강재입니다.
/uploads/products/desc_1760335972_68ec9864c0cc3.gif",1000,piece,TON,1,in_stock,,,,,,7.32,linear,Y,"SS275,SS400,SS400/A36,SHN400,SS490,SS540,SM400A,SM400B,SHN490,SM490A,SM490B,SM490YA,SM490YB","국산,중국산,일본산,장기재고,중고",,,,,N,Y,6,8,16,10,N,24,2025-09-22 2:21,
108,angle,ㄱ형강(앵글),ㄱ형강 80×80×7T,,80×80×7T,"구조물의 보강, 프레임, 브라켓 등에 사용되는 L자형 구조용 강재입니다.
/uploads/products/desc_1760335972_68ec9864c0cc3.gif",1000,piece,TON,1,in_stock,,,,,,8.48,linear,Y,"SS275,SS400,SS400/A36,SHN400,SS490,SS540,SM400A,SM400B,SHN490,SM490A,SM490B,SM490YA,SM490YB","국산,중국산,일본산,장기재고,중고",,,,,N,Y,6,8,16,10,N,19,2025-09-22 2:21,
109,angle,ㄱ형강(앵글),ㄱ형강 90×90×6T,,90×90×6T,"구조물의 보강, 프레임, 브라켓 등에 사용되는 L자형 구조용 강재입니다.
/uploads/products/desc_1760335972_68ec9864c0cc3.gif",1000,piece,TON,1,in_stock,,,,,,8.28,linear,Y,"SS275,SS400,SS400/A36,SHN400,SS490,SS540,SM400A,SM400B,SHN490,SM490A,SM490B,SM490YA,SM490YB","국산,중국산,일본산,장기재고,중고",,,,,N,Y,6,8,16,10,N,18,2025-09-22 2:21,
110,angle,ㄱ형강(앵글),ㄱ형강 90×90×7T,,90×90×7T,"구조물의 보강, 프레임, 브라켓 등에 사용되는 L자형 구조용 강재입니다.
/uploads/products/desc_1760335972_68ec9864c0cc3.gif",1000,piece,TON,1,in_stock,,,,,,9.59,linear,Y,"SS275,SS400,SS400/A36,SHN400,SS490,SS540,SM400A,SM400B,SHN490,SM490A,SM490B,SM490YA,SM490YB","국산,중국산,일본산,장기재고,중고",,,,,N,Y,6,8,16,10,N,18,2025-09-22 2:21,
111,unequal-angle,부등변ㄱ형강,부등변ㄱ형강 50×30×3T,,50×30×3T,"비대칭 L자형 구조용 강재로, 특수한 각도와 강도가 필요한 구조물에 사용됩니다.
/uploads/products/desc_1760335972_68ec9864c0cc3.gif",1000,piece,TON,1,in_stock,장기재고,,,,SS400,1.83,linear,Y,"SS275,SS400,SS400/A36,SHN400,SS490,SS540,SM400A,SM400B,SHN490,SM490A,SM490B,SM490YA,SM490YB",국산,SS400:0;SS400/A36:0;SS490:0;SS540:0;SM400A:0;SM400B:0;SM490A:0;SM490B:0;SM490YA:0;SM490YB:0,장기재고:0;바레인산:0,,,N,Y,6,10,10,10,N,111,2025-09-22 2:22,
112,unequal-angle,부등변ㄱ형강,부등변ㄱ형강 90×75×9T,,90×75×9T,"비대칭 L자형 구조용 강재로, 특수한 각도와 강도가 필요한 구조물에 사용됩니다.
/uploads/products/desc_1760335972_68ec9864c0cc3.gif",1000,piece,TON,1,in_stock,베트남산,,,,SS400,11,linear,Y,"SS275,SS400,SS400/A36,SHN400,SS490,SS540,SM400A,SM400B,SHN490,SM490A,SM490B,SM490YA,SM490YB",국산,SS400:0;A36:0;SUS316:0;SUS304:0,베트남산:0;수입산:0;장기재고:0;바레인산:0,,,N,Y,6,10,10,10,N,35,2025-09-22 2:22,
113,unequal-angle,부등변ㄱ형강,부등변ㄱ형강 100×75×7T,,100×75×7T,"비대칭 L자형 구조용 강재로, 특수한 각도와 강도가 필요한 구조물에 사용됩니다.
/uploads/products/desc_1760335972_68ec9864c0cc3.gif",1000,piece,TON,1,in_stock,,,,,,9.32,linear,Y,"SS275,SS400,SS400/A36,SHN400,SS490,SS540,SM400A,SM400B,SHN490,SM490A,SM490B,SM490YA,SM490YB",국산,,베트남산:0;수입산:0;장기재고:0;바레인산:0,,,N,Y,6,10,10,10,N,21,2025-09-22 2:22,
114,unequal-angle,부등변ㄱ형강,부등변ㄱ형강 100×75×10T,,100×75×10T,"비대칭 L자형 구조용 강재로, 특수한 각도와 강도가 필요한 구조물에 사용됩니다.
/uploads/products/desc_1760335972_68ec9864c0cc3.gif",1000,piece,TON,1,in_stock,,,,,,13,linear,Y,"SS275,SS400,SS400/A36,SHN400,SS490,SS540,SM400A,SM400B,SHN490,SM490A,SM490B,SM490YA,SM490YB",국산,,베트남산:0;수입산:0;장기재고:0;바레인산:0,,,N,Y,6,10,10,10,N,26,2025-09-22 2:22,
115,unequal-angle,부등변ㄱ형강,부등변ㄱ형강 125×75×7T,,125×75×7T,"비대칭 L자형 구조용 강재로, 특수한 각도와 강도가 필요한 구조물에 사용됩니다.
/uploads/products/desc_1760335972_68ec9864c0cc3.gif",1000,piece,TON,1,in_stock,,,,,,10.7,linear,Y,"SS275,SS400,SS400/A36,SHN400,SS490,SS540,SM400A,SM400B,SHN490,SM490A,SM490B,SM490YA,SM490YB",국산,,베트남산:0;수입산:0;장기재고:0;바레인산:0,,,N,Y,6,10,10,10,N,23,2025-09-22 2:22,
116,unequal-angle,부등변ㄱ형강,부등변ㄱ형강 125×75×10T,,125×75×10T,"비대칭 L자형 구조용 강재로, 특수한 각도와 강도가 필요한 구조물에 사용됩니다.
/uploads/products/desc_1760335972_68ec9864c0cc3.gif",1000,piece,TON,1,in_stock,,,,,,14.9,linear,Y,"SS275,SS400,SS400/A36,SHN400,SS490,SS540,SM400A,SM400B,SHN490,SM490A,SM490B,SM490YA,SM490YB",국산,,베트남산:0;수입산:0;장기재고:0;바레인산:0,,,N,Y,6,10,10,10,N,25,2025-09-22 2:22,
117,unequal-angle,부등변ㄱ형강,부등변ㄱ형강 125×75×13T,,125×75×13T,"비대칭 L자형 구조용 강재로, 특수한 각도와 강도가 필요한 구조물에 사용됩니다.
/uploads/products/desc_1760335972_68ec9864c0cc3.gif",1000,piece,TON,1,in_stock,,,,,,19.1,linear,Y,"SS275,SS400,SS400/A36,SHN400,SS490,SS540,SM400A,SM400B,SHN490,SM490A,SM490B,SM490YA,SM490YB",국산,,베트남산:0;수입산:0;장기재고:0;바레인산:0,,,N,Y,6,10,10,10,N,40,2025-09-22 2:22,
118,unequal-angle,부등변ㄱ형강,부등변ㄱ형강 125×90×10T,,125×90×10T,"비대칭 L자형 구조용 강재로, 특수한 각도와 강도가 필요한 구조물에 사용됩니다.
/uploads/products/desc_1760335972_68ec9864c0cc3.gif",1000,piece,TON,1,in_stock,,,,,,16.1,linear,Y,"SS275,SS400,SS400/A36,SHN400,SS490,SS540,SM400A,SM400B,SHN490,SM490A,SM490B,SM490YA,SM490YB",국산,,베트남산:0;수입산:0;장기재고:0;바레인산:0,,,N,Y,6,10,10,10,N,23,2025-09-22 2:22,
119,unequal-angle,부등변ㄱ형강,부등변ㄱ형강 125×90×13T,,125×90×13T,"비대칭 L자형 구조용 강재로, 특수한 각도와 강도가 필요한 구조물에 사용됩니다.
/uploads/products/desc_1760335972_68ec9864c0cc3.gif",1000,piece,TON,1,in_stock,,,,,,20.6,linear,Y,"SS275,SS400,SS400/A36,SHN400,SS490,SS540,SM400A,SM400B,SHN490,SM490A,SM490B,SM490YA,SM490YB",국산,,베트남산:0;수입산:0;장기재고:0;바레인산:0,,,N,Y,6,10,10,10,N,27,2025-09-22 2:22,
120,unequal-angle,부등변ㄱ형강,부등변ㄱ형강 150×90×9T,,150×90×9T,"비대칭 L자형 구조용 강재로, 특수한 각도와 강도가 필요한 구조물에 사용됩니다.
/uploads/products/desc_1760335972_68ec9864c0cc3.gif",1000,piece,TON,1,in_stock,,,,,,16.4,linear,Y,"SS275,SS400,SS400/A36,SHN400,SS490,SS540,SM400A,SM400B,SHN490,SM490A,SM490B,SM490YA,SM490YB",국산,,베트남산:0;수입산:0;장기재고:0;바레인산:0,,,N,Y,6,10,10,10,N,27,2025-09-22 2:22,
121,unequal-angle,부등변ㄱ형강,부등변ㄱ형강 150×90×13T,,150×90×12T,"비대칭 L자형 구조용 강재로, 특수한 각도와 강도가 필요한 구조물에 사용됩니다.
/uploads/products/desc_1760335972_68ec9864c0cc3.gif",1000,piece,TON,1,in_stock,국산,,,,SS400,21.5,linear,Y,"SS275,SS400,SS400/A36,SHN400,SS490,SS540,SM400A,SM400B,SHN490,SM490A,SM490B,SM490YA,SM490YB",국산,SS400:0,베트남산:0;수입산:0;장기재고:0;바레인산:0,,,N,Y,6,10,10,10,N,24,2025-09-22 2:22,
122,unequal-angle,부등변ㄱ형강,부등변ㄱ형강 150×100×9T,,150×100×9T,"비대칭 L자형 구조용 강재로, 특수한 각도와 강도가 필요한 구조물에 사용됩니다.
/uploads/products/desc_1760335972_68ec9864c0cc3.gif",1000,piece,TON,1,in_stock,베트남산,,,,SS400,17,linear,Y,"SS275,SS400,SS400/A36,SHN400,SS490,SS540,SM400A,SM400B,SHN490,SM490A,SM490B,SM490YA,SM490YB",국산,SS400:0,베트남산:0;수입산:0;장기재고:0;바레인산:0,,,N,Y,6,10,10,10,N,22,2025-09-22 2:22,
123,unequal-angle,부등변ㄱ형강,부등변ㄱ형강 150×100×12T,,150×100×12T,"비대칭 L자형 구조용 강재로, 특수한 각도와 강도가 필요한 구조물에 사용됩니다.
/uploads/products/desc_1760335972_68ec9864c0cc3.gif",1000,piece,TON,1,in_stock,,,,,,22.4,linear,Y,"SS275,SS400,SS400/A36,SHN400,SS490,SS540,SM400A,SM400B,SHN490,SM490A,SM490B,SM490YA,SM490YB",국산,,베트남산:0;수입산:0;장기재고:0;바레인산:0,,,N,Y,6,10,10,10,N,23,2025-09-22 2:22,
124,unequal-angle,부등변ㄱ형강,부등변ㄱ형강 150×100×15T,,150×100×15T,"비대칭 L자형 구조용 강재로, 특수한 각도와 강도가 필요한 구조물에 사용됩니다.
/uploads/products/desc_1760335972_68ec9864c0cc3.gif",1000,piece,TON,1,in_stock,,,,,,27.7,linear,Y,"SS275,SS400,SS400/A36,SHN400,SS490,SS540,SM400A,SM400B,SHN490,SM490A,SM490B,SM490YA,SM490YB",국산,,베트남산:0;수입산:0;장기재고:0;바레인산:0,,,N,Y,6,10,10,10,N,24,2025-09-22 2:22,
184,rebar,철근,철근 D10,,D10 (Φ10mm),건축 구조물의 보강에 사용되는 이형철근입니다. 단중: 0.56kg/m,650,kg,TON,1,in_stock,국산,,,,SD400,0.56,linear,Y,"SD400,SD300,SD600S","국산,중국산,일본산,베트남산,수입산,장기재고,중고",SD400:0;SD300:0;SD600S:0,국산:0;중국산:0;일본산:0;베트남산:0;수입산:200;장기재고:400;중고:0,,,N,Y,6,6,12,8,N,297,2025-09-22 4:46,
185,rebar,철근,철근 D13,,D13 (Φ13mm),"건축 구조물의 보강에 사용되는 이형철근입니다. 단중: 0.995kg/m
/uploads/products/desc_1760335972_68ec9864c0cc3.gif",650,kg,TON,1,in_stock,국산,,,,SD300,0.995,linear,Y,"SD300,SD400,SD400W,SD400S,SD500,SD500W,SD500S,SD600,SD600S","국산,수입산",SD300:0;SD400:0;SD400W:0;SD400S:0;SD500:0;SD500W:0;SD500S:0;SD600:0;SD600S:0,국산:0;수입산:0,,,N,Y,6,6,12,8,N,165,2025-09-22 4:46,
186,rebar,철근,철근 D16,,D16 (Φ16mm),"건축 구조물의 보강에 사용되는 이형철근입니다. 단중: 1.56kg/m
/uploads/products/desc_1760335972_68ec9864c0cc3.gif",650,kg,TON,1,in_stock,국산,,,,SD300,1.56,linear,Y,"SD300,SD400,SD400W,SD400S,SD500,SD500W,SD500S,SD600,SD600S","국산,수입산",SD300:0;SD400:0;SD400W:0;SD400S:0;SD500:0;SD500W:0;SD500S:0;SD600:0;SD600S:0,국산:0;수입산:0,,,N,Y,6,6,12,8,N,129,2025-09-22 4:46,
187,rebar,철근,철근 D19,,D19 (Φ19mm),"건축 구조물의 보강에 사용되는 이형철근입니다. 단중: 2.25kg/m
/uploads/products/desc_1760335972_68ec9864c0cc3.gif",650,kg,TON,1,in_stock,국산,,,,SD600,2.25,linear,Y,"SD600,SD600S","국산,수입산",SD600:0;SD600S:0,국산:0;수입산:0,,,N,Y,6,6,12,8,N,57,2025-09-22 4:46,
188,rebar,철근,철근 D22,,D22 (Φ22mm),"건축 구조물의 보강에 사용되는 이형철근입니다. 단중: 3.04kg/m
/uploads/products/desc_1760335972_68ec9864c0cc3.gif",650,kg,TON,1,in_stock,국산,,,,SD300,3.04,linear,Y,"SD300,SD400,SD400W,SD400S,SD500,SD500W,SD500S,SD600,SD600S","국산,수입산",SD300:0;SD400:0;SD400W:0;SD400S:0;SD500:0;SD500W:0;SD500S:0;SD600:0;SD600S:0,국산:0;수입산:0,,,N,Y,6,6,12,8,N,43,2025-09-22 4:46,
189,rebar,철근,철근 D25,,D25 (Φ25mm),"건축 구조물의 보강에 사용되는 이형철근입니다. 단중: 3.98kg/m
/uploads/products/desc_1760335972_68ec9864c0cc3.gif",650,kg,TON,1,in_stock,국산,,,,SD300,3.98,linear,Y,"SD300,SD400,SD400W,SD400S,SD500,SD500W,SD500S,SD600,SD600S","국산,수입산",SD300:0;SD400:0;SD400W:0;SD400S:0;SD500:0;SD500W:0;SD500S:0;SD600:0;SD600S:0,국산:0;수입산:0,,,N,Y,6,6,12,8,N,37,2025-09-22 4:46,
190,rebar,철근,철근 D29,,D29 (Φ29mm),"건축 구조물의 보강에 사용되는 이형철근입니다. 단중: 5.04kg/m
/uploads/products/desc_1760335972_68ec9864c0cc3.gif",650,kg,TON,1,in_stock,국산,,,,SD300,5.04,linear,Y,"SD300,SD400,SD400W,SD400S,SD500,SD500W,SD500S,SD600,SD600S","국산,수입산",SD300:0;SD400:0;SD400W:0;SD400S:0;SD500:0;SD500W:0;SD500S:0;SD600:0;SD600S:0,국산:0;수입산:0,,,N,Y,6,6,12,8,N,34,2025-09-22 4:46,
191,rebar,철근,철근 D32,,D32 (Φ32mm),"건축 구조물의 보강에 사용되는 이형철근입니다. 단중: 6.23kg/m
/uploads/products/desc_1760335972_68ec9864c0cc3.gif",650,kg,TON,1,in_stock,국산,,,,SD300,6.23,linear,Y,"SD300,SD400,SD400W,SD400S,SD500,SD500W,SD500S,SD600,SD600S","국산,수입산",SD300:0;SD400:0;SD400W:0;SD400S:0;SD500:0;SD500W:0;SD500S:0;SD600:0;SD600S:0,국산:0;수입산:0,,,N,Y,6,6,12,8,N,36,2025-09-22 4:46,
192,rebar,철근,철근 D35,,D35 (Φ35mm),"건축 구조물의 보강에 사용되는 이형철근입니다. 단중: 7.51kg/m
/uploads/products/desc_1760335972_68ec9864c0cc3.gif",716,kg,TON,1,in_stock,국산,,,,SD300,7.51,linear,Y,"SD300,SD400,SD400W,SD400S,SD500,SD500W,SD500S,SD600,SD600S","국산,수입산",SD300:0;SD400:0;SD400W:0;SD400S:0;SD500:0;SD500W:0;SD500S:0;SD600:0;SD600S:0,국산:0;수입산:0,,,N,Y,6,6,12,8,N,40,2025-09-22 4:46,
193,rebar,철근,철근 D38,,D38 (Φ38mm),"건축 구조물의 보강에 사용되는 이형철근입니다. 단중: 8.95kg/m
/uploads/products/desc_1760335972_68ec9864c0cc3.gif",736,kg,TON,1,in_stock,국산,,,,SD300,8.95,linear,Y,"SD300,SD400,SD400W,SD400S,SD500,SD500W,SD500S,SD600,SD600S","국산,수입산",SD300:0;SD400:0;SD400W:0;SD400S:0;SD500:0;SD500W:0;SD500S:0;SD600:0;SD600S:0,국산:0;수입산:0,,,N,Y,6,6,12,8,N,36,2025-09-22 4:46,
194,rebar,철근,철근 D41,,D41 (Φ41mm),"건축 구조물의 보강에 사용되는 이형철근입니다. 단중: 10.5kg/m
/uploads/products/desc_1760335972_68ec9864c0cc3.gif",756,kg,TON,1,in_stock,국산,,,,SD300,10.5,linear,Y,"SD300,SD400,SD400W,SD400S,SD500,SD500W,SD500S,SD600,SD600S","국산,수입산",SD300:0;SD400:0;SD400W:0;SD400S:0;SD500:0;SD500W:0;SD500S:0;SD600:0;SD600S:0,국산:0;수입산:0,,,N,Y,6,6,12,8,N,32,2025-09-22 4:46,
195,rebar,철근,철근 D51,,D51 (Φ51mm),"건축 구조물의 보강에 사용되는 이형철근입니다. 단중: 15.9kg/m
/uploads/products/desc_1760335972_68ec9864c0cc3.gif",796,kg,TON,1,in_stock,국산,,,,SD300,15.9,linear,Y,"SD300,SD400,SD400W,SD400S,SD500,SD500W,SD500S,SD600,SD600S","국산,수입산",SD300:0;SD400:0;SD400W:0;SD400S:0;SD500:0;SD500W:0;SD500S:0;SD600:0;SD600S:0,국산:0;수입산:0,,,N,Y,6,6,12,8,N,26,2025-09-22 4:46,
197,steel-plates,철판류,열연 철판(coil sheet),SP-001,4' × 8',"열연 강판 코일 시트
/uploads/products/desc_1760335972_68ec9864c0cc3.gif",1000,kg,장,1,in_stock,,,,,,,sheet,Y,"SS400,SM45C,S45C","국내산,중국산,일본산",,,,,N,Y,6,,,,N,64,2025-09-24 5:50,
198,steel-plates,철판류,열연 철판(sheet),SP-002,8' × 20',"열연 강판 시트
/uploads/products/desc_1760335972_68ec9864c0cc3.gif",1000,kg,장,1,in_stock,,,,,,,sheet,Y,"SS400,SM45C,S45C","국내산,중국산,일본산",,,,,N,Y,6,,,,N,58,2025-09-24 5:50,
199,steel-plates,철판류,무늬 철판,SP-003,4' × 8',"무늬가 있는 철판
/uploads/products/desc_1760335972_68ec9864c0cc3.gif",1000,kg,장,1,in_stock,,,,,,,sheet,Y,,,,,,,N,Y,6,,,,N,58,2025-09-24 5:50,
200,steel-plates,철판류,망철판,SP-004,4' × 8',"망 형태의 철판
/uploads/products/desc_1760335972_68ec9864c0cc3.gif",1000,kg,장,1,in_stock,,,,,,,sheet,Y,,,,,,,N,Y,6,,,,N,24,2025-09-24 5:50,
201,steel-plates,철판류,냉연 철판,SP-005,4' × 8',"냉연 강판
/uploads/products/desc_1760335972_68ec9864c0cc3.gif",1000,kg,장,1,in_stock,,,,,,,sheet,Y,"SPCC,SPHC","국내산,중국산",,,,,N,Y,6,,,,N,35,2025-09-24 5:50,
202,steel-plates,철판류,아연도금 철판,SP-006,4' × 8',"아연 도금 처리된 철판
/uploads/products/desc_1760335972_68ec9864c0cc3.gif",1000,kg,장,1,in_stock,,,,,,,sheet,Y,"SS400,갈바",국내산,,,,,N,Y,6,,,,N,28,2025-09-24 5:50,
203,steel-plates,철판류,복공판(일반 고강도),SP-007,,"일반 고강도 복공판
/uploads/products/desc_1760335972_68ec9864c0cc3.gif",1000,kg,장,1,in_stock,,,,,,,sheet,Y,,,,,,,N,Y,6,,,,N,31,2025-09-24 5:50,
204,steel-plates,철판류,복공판(M&A 코팅),SP-008,,"M&A 코팅 처리된 복공판
/uploads/products/desc_1760335972_68ec9864c0cc3.gif",1000,kg,장,1,in_stock,,,,,,,sheet,Y,,,,,,,N,Y,6,,,,N,29,2025-09-24 5:50,
205,steel-plates,철판류,복공판(환가-그레이팅),SP-009,,"환가 그레이팅 복공판
/uploads/products/desc_1760335972_68ec9864c0cc3.gif",1000,kg,장,1,in_stock,,,,,,,sheet,Y,,,,,,,N,Y,6,,,,N,22,2025-09-24 5:50,
427,i-beam,I형강,I형강,I-BEAM-100x75x5x8,100*75*5*8,"규격: 100*75*5*8, 단위중량: 13.9kg/m, 재질: SS400
/uploads/products/desc_1760335972_68ec9864c0cc3.gif",1000,piece,M,1,in_stock,,,,,SS400,13.9,linear,Y,"SS400,SS400/A36,SHN400,SS490,SS540,SM400A,SM400B,SHN490,SM490A,SM490B,SM490YA,SM490YB",국산,SS400:0,국산:0;중국산:-50000;일본산:100000,,,N,Y,6,10,10,10,N,35,2025-09-26 5:54,
428,i-beam,I형강,I형강,I-BEAM-125x75x5.5x9.5,125*75*5.5*9.5,"규격: 125*75*5.5*9.5, 단위중량: 16.1kg/m, 재질: SS400
/uploads/products/desc_1760335972_68ec9864c0cc3.gif",1000,piece,M,1,in_stock,,,,,SS400,16.1,linear,Y,"SS400,SS400/A36,SHN400,SS490,SS540,SM400A,SM400B,SHN490,SM490A,SM490B,SM490YA,SM490YB",국산,SS400:0,국산:0;중국산:-50000;일본산:100000,,,N,Y,6,10,10,10,N,37,2025-09-26 5:54,
429,i-beam,I형강,I형강,I-BEAM-150x75x5.5x9.5,150*75*5.5*9.5,"규격: 150*75*5.5*9.5, 단위중량: 17.1kg/m, 재질: SS400
/uploads/products/desc_1760335972_68ec9864c0cc3.gif",1000,piece,M,1,in_stock,,,,,SS400,17.1,linear,Y,"SS400,SS400/A36,SHN400,SS490,SS540,SM400A,SM400B,SHN490,SM490A,SM490B,SM490YA,SM490YB",국산,SS400:0,국산:0;중국산:-50000;일본산:100000,,,N,Y,6,10,10,10,N,27,2025-09-26 5:54,
430,i-beam,I형강,I형강,I-BEAM-150x125x8.5x14,150*125*8.5*14,"규격: 150*125*8.5*14, 단위중량: 36.2kg/m, 재질: SS400
/uploads/products/desc_1760335972_68ec9864c0cc3.gif",1000,piece,M,1,in_stock,,,,,SS400,36.2,linear,Y,"SS400,SS400/A36,SHN400,SS490,SS540,SM400A,SM400B,SHN490,SM490A,SM490B,SM490YA,SM490YB",국산,SS400:0,국산:0;중국산:-50000;일본산:100000,,,N,Y,6,10,10,10,N,26,2025-09-26 5:54,
431,i-beam,I형강,I형강,I-BEAM-180x100x6x10,180*100*6*10,"규격: 180*100*6*10, 단위중량: 23.6kg/m, 재질: SS400
/uploads/products/desc_1760335972_68ec9864c0cc3.gif",1000,piece,M,1,in_stock,,,,,SS400,23.6,linear,Y,"SS400,SS400/A36,SHN400,SS490,SS540,SM400A,SM400B,SHN490,SM490A,SM490B,SM490YA,SM490YB",국산,SS400:0,국산:0;중국산:-50000;일본산:100000,,,N,Y,6,10,10,10,N,23,2025-09-26 5:54,
432,i-beam,I형강,I형강,I-BEAM-200x100x70x10,200*100*70*10,"규격: 200*100*70*10, 단위중량: 26.0kg/m, 재질: SS400
/uploads/products/desc_1760335972_68ec9864c0cc3.gif",1000,piece,M,1,in_stock,,,,,SS400,26,linear,Y,"SS400,SS400/A36,SHN400,SS490,SS540,SM400A,SM400B,SHN490,SM490A,SM490B,SM490YA,SM490YB",국산,SS400:0,국산:0;중국산:-50000;일본산:100000,,,N,Y,6,10,10,10,N,26,2025-09-26 5:54,
433,i-beam,I형강,I형강,I-BEAM-200x150x9x16,200*150*9*16,"규격: 200*150*9*16, 단위중량: 50.4kg/m, 재질: SS400
/uploads/products/desc_1760335972_68ec9864c0cc3.gif",1000,piece,M,1,in_stock,,,,,SS400,50.4,linear,Y,"SS400,SS400/A36,SHN400,SS490,SS540,SM400A,SM400B,SHN490,SM490A,SM490B,SM490YA,SM490YB",국산,SS400:0,국산:0;중국산:-50000;일본산:100000,,,N,Y,6,10,10,10,N,26,2025-09-26 5:54,
434,i-beam,I형강,I형강,I-BEAM-250x125x7.5x12.5,250*125*7.5*12.5,"규격: 250*125*7.5*12.5, 단위중량: 38.3kg/m, 재질: SS400
/uploads/products/desc_1760335972_68ec9864c0cc3.gif",1000,piece,M,1,in_stock,,,,,SS400,38.3,linear,Y,"SS400,SS400/A36,SHN400,SS490,SS540,SM400A,SM400B,SHN490,SM490A,SM490B,SM490YA,SM490YB",국산,SS400:0,국산:0;중국산:-50000;일본산:100000,,,N,Y,6,10,10,10,N,24,2025-09-26 5:54,
435,i-beam,I형강,I형강,I-BEAM-250x125x10x19,250*125*10*19,"규격: 250*125*10*19, 단위중량: 55.5kg/m, 재질: SS400
/uploads/products/desc_1760335972_68ec9864c0cc3.gif",1000,piece,M,1,in_stock,,,,,SS400,55.5,linear,Y,"SS400,SS400/A36,SHN400,SS490,SS540,SM400A,SM400B,SHN490,SM490A,SM490B,SM490YA,SM490YB",국산,SS400:0,국산:0;중국산:-50000;일본산:100000,,,N,Y,6,10,10,10,N,29,2025-09-26 5:54,
436,i-beam,I형강,I형강,I-BEAM-300x150x8x13,300*150*8*13,"규격: 300*150*8*13, 단위중량: 48.3kg/m, 재질: SS400
/uploads/products/desc_1760335972_68ec9864c0cc3.gif",1000,piece,M,1,in_stock,,,,,SS400,48.3,linear,Y,"SS400,SS400/A36,SHN400,SS490,SS540,SM400A,SM400B,SHN490,SM490A,SM490B,SM490YA,SM490YB",국산,SS400:0,국산:0;중국산:-50000;일본산:100000,,,N,Y,6,10,10,10,N,26,2025-09-26 5:54,
437,i-beam,I형강,I형강,I-BEAM-300x150x10x18.5,300*150*10*18.5,"규격: 300*150*10*18.5, 단위중량: 65.5kg/m, 재질: SS400
/uploads/products/desc_1760335972_68ec9864c0cc3.gif",1000,piece,M,1,in_stock,,,,,SS400,65.5,linear,Y,"SS400,SS400/A36,SHN400,SS490,SS540,SM400A,SM400B,SHN490,SM490A,SM490B,SM490YA,SM490YB",국산,SS400:0,국산:0;중국산:-50000;일본산:100000,,,N,Y,6,10,10,10,N,26,2025-09-26 5:54,
438,i-beam,I형강,I형강,I-BEAM-300x150x11.5x22,300*150*11.5*22,"규격: 300*150*11.5*22, 단위중량: 76.8kg/m, 재질: SS400
/uploads/products/desc_1760335972_68ec9864c0cc3.gif",1000,piece,M,1,in_stock,,,,,SS400,76.8,linear,Y,"SS400,SS400/A36,SHN400,SS490,SS540,SM400A,SM400B,SHN490,SM490A,SM490B,SM490YA,SM490YB",국산,SS400:0,국산:0;중국산:-50000;일본산:100000,,,N,Y,6,10,10,10,N,22,2025-09-26 5:54,
439,i-beam,I형강,I형강,I-BEAM-350x150x9x15,350*150*9*15,"규격: 350*150*9*15, 단위중량: 58.5kg/m, 재질: SS400
/uploads/products/desc_1760335972_68ec9864c0cc3.gif",1000,piece,M,1,in_stock,,,,,SS400,58.5,linear,Y,"SS400,SS400/A36,SHN400,SS490,SS540,SM400A,SM400B,SHN490,SM490A,SM490B,SM490YA,SM490YB",국산,SS400:0,국산:0;중국산:-50000;일본산:100000,,,N,Y,6,10,10,10,N,19,2025-09-26 5:54,
440,i-beam,I형강,I형강,I-BEAM-350x150x12x24,350*150*12*24,"규격: 350*150*12*24, 단위중량: 87.2kg/m, 재질: SS400
/uploads/products/desc_1760335972_68ec9864c0cc3.gif",1000,piece,M,1,in_stock,,,,,SS400,87.2,linear,Y,"SS400,SS400/A36,SHN400,SS490,SS540,SM400A,SM400B,SHN490,SM490A,SM490B,SM490YA,SM490YB",국산,SS400:0,국산:0;중국산:-50000;일본산:100000,,,N,Y,6,10,10,10,N,22,2025-09-26 5:54,
441,i-beam,I형강,I형강,I-BEAM-400x150x10x18,400*150*10*18,"규격: 400*150*10*18, 단위중량: 72.0kg/m, 재질: SS400
/uploads/products/desc_1760335972_68ec9864c0cc3.gif",1000,piece,M,1,in_stock,,,,,SS400,72,linear,Y,"SS400,SS400/A36,SHN400,SS490,SS540,SM400A,SM400B,SHN490,SM490A,SM490B,SM490YA,SM490YB",국산,SS400:0,국산:0;중국산:-50000;일본산:100000,,,N,Y,6,10,10,10,N,23,2025-09-26 5:54,
442,i-beam,I형강,I형강,I-BEAM-400x150x12.5x25,400*150*12.5*25,"규격: 400*150*12.5*25, 단위중량: 95.8kg/m, 재질: SS400
/uploads/products/desc_1760335972_68ec9864c0cc3.gif",1000,piece,M,1,in_stock,,,,,SS400,95.8,linear,Y,"SS400,SS400/A36,SHN400,SS490,SS540,SM400A,SM400B,SHN490,SM490A,SM490B,SM490YA,SM490YB",국산,SS400:0,국산:0;중국산:-50000;일본산:100000,,,N,Y,6,10,10,10,N,43,2025-09-26 5:54,
443,i-beam,I형강,I형강,I-BEAM-450x175x11x20,450*175*11*20,"규격: 450*175*11*20, 단위중량: 91.7kg/m, 재질: SS400
/uploads/products/desc_1760335972_68ec9864c0cc3.gif",1000,piece,M,1,in_stock,,,,,SS400,91.7,linear,Y,"SS400,SS400/A36,SHN400,SS490,SS540,SM400A,SM400B,SHN490,SM490A,SM490B,SM490YA,SM490YB",국산,SS400:0,국산:0;중국산:-50000;일본산:100000,,,N,Y,6,10,10,10,N,44,2025-09-26 5:54,
444,i-beam,I형강,I형강,I-BEAM-450x175x13x26,450*175*13*26,"규격: 450*175*13*26, 단위중량: 115.0kg/m, 재질: SS400
/uploads/products/desc_1760335972_68ec9864c0cc3.gif",1000,piece,M,1,in_stock,국산,,,,SS400,115,linear,Y,"SS400,SS400/A36,SHN400,SS490,SS540,SM400A,SM400B,SHN490,SM490A,SM490B,SM490YA,SM490YB",국산,SS400:0;SM570:0;SUS316:0,국산:0;중국산:-50000;일본산:100000,,,N,Y,6,10,10,10,N,30,2025-09-26 5:54,
445,i-beam,I형강,I형강,I-BEAM-600x190x13x25,600*190*13*25,"규격: 600*190*13*25, 단위중량: 133.0kg/m, 재질: SS400
/uploads/products/desc_1760335972_68ec9864c0cc3.gif",1000,piece,M,1,in_stock,국산,,,,SS400,133,linear,Y,"SS400,SS400/A36,SHN400,SS490,SS540,SM400A,SM400B,SHN490,SM490A,SM490B,SM490YA,SM490YB",국산,SS400:0;SUS304:0;SUS430:0;SCM440:0,국산:0;중국산:-50000;일본산:100000;장기재고:0;수입산:0,,,N,Y,6,10,10,10,N,50,2025-09-26 5:54,
446,i-beam,I형강,I형강,I-BEAM-600x190x16x35,600*190*16*35,"규격: 600*190*16*35, 단위중량: 176.0kg/m, 재질: SS400
/uploads/products/desc_1760335972_68ec9864c0cc3.gif",1000,piece,M,1,in_stock,,,,,SS400,176,linear,Y,"SS400,SS400/A36,SHN400,SS490,SS540,SM400A,SM400B,SHN490,SM490A,SM490B,SM490YA,SM490YB",국산,SS400:0,국산:0;중국산:-50000;일본산:100000,,,N,Y,6,10,10,10,N,35,2025-09-26 5:54,
447,h-beam,H형강,H형강 100*100*6*8,HB-100x100x6x8,,/uploads/products/desc_1760335972_68ec9864c0cc3.gif,1000,piece,kg/m,1,in_stock,국산,,,,SS400,17.2,linear,Y,SS275,"국산,중국산,일본산,베트남산,바레인산,수입산,장기재고,중고",SS400:0;SUS304:0;SUS430:0,국산:0;중국산:-50000;일본산:100000,,,N,Y,6,8,25,10,N,131,2025-09-26 6:50,
448,h-beam,H형강,H형강 125*125*6.5*9,HB-125x125x6.5x9,,/uploads/products/desc_1760335972_68ec9864c0cc3.gif,1000,piece,kg/m,1,in_stock,국산,,,,SS400,23.8,linear,Y,SS275,"국산,중국산,일본산,베트남산,바레인산,수입산,장기재고,중고",SS400:0;A36:0,국산:0;중국산:1000;일본산:100000,,,N,Y,6,8,25,10,N,55,2025-09-26 6:50,
449,h-beam,H형강,H형강 150*75*5*7,HB-150x75x5x7,,/uploads/products/desc_1760335972_68ec9864c0cc3.gif,1000,piece,kg/m,1,in_stock,,,,,SHN400,14,linear,Y,SS275,"국산,중국산,일본산,베트남산,바레인산,수입산,장기재고,중고",SS400:0;SM490:20000;SM520:30000;SM570:50000;SUS316:80000;A36:0;SHN400:10000;SHN490:25000;SS490:15000;SS540:40000;SM400A:5000;SM400B:5000;SM490A:20000;SM490B:20000;SM490YA:25000;SM490YB:25000;SWH400:10000;A572:30000,국산:0;중국산:-50000;일본산:100000,,,N,Y,6,8,25,10,N,48,2025-09-26 6:50,
450,h-beam,H형강,H형강 148*100*6*9,HB-148x100x6x9,,/uploads/products/desc_1760335972_68ec9864c0cc3.gif,1000,piece,kg/m,1,in_stock,,,,,SS490,21.1,linear,Y,SS275,"국산,중국산,일본산,베트남산,바레인산,수입산,장기재고,중고",SS400:0;SM490:20000;SM520:30000;SM570:50000;SUS316:80000;A36:0;SHN400:10000;SHN490:25000;SS490:15000;SS540:40000;SM400A:5000;SM400B:5000;SM490A:20000;SM490B:20000;SM490YA:25000;SM490YB:25000;SWH400:10000;A572:30000,국산:0;중국산:-50000;일본산:100000,,,N,Y,6,8,25,10,N,41,2025-09-26 6:50,
451,h-beam,H형강,H형강 150*150*7*10,HB-150x150x7x10,,/uploads/products/desc_1760335972_68ec9864c0cc3.gif,1000,piece,kg/m,1,in_stock,,,,,SS540,31.5,linear,Y,SS275,"국산,중국산,일본산,베트남산,바레인산,수입산,장기재고,중고",SS400:0;SM490:20000;SM520:30000;SM570:50000;SUS316:80000;A36:0;SHN400:10000;SHN490:25000;SS490:15000;SS540:40000;SM400A:5000;SM400B:5000;SM490A:20000;SM490B:20000;SM490YA:25000;SM490YB:25000;SWH400:10000;A572:30000,국산:0;중국산:-50000;일본산:100000,,,N,Y,6,8,25,10,N,55,2025-09-26 6:50,
452,h-beam,H형강,H형강 198*99*4.5*7,HB-198x99x4.5x7,,/uploads/products/desc_1760335972_68ec9864c0cc3.gif,1000,piece,kg/m,1,in_stock,,,,,SM400A,18.2,linear,Y,SS275,"국산,중국산,일본산,베트남산,바레인산,수입산,장기재고,중고",SS400:0;SM490:20000;SM520:30000;SM570:50000;SUS316:80000;A36:0;SHN400:10000;SHN490:25000;SS490:15000;SS540:40000;SM400A:5000;SM400B:5000;SM490A:20000;SM490B:20000;SM490YA:25000;SM490YB:25000;SWH400:10000;A572:30000,국산:0;중국산:-50000;일본산:100000,,,N,Y,6,8,25,10,N,29,2025-09-26 6:50,
453,h-beam,H형강,H형강 200*100*5.5*8,HB-200x100x5.5x8,,/uploads/products/desc_1760335972_68ec9864c0cc3.gif,1000,piece,kg/m,1,in_stock,,,,,SM400B,21.3,linear,Y,SS275,"국산,중국산,일본산,베트남산,바레인산,수입산,장기재고,중고",SS400:0;SM490:20000;SM520:30000;SM570:50000;SUS316:80000;A36:0;SHN400:10000;SHN490:25000;SS490:15000;SS540:40000;SM400A:5000;SM400B:5000;SM490A:20000;SM490B:20000;SM490YA:25000;SM490YB:25000;SWH400:10000;A572:30000,국산:0;중국산:-50000;일본산:100000,,,N,Y,6,8,25,10,N,60,2025-09-26 6:50,
454,h-beam,H형강,H형강 194*150*6*9,HB-194x150x6x9,,/uploads/products/desc_1760335972_68ec9864c0cc3.gif,1000,piece,kg/m,1,in_stock,,,,,SHN490,30.6,linear,Y,SS275,"국산,중국산,일본산,베트남산,바레인산,수입산,장기재고,중고",SS400:0;SM490:20000;SM520:30000;SM570:50000;SUS316:80000;A36:0;SHN400:10000;SHN490:25000;SS490:15000;SS540:40000;SM400A:5000;SM400B:5000;SM490A:20000;SM490B:20000;SM490YA:25000;SM490YB:25000;SWH400:10000;A572:30000,국산:0;중국산:-50000;일본산:100000,,,N,Y,6,8,25,10,N,35,2025-09-26 6:50,
455,h-beam,H형강,H형강 200*200*8*12,HB-200x200x8x12,,/uploads/products/desc_1760335972_68ec9864c0cc3.gif,1000,piece,kg/m,1,in_stock,,,,,SM490A,49.9,linear,Y,SS275,"국산,중국산,일본산,베트남산,바레인산,수입산,장기재고,중고",SS400:0;SM490:20000;SM520:30000;SM570:50000;SUS316:80000;A36:0;SHN400:10000;SHN490:25000;SS490:15000;SS540:40000;SM400A:5000;SM400B:5000;SM490A:20000;SM490B:20000;SM490YA:25000;SM490YB:25000;SWH400:10000;A572:30000,국산:0;중국산:-50000;일본산:100000,,,N,Y,6,8,25,10,N,74,2025-09-26 6:50,
456,h-beam,H형강,H형강 200*204*12*12,HB-200x204x12x12,,/uploads/products/desc_1760335972_68ec9864c0cc3.gif,1000,piece,kg/m,1,in_stock,,,,,SM490B,56.2,linear,Y,SS275,"국산,중국산,일본산,베트남산,바레인산,수입산,장기재고,중고",SS400:0;SM490:20000;SM520:30000;SM570:50000;SUS316:80000;A36:0;SHN400:10000;SHN490:25000;SS490:15000;SS540:40000;SM400A:5000;SM400B:5000;SM490A:20000;SM490B:20000;SM490YA:25000;SM490YB:25000;SWH400:10000;A572:30000,국산:0;중국산:-50000;일본산:100000,,,N,Y,6,8,25,10,N,57,2025-09-26 6:50,
457,h-beam,H형강,H형강 208*202*10*16,HB-208x202x10x16,,/uploads/products/desc_1760335972_68ec9864c0cc3.gif,1000,piece,kg/m,1,in_stock,,,,,SM490YA,65.7,linear,Y,SS275,"국산,중국산,일본산,베트남산,바레인산,수입산,장기재고,중고",SS400:0;SM490:20000;SM520:30000;SM570:50000;SUS316:80000;A36:0;SHN400:10000;SHN490:25000;SS490:15000;SS540:40000;SM400A:5000;SM400B:5000;SM490A:20000;SM490B:20000;SM490YA:25000;SM490YB:25000;SWH400:10000;A572:30000,국산:0;중국산:-50000;일본산:100000,,,N,Y,6,8,25,10,N,34,2025-09-26 6:50,
458,h-beam,H형강,H형강 248*124*5*8,HB-248x124x5x8,,/uploads/products/desc_1760335972_68ec9864c0cc3.gif,1000,piece,kg/m,1,in_stock,,,,,SM490YB,25.7,linear,Y,SS275,"국산,중국산,일본산,베트남산,바레인산,수입산,장기재고,중고",SS400:0;SM490:20000;SM520:30000;SM570:50000;SUS316:80000;A36:0;SHN400:10000;SHN490:25000;SS490:15000;SS540:40000;SM400A:5000;SM400B:5000;SM490A:20000;SM490B:20000;SM490YA:25000;SM490YB:25000;SWH400:10000;A572:30000,국산:0;중국산:-50000;일본산:100000,,,N,Y,6,8,25,10,N,27,2025-09-26 6:50,
459,h-beam,H형강,H형강 250*125*6*9,HB-250x125x6x9,,/uploads/products/desc_1760335972_68ec9864c0cc3.gif,1000,piece,kg/m,1,in_stock,,,,,SS400,29.6,linear,Y,SS275,"국산,중국산,일본산,베트남산,바레인산,수입산,장기재고,중고",SS400:0;SM490:20000;SM520:30000;SM570:50000;SUS316:80000;A36:0;SHN400:10000;SHN490:25000;SS490:15000;SS540:40000;SM400A:5000;SM400B:5000;SM490A:20000;SM490B:20000;SM490YA:25000;SM490YB:25000;SWH400:10000;A572:30000,국산:0;중국산:-50000;일본산:100000,,,N,Y,6,8,25,10,N,37,2025-09-26 6:50,
460,h-beam,H형강,H형강 244*175*7*11,HB-244x175x7x11,,/uploads/products/desc_1760335972_68ec9864c0cc3.gif,1000,piece,kg/m,1,in_stock,,,,,SS400,44.1,linear,Y,SS275,"국산,중국산,일본산,베트남산,바레인산,수입산,장기재고,중고",SS400:0;SM490:20000;SM520:30000;SM570:50000;SUS316:80000;A36:0;SHN400:10000;SHN490:25000;SS490:15000;SS540:40000;SM400A:5000;SM400B:5000;SM490A:20000;SM490B:20000;SM490YA:25000;SM490YB:25000;SWH400:10000;A572:30000,국산:0;중국산:-50000;일본산:100000,,,N,Y,6,8,25,10,N,39,2025-09-26 6:50,
461,h-beam,H형강,H형강 244*252*11*11,HB-244x252x11x11,,/uploads/products/desc_1760335972_68ec9864c0cc3.gif,1000,piece,kg/m,1,in_stock,,,,,SS400,64.4,linear,Y,SS275,"국산,중국산,일본산,베트남산,바레인산,수입산,장기재고,중고",SS400:0;SM490:20000;SM520:30000;SM570:50000;SUS316:80000;A36:0;SHN400:10000;SHN490:25000;SS490:15000;SS540:40000;SM400A:5000;SM400B:5000;SM490A:20000;SM490B:20000;SM490YA:25000;SM490YB:25000;SWH400:10000;A572:30000,국산:0;중국산:-50000;일본산:100000,,,N,Y,6,8,25,10,N,21,2025-09-26 6:50,
462,h-beam,H형강,H형강 248*249*8*13,HB-248x249x8x13,,/uploads/products/desc_1760335972_68ec9864c0cc3.gif,1000,piece,kg/m,1,in_stock,,,,,SS400,66.5,linear,Y,SS275,"국산,중국산,일본산,베트남산,바레인산,수입산,장기재고,중고",SS400:0;SM490:20000;SM520:30000;SM570:50000;SUS316:80000;A36:0;SHN400:10000;SHN490:25000;SS490:15000;SS540:40000;SM400A:5000;SM400B:5000;SM490A:20000;SM490B:20000;SM490YA:25000;SM490YB:25000;SWH400:10000;A572:30000,국산:0;중국산:-50000;일본산:100000,,,N,Y,6,8,25,10,N,23,2025-09-26 6:50,
463,h-beam,H형강,H형강 250*250*9*14,HB-250x250x9x14,,/uploads/products/desc_1760335972_68ec9864c0cc3.gif,1000,piece,kg/m,1,in_stock,,,,,SS400,72.4,linear,Y,SS275,"국산,중국산,일본산,베트남산,바레인산,수입산,장기재고,중고",SS400:0;SM490:20000;SM520:30000;SM570:50000;SUS316:80000;A36:0;SHN400:10000;SHN490:25000;SS490:15000;SS540:40000;SM400A:5000;SM400B:5000;SM490A:20000;SM490B:20000;SM490YA:25000;SM490YB:25000;SWH400:10000;A572:30000,국산:0;중국산:-50000;일본산:100000,,,N,Y,6,8,25,10,N,80,2025-09-26 6:50,
464,h-beam,H형강,H형강 250*255*14*14,HB-250x255x14x14,,/uploads/products/desc_1760335972_68ec9864c0cc3.gif,1000,piece,kg/m,1,in_stock,,,,,SS400,82.2,linear,Y,SS275,"국산,중국산,일본산,베트남산,바레인산,수입산,장기재고,중고",SS400:0;SM490:20000;SM520:30000;SM570:50000;SUS316:80000;A36:0;SHN400:10000;SHN490:25000;SS490:15000;SS540:40000;SM400A:5000;SM400B:5000;SM490A:20000;SM490B:20000;SM490YA:25000;SM490YB:25000;SWH400:10000;A572:30000,국산:0;중국산:-50000;일본산:100000,,,N,Y,6,8,25,10,N,27,2025-09-26 6:50,
465,h-beam,H형강,H형강 298*149*5.5*8,HB-298x149x5.5x8,,/uploads/products/desc_1760335972_68ec9864c0cc3.gif,1000,piece,kg/m,1,in_stock,,,,,SS400,32,linear,Y,SS275,"국산,중국산,일본산,베트남산,바레인산,수입산,장기재고,중고",SS400:0;SM490:20000;SM520:30000;SM570:50000;SUS316:80000;A36:0;SHN400:10000;SHN490:25000;SS490:15000;SS540:40000;SM400A:5000;SM400B:5000;SM490A:20000;SM490B:20000;SM490YA:25000;SM490YB:25000;SWH400:10000;A572:30000,국산:0;중국산:-50000;일본산:100000,,,N,Y,6,8,25,10,N,33,2025-09-26 6:50,
466,h-beam,H형강,H형강 300*150*6.5*9,HB-300x150x6.5x9,,/uploads/products/desc_1760335972_68ec9864c0cc3.gif,1000,piece,kg/m,1,in_stock,,,,,SS400,36.7,linear,Y,SS275,"국산,중국산,일본산,베트남산,바레인산,수입산,장기재고,중고",SS400:0;SM490:20000;SM520:30000;SM570:50000;SUS316:80000;A36:0;SHN400:10000;SHN490:25000;SS490:15000;SS540:40000;SM400A:5000;SM400B:5000;SM490A:20000;SM490B:20000;SM490YA:25000;SM490YB:25000;SWH400:10000;A572:30000,국산:0;중국산:-50000;일본산:100000,,,N,Y,6,8,25,10,N,49,2025-09-26 6:50,
467,h-beam,H형강,H형강 294*200*8*12,HB-294x200x8x12,,/uploads/products/desc_1760335972_68ec9864c0cc3.gif,1000,piece,kg/m,1,in_stock,,,,,SS400,56.8,linear,Y,SS275,"국산,중국산,일본산,베트남산,바레인산,수입산,장기재고,중고",SS400:0;SM490:20000;SM520:30000;SM570:50000;SUS316:80000;A36:0;SHN400:10000;SHN490:25000;SS490:15000;SS540:40000;SM400A:5000;SM400B:5000;SM490A:20000;SM490B:20000;SM490YA:25000;SM490YB:25000;SWH400:10000;A572:30000,국산:0;중국산:-50000;일본산:100000,,,N,Y,6,8,25,10,N,42,2025-09-26 6:50,
468,h-beam,H형강,H형강 298*201*9*14,HB-298x201x9x14,,/uploads/products/desc_1760335972_68ec9864c0cc3.gif,1000,piece,kg/m,1,in_stock,,,,,SS400,65.4,linear,Y,SS275,"국산,중국산,일본산,베트남산,바레인산,수입산,장기재고,중고",SS400:0;SM490:20000;SM520:30000;SM570:50000;SUS316:80000;A36:0;SHN400:10000;SHN490:25000;SS490:15000;SS540:40000;SM400A:5000;SM400B:5000;SM490A:20000;SM490B:20000;SM490YA:25000;SM490YB:25000;SWH400:10000;A572:30000,국산:0;중국산:-50000;일본산:100000,,,N,Y,6,8,25,10,N,25,2025-09-26 6:50,
469,h-beam,H형강,H형강 294*302*12*12,HB-294x302x12x12,,/uploads/products/desc_1760335972_68ec9864c0cc3.gif,1000,piece,kg/m,1,in_stock,,,,,SS400,84.5,linear,Y,SS275,"국산,중국산,일본산,베트남산,바레인산,수입산,장기재고,중고",SS400:0;SM490:20000;SM520:30000;SM570:50000;SUS316:80000;A36:0;SHN400:10000;SHN490:25000;SS490:15000;SS540:40000;SM400A:5000;SM400B:5000;SM490A:20000;SM490B:20000;SM490YA:25000;SM490YB:25000;SWH400:10000;A572:30000,국산:0;중국산:-50000;일본산:100000,,,N,Y,6,8,25,10,N,27,2025-09-26 6:50,
470,h-beam,H형강,H형강 298*299*9*14,HB-298x299x9x14,,/uploads/products/desc_1760335972_68ec9864c0cc3.gif,1000,piece,kg/m,1,in_stock,,,,,SS400,87,linear,Y,SS275,"국산,중국산,일본산,베트남산,바레인산,수입산,장기재고,중고",SS400:0;SM490:20000;SM520:30000;SM570:50000;SUS316:80000;A36:0;SHN400:10000;SHN490:25000;SS490:15000;SS540:40000;SM400A:5000;SM400B:5000;SM490A:20000;SM490B:20000;SM490YA:25000;SM490YB:25000;SWH400:10000;A572:30000,국산:0;중국산:-50000;일본산:100000,,,N,Y,6,8,25,10,N,23,2025-09-26 6:50,
471,h-beam,H형강,H형강 300*300*10*15,HB-300x300x10x15,,/uploads/products/desc_1760335972_68ec9864c0cc3.gif,1000,piece,kg/m,1,in_stock,,,,,SS400,94,linear,Y,SS275,"국산,중국산,일본산,베트남산,바레인산,수입산,장기재고,중고",SS400:0;SM490:20000;SM520:30000;SM570:50000;SUS316:80000;A36:0;SHN400:10000;SHN490:25000;SS490:15000;SS540:40000;SM400A:5000;SM400B:5000;SM490A:20000;SM490B:20000;SM490YA:25000;SM490YB:25000;SWH400:10000;A572:30000,국산:0;중국산:-50000;일본산:100000,,,N,Y,6,8,25,10,N,85,2025-09-26 6:50,
472,h-beam,H형강,H형강 300*305*15*15,HB-300x305x15x15,,/uploads/products/desc_1760335972_68ec9864c0cc3.gif,1000,piece,kg/m,1,in_stock,,,,,SS400,106,linear,Y,SS275,"국산,중국산,일본산,베트남산,바레인산,수입산,장기재고,중고",SS400:0;SM490:20000;SM520:30000;SM570:50000;SUS316:80000;A36:0;SHN400:10000;SHN490:25000;SS490:15000;SS540:40000;SM400A:5000;SM400B:5000;SM490A:20000;SM490B:20000;SM490YA:25000;SM490YB:25000;SWH400:10000;A572:30000,국산:0;중국산:-50000;일본산:100000,,,N,Y,6,8,25,10,N,25,2025-09-26 6:50,
473,h-beam,H형강,H형강 304*301*11*17,HB-304x301x11x17,,/uploads/products/desc_1760335972_68ec9864c0cc3.gif,1000,piece,kg/m,1,in_stock,,,,,SS400,106,linear,Y,SS275,"국산,중국산,일본산,베트남산,바레인산,수입산,장기재고,중고",SS400:0;SM490:20000;SM520:30000;SM570:50000;SUS316:80000;A36:0;SHN400:10000;SHN490:25000;SS490:15000;SS540:40000;SM400A:5000;SM400B:5000;SM490A:20000;SM490B:20000;SM490YA:25000;SM490YB:25000;SWH400:10000;A572:30000,국산:0;중국산:-50000;일본산:100000,,,N,Y,6,8,25,10,N,20,2025-09-26 6:50,
474,h-beam,H형강,H형강 310*305*15*20,HB-310x305x15x20,,/uploads/products/desc_1760335972_68ec9864c0cc3.gif,1000,piece,kg/m,1,in_stock,,,,,SS400,130,linear,Y,SS275,"국산,중국산,일본산,베트남산,바레인산,수입산,장기재고,중고",SS400:0;SM490:20000;SM520:30000;SM570:50000;SUS316:80000;A36:0;SHN400:10000;SHN490:25000;SS490:15000;SS540:40000;SM400A:5000;SM400B:5000;SM490A:20000;SM490B:20000;SM490YA:25000;SM490YB:25000;SWH400:10000;A572:30000,국산:0;중국산:-50000;일본산:100000,,,N,Y,6,8,25,10,N,23,2025-09-26 6:50,
475,h-beam,H형강,H형강 310*310*20*20,HB-310x310x20x20,,/uploads/products/desc_1760335972_68ec9864c0cc3.gif,1000,piece,kg/m,1,in_stock,,,,,SS400,142,linear,Y,SS275,"국산,중국산,일본산,베트남산,바레인산,수입산,장기재고,중고",SS400:0;SM490:20000;SM520:30000;SM570:50000;SUS316:80000;A36:0;SHN400:10000;SHN490:25000;SS490:15000;SS540:40000;SM400A:5000;SM400B:5000;SM490A:20000;SM490B:20000;SM490YA:25000;SM490YB:25000;SWH400:10000;A572:30000,국산:0;중국산:-50000;일본산:100000,,,N,Y,6,8,25,10,N,29,2025-09-26 6:50,
476,h-beam,H형강,H형강 346*174*6*9,HB-346x174x6x9,,/uploads/products/desc_1760335972_68ec9864c0cc3.gif,1000,piece,kg/m,1,in_stock,,,,,SS400,41.4,linear,Y,SS275,"국산,중국산,일본산,베트남산,바레인산,수입산,장기재고,중고",SS400:0;SM490:20000;SM520:30000;SM570:50000;SUS316:80000;A36:0;SHN400:10000;SHN490:25000;SS490:15000;SS540:40000;SM400A:5000;SM400B:5000;SM490A:20000;SM490B:20000;SM490YA:25000;SM490YB:25000;SWH400:10000;A572:30000,국산:0;중국산:-50000;일본산:100000,,,N,Y,6,8,25,10,N,23,2025-09-26 6:50,
477,h-beam,H형강,H형강 350*175*7*11,HB-350x175x7x11,,/uploads/products/desc_1760335972_68ec9864c0cc3.gif,1000,piece,kg/m,1,in_stock,,,,,SS400,49.6,linear,Y,SS275,"국산,중국산,일본산,베트남산,바레인산,수입산,장기재고,중고",SS400:0;SM490:20000;SM520:30000;SM570:50000;SUS316:80000;A36:0;SHN400:10000;SHN490:25000;SS490:15000;SS540:40000;SM400A:5000;SM400B:5000;SM490A:20000;SM490B:20000;SM490YA:25000;SM490YB:25000;SWH400:10000;A572:30000,국산:0;중국산:-50000;일본산:100000,,,N,Y,6,8,25,10,N,42,2025-09-26 6:50,
478,h-beam,H형강,H형강 354*176*8*13,HB-354x176x8x13,,/uploads/products/desc_1760335972_68ec9864c0cc3.gif,1000,piece,kg/m,1,in_stock,,,,,SS400,57.8,linear,Y,SS275,"국산,중국산,일본산,베트남산,바레인산,수입산,장기재고,중고",SS400:0;SM490:20000;SM520:30000;SM570:50000;SUS316:80000;A36:0;SHN400:10000;SHN490:25000;SS490:15000;SS540:40000;SM400A:5000;SM400B:5000;SM490A:20000;SM490B:20000;SM490YA:25000;SM490YB:25000;SWH400:10000;A572:30000,국산:0;중국산:-50000;일본산:100000,,,N,Y,6,8,25,10,N,16,2025-09-26 6:50,
479,h-beam,H형강,H형강 336*249*8*12,HB-336x249x8x12,,/uploads/products/desc_1760335972_68ec9864c0cc3.gif,1000,piece,kg/m,1,in_stock,,,,,SS400,69.2,linear,Y,SS275,"국산,중국산,일본산,베트남산,바레인산,수입산,장기재고,중고",SS400:0;SM490:20000;SM520:30000;SM570:50000;SUS316:80000;A36:0;SHN400:10000;SHN490:25000;SS490:15000;SS540:40000;SM400A:5000;SM400B:5000;SM490A:20000;SM490B:20000;SM490YA:25000;SM490YB:25000;SWH400:10000;A572:30000,국산:0;중국산:-50000;일본산:100000,,,N,Y,6,8,25,10,N,18,2025-09-26 6:50,
480,h-beam,H형강,H형강 340*250*9*14,HB-340x250x9x14,,/uploads/products/desc_1760335972_68ec9864c0cc3.gif,1000,piece,kg/m,1,in_stock,,,,,SS400,79.7,linear,Y,SS275,"국산,중국산,일본산,베트남산,바레인산,수입산,장기재고,중고",SS400:0;SM490:20000;SM520:30000;SM570:50000;SUS316:80000;A36:0;SHN400:10000;SHN490:25000;SS490:15000;SS540:40000;SM400A:5000;SM400B:5000;SM490A:20000;SM490B:20000;SM490YA:25000;SM490YB:25000;SWH400:10000;A572:30000,국산:0;중국산:-50000;일본산:100000,,,N,Y,6,8,25,10,N,24,2025-09-26 6:50,
481,h-beam,H형강,H형강 344*348*10*16,HB-344x348x10x16,,/uploads/products/desc_1760335972_68ec9864c0cc3.gif,1000,piece,kg/m,1,in_stock,,,,,SS400,115,linear,Y,SS275,"국산,중국산,일본산,베트남산,바레인산,수입산,장기재고,중고",SS400:0;SM490:20000;SM520:30000;SM570:50000;SUS316:80000;A36:0;SHN400:10000;SHN490:25000;SS490:15000;SS540:40000;SM400A:5000;SM400B:5000;SM490A:20000;SM490B:20000;SM490YA:25000;SM490YB:25000;SWH400:10000;A572:30000,국산:0;중국산:-50000;일본산:100000,,,N,Y,6,8,25,10,N,21,2025-09-26 6:50,
482,h-beam,H형강,H형강 344*354*16*16,HB-344x354x16x16,,/uploads/products/desc_1760335972_68ec9864c0cc3.gif,1000,piece,kg/m,1,in_stock,,,,,SS400,131,linear,Y,SS275,"국산,중국산,일본산,베트남산,바레인산,수입산,장기재고,중고",SS400:0;SM490:20000;SM520:30000;SM570:50000;SUS316:80000;A36:0;SHN400:10000;SHN490:25000;SS490:15000;SS540:40000;SM400A:5000;SM400B:5000;SM490A:20000;SM490B:20000;SM490YA:25000;SM490YB:25000;SWH400:10000;A572:30000,국산:0;중국산:-50000;일본산:100000,,,N,Y,6,8,25,10,N,19,2025-09-26 6:50,
483,h-beam,H형강,H형강 350*350*12*19,HB-350x350x12x19,,/uploads/products/desc_1760335972_68ec9864c0cc3.gif,1000,piece,kg/m,1,in_stock,,,,,SS400,137,linear,Y,SS275,"국산,중국산,일본산,베트남산,바레인산,수입산,장기재고,중고",SS400:0;SM490:20000;SM520:30000;SM570:50000;SUS316:80000;A36:0;SHN400:10000;SHN490:25000;SS490:15000;SS540:40000;SM400A:5000;SM400B:5000;SM490A:20000;SM490B:20000;SM490YA:25000;SM490YB:25000;SWH400:10000;A572:30000,국산:0;중국산:-50000;일본산:100000,,,N,Y,6,8,25,10,N,36,2025-09-26 6:50,
484,h-beam,H형강,H형강 350*357*19*19,HB-350x357x19x19,,/uploads/products/desc_1760335972_68ec9864c0cc3.gif,1000,piece,kg/m,1,in_stock,,,,,SS400,156,linear,Y,SS275,"국산,중국산,일본산,베트남산,바레인산,수입산,장기재고,중고",SS400:0;SM490:20000;SM520:30000;SM570:50000;SUS316:80000;A36:0;SHN400:10000;SHN490:25000;SS490:15000;SS540:40000;SM400A:5000;SM400B:5000;SM490A:20000;SM490B:20000;SM490YA:25000;SM490YB:25000;SWH400:10000;A572:30000,국산:0;중국산:-50000;일본산:100000,,,N,Y,6,8,25,10,N,27,2025-09-26 6:50,
485,h-beam,H형강,H형강 396*199*7*11,HB-396x199x7x11,,/uploads/products/desc_1760335972_68ec9864c0cc3.gif,1000,piece,kg/m,1,in_stock,,,,,SS400,56.6,linear,Y,SS275,"국산,중국산,일본산,베트남산,바레인산,수입산,장기재고,중고",SS400:0;SM490:20000;SM520:30000;SM570:50000;SUS316:80000;A36:0;SHN400:10000;SHN490:25000;SS490:15000;SS540:40000;SM400A:5000;SM400B:5000;SM490A:20000;SM490B:20000;SM490YA:25000;SM490YB:25000;SWH400:10000;A572:30000,국산:0;중국산:-50000;일본산:100000,,,N,Y,6,8,25,10,N,21,2025-09-26 6:50,
486,h-beam,H형강,H형강 400*200*8*13,HB-400x200x8x13,,/uploads/products/desc_1760335972_68ec9864c0cc3.gif,1000,piece,kg/m,1,in_stock,,,,,SS400,66,linear,Y,SS275,"국산,중국산,일본산,베트남산,바레인산,수입산,장기재고,중고",SS400:0;SM490:20000;SM520:30000;SM570:50000;SUS316:80000;A36:0;SHN400:10000;SHN490:25000;SS490:15000;SS540:40000;SM400A:5000;SM400B:5000;SM490A:20000;SM490B:20000;SM490YA:25000;SM490YB:25000;SWH400:10000;A572:30000,국산:0;중국산:-50000;일본산:100000,,,N,Y,6,8,25,10,N,39,2025-09-26 6:50,
487,h-beam,H형강,H형강 404*201*9*15,HB-404x201x9x15,,/uploads/products/desc_1760335972_68ec9864c0cc3.gif,1000,piece,kg/m,1,in_stock,,,,,SS400,75.5,linear,Y,SS275,"국산,중국산,일본산,베트남산,바레인산,수입산,장기재고,중고",SS400:0;SM490:20000;SM520:30000;SM570:50000;SUS316:80000;A36:0;SHN400:10000;SHN490:25000;SS490:15000;SS540:40000;SM400A:5000;SM400B:5000;SM490A:20000;SM490B:20000;SM490YA:25000;SM490YB:25000;SWH400:10000;A572:30000,국산:0;중국산:-50000;일본산:100000,,,N,Y,6,8,25,10,N,20,2025-09-26 6:50,
488,h-beam,H형강,H형강 386*299*9*14,HB-386x299x9x14,,/uploads/products/desc_1760335972_68ec9864c0cc3.gif,1000,piece,kg/m,1,in_stock,,,,,SS400,94.3,linear,Y,SS275,"국산,중국산,일본산,베트남산,바레인산,수입산,장기재고,중고",SS400:0;SM490:20000;SM520:30000;SM570:50000;SUS316:80000;A36:0;SHN400:10000;SHN490:25000;SS490:15000;SS540:40000;SM400A:5000;SM400B:5000;SM490A:20000;SM490B:20000;SM490YA:25000;SM490YB:25000;SWH400:10000;A572:30000,국산:0;중국산:-50000;일본산:100000,,,N,Y,6,8,25,10,N,19,2025-09-26 6:50,
489,h-beam,H형강,H형강 390*300*10*16,HB-390x300x10x16,,/uploads/products/desc_1760335972_68ec9864c0cc3.gif,1000,piece,kg/m,1,in_stock,,,,,SS400,107,linear,Y,SS275,"국산,중국산,일본산,베트남산,바레인산,수입산,장기재고,중고",SS400:0;SM490:20000;SM520:30000;SM570:50000;SUS316:80000;A36:0;SHN400:10000;SHN490:25000;SS490:15000;SS540:40000;SM400A:5000;SM400B:5000;SM490A:20000;SM490B:20000;SM490YA:25000;SM490YB:25000;SWH400:10000;A572:30000,국산:0;중국산:-50000;일본산:100000,,,N,Y,6,8,25,10,N,41,2025-09-26 6:50,
490,h-beam,H형강,H형강 388*402*15*15,HB-388x402x15x15,,/uploads/products/desc_1760335972_68ec9864c0cc3.gif,1000,piece,kg/m,1,in_stock,,,,,SS400,140,linear,Y,SS275,"국산,중국산,일본산,베트남산,바레인산,수입산,장기재고,중고",SS400:0;SM490:20000;SM520:30000;SM570:50000;SUS316:80000;A36:0;SHN400:10000;SHN490:25000;SS490:15000;SS540:40000;SM400A:5000;SM400B:5000;SM490A:20000;SM490B:20000;SM490YA:25000;SM490YB:25000;SWH400:10000;A572:30000,국산:0;중국산:-50000;일본산:100000,,,N,Y,6,8,25,10,N,18,2025-09-26 6:50,
491,h-beam,H형강,H형강 394*398*11*18,HB-394x398x11x18,,/uploads/products/desc_1760335972_68ec9864c0cc3.gif,1000,piece,kg/m,1,in_stock,,,,,SS400,147,linear,Y,SS275,"국산,중국산,일본산,베트남산,바레인산,수입산,장기재고,중고",SS400:0;SM490:20000;SM520:30000;SM570:50000;SUS316:80000;A36:0;SHN400:10000;SHN490:25000;SS490:15000;SS540:40000;SM400A:5000;SM400B:5000;SM490A:20000;SM490B:20000;SM490YA:25000;SM490YB:25000;SWH400:10000;A572:30000,국산:0;중국산:-50000;일본산:100000,,,N,Y,6,8,25,10,N,24,2025-09-26 6:50,
492,h-beam,H형강,H형강 394*405*18*18,HB-394x405x18x18,,/uploads/products/desc_1760335972_68ec9864c0cc3.gif,1000,piece,kg/m,1,in_stock,,,,,SS400,168,linear,Y,SS275,"국산,중국산,일본산,베트남산,바레인산,수입산,장기재고,중고",SS400:0;SM490:20000;SM520:30000;SM570:50000;SUS316:80000;A36:0;SHN400:10000;SHN490:25000;SS490:15000;SS540:40000;SM400A:5000;SM400B:5000;SM490A:20000;SM490B:20000;SM490YA:25000;SM490YB:25000;SWH400:10000;A572:30000,국산:0;중국산:-50000;일본산:100000,,,N,Y,6,8,25,10,N,19,2025-09-26 6:50,
493,h-beam,H형강,H형강 400*400*13*21,HB-400x400x13x21,,/uploads/products/desc_1760335972_68ec9864c0cc3.gif,1000,piece,kg/m,1,in_stock,,,,,SS400,172,linear,Y,SS275,"국산,중국산,일본산,베트남산,바레인산,수입산,장기재고,중고",SS400:0;SM490:20000;SM520:30000;SM570:50000;SUS316:80000;A36:0;SHN400:10000;SHN490:25000;SS490:15000;SS540:40000;SM400A:5000;SM400B:5000;SM490A:20000;SM490B:20000;SM490YA:25000;SM490YB:25000;SWH400:10000;A572:30000,국산:0;중국산:-50000;일본산:100000,,,N,Y,6,8,25,10,N,48,2025-09-26 6:50,
494,h-beam,H형강,H형강 400*408*21*21,HB-400x408x21x21,,/uploads/products/desc_1760335972_68ec9864c0cc3.gif,1000,piece,kg/m,1,in_stock,,,,,SS400,197,linear,Y,SS275,"국산,중국산,일본산,베트남산,바레인산,수입산,장기재고,중고",SS400:0;SM490:20000;SM520:30000;SM570:50000;SUS316:80000;A36:0;SHN400:10000;SHN490:25000;SS490:15000;SS540:40000;SM400A:5000;SM400B:5000;SM490A:20000;SM490B:20000;SM490YA:25000;SM490YB:25000;SWH400:10000;A572:30000,국산:0;중국산:-50000;일본산:100000,,,N,Y,6,8,25,10,N,20,2025-09-26 6:50,
495,h-beam,H형강,H형강 406*403*16*24,HB-406x403x16x24,,/uploads/products/desc_1760335972_68ec9864c0cc3.gif,1000,piece,kg/m,1,in_stock,,,,,SS400,200,linear,Y,SS275,"국산,중국산,일본산,베트남산,바레인산,수입산,장기재고,중고",SS400:0;SM490:20000;SM520:30000;SM570:50000;SUS316:80000;A36:0;SHN400:10000;SHN490:25000;SS490:15000;SS540:40000;SM400A:5000;SM400B:5000;SM490A:20000;SM490B:20000;SM490YA:25000;SM490YB:25000;SWH400:10000;A572:30000,국산:0;중국산:-50000;일본산:100000,,,N,Y,6,8,25,10,N,21,2025-09-26 6:50,
496,h-beam,H형강,H형강 414*405*18*28,HB-414x405x18x28,,/uploads/products/desc_1760335972_68ec9864c0cc3.gif,1000,piece,kg/m,1,in_stock,,,,,SS400,232,linear,Y,SS275,"국산,중국산,일본산,베트남산,바레인산,수입산,장기재고,중고",SS400:0;SM490:20000;SM520:30000;SM570:50000;SUS316:80000;A36:0;SHN400:10000;SHN490:25000;SS490:15000;SS540:40000;SM400A:5000;SM400B:5000;SM490A:20000;SM490B:20000;SM490YA:25000;SM490YB:25000;SWH400:10000;A572:30000,국산:0;중국산:-50000;일본산:100000,,,N,Y,6,8,25,10,N,29,2025-09-26 6:50,
497,h-beam,H형강,H형강 428*407*20*35,HB-428x407x20x35,,/uploads/products/desc_1760335972_68ec9864c0cc3.gif,1000,piece,kg/m,1,in_stock,,,,,SS400,283,linear,Y,SS275,"국산,중국산,일본산,베트남산,바레인산,수입산,장기재고,중고",SS400:0;SM490:20000;SM520:30000;SM570:50000;SUS316:80000;A36:0;SHN400:10000;SHN490:25000;SS490:15000;SS540:40000;SM400A:5000;SM400B:5000;SM490A:20000;SM490B:20000;SM490YA:25000;SM490YB:25000;SWH400:10000;A572:30000,국산:0;중국산:-50000;일본산:100000,,,N,Y,6,8,25,10,N,31,2025-09-26 6:50,
498,h-beam,H형강,H형강 458*417*30*50,HB-458x417x30x50,,/uploads/products/desc_1760335972_68ec9864c0cc3.gif,1000,piece,kg/m,1,in_stock,,,,,SS400,415,linear,Y,SS275,"국산,중국산,일본산,베트남산,바레인산,수입산,장기재고,중고",SS400:0;SM490:20000;SM520:30000;SM570:50000;SUS316:80000;A36:0;SHN400:10000;SHN490:25000;SS490:15000;SS540:40000;SM400A:5000;SM400B:5000;SM490A:20000;SM490B:20000;SM490YA:25000;SM490YB:25000;SWH400:10000;A572:30000,국산:0;중국산:-50000;일본산:100000,,,N,Y,6,8,25,10,N,24,2025-09-26 6:50,
499,h-beam,H형강,H형강 498*432*45*70,HB-498x432x45x70,,/uploads/products/desc_1760335972_68ec9864c0cc3.gif,1000,piece,kg/m,1,in_stock,,,,,SS400,605,linear,Y,SS275,"국산,중국산,일본산,베트남산,바레인산,수입산,장기재고,중고",SS400:0;SM490:20000;SM520:30000;SM570:50000;SUS316:80000;A36:0;SHN400:10000;SHN490:25000;SS490:15000;SS540:40000;SM400A:5000;SM400B:5000;SM490A:20000;SM490B:20000;SM490YA:25000;SM490YB:25000;SWH400:10000;A572:30000,국산:0;중국산:-50000;일본산:100000,,,N,Y,6,8,25,10,N,27,2025-09-26 6:50,
500,h-beam,H형강,H형강 446*199*8*12,HB-446x199x8x12,,/uploads/products/desc_1760335972_68ec9864c0cc3.gif,1000,piece,kg/m,1,in_stock,,,,,SS400,66.2,linear,Y,SS275,"국산,중국산,일본산,베트남산,바레인산,수입산,장기재고,중고",SS400:0;SM490:20000;SM520:30000;SM570:50000;SUS316:80000;A36:0;SHN400:10000;SHN490:25000;SS490:15000;SS540:40000;SM400A:5000;SM400B:5000;SM490A:20000;SM490B:20000;SM490YA:25000;SM490YB:25000;SWH400:10000;A572:30000,국산:0;중국산:-50000;일본산:100000,,,N,Y,6,8,25,10,N,15,2025-09-26 6:50,
501,h-beam,H형강,H형강 450*200*9*14,HB-450x200x9x14,,/uploads/products/desc_1760335972_68ec9864c0cc3.gif,1000,piece,kg/m,1,in_stock,,,,,SS400,76,linear,Y,SS275,"국산,중국산,일본산,베트남산,바레인산,수입산,장기재고,중고",SS400:0;SM490:20000;SM520:30000;SM570:50000;SUS316:80000;A36:0;SHN400:10000;SHN490:25000;SS490:15000;SS540:40000;SM400A:5000;SM400B:5000;SM490A:20000;SM490B:20000;SM490YA:25000;SM490YB:25000;SWH400:10000;A572:30000,국산:0;중국산:-50000;일본산:100000,,,N,Y,6,8,25,10,N,21,2025-09-26 6:50,
502,h-beam,H형강,H형강 434*299*10*15,HB-434x299x10x15,,/uploads/products/desc_1760335972_68ec9864c0cc3.gif,1000,piece,kg/m,1,in_stock,,,,,SS400,106,linear,Y,SS275,"국산,중국산,일본산,베트남산,바레인산,수입산,장기재고,중고",SS400:0;SM490:20000;SM520:30000;SM570:50000;SUS316:80000;A36:0;SHN400:10000;SHN490:25000;SS490:15000;SS540:40000;SM400A:5000;SM400B:5000;SM490A:20000;SM490B:20000;SM490YA:25000;SM490YB:25000;SWH400:10000;A572:30000,국산:0;중국산:-50000;일본산:100000,,,N,Y,6,8,25,10,N,18,2025-09-26 6:50,
503,h-beam,H형강,H형강 440*300*11*18,HB-440x300x11x18,,/uploads/products/desc_1760335972_68ec9864c0cc3.gif,1000,piece,kg/m,1,in_stock,,,,,SS400,124,linear,Y,SS275,"국산,중국산,일본산,베트남산,바레인산,수입산,장기재고,중고",SS400:0;SM490:20000;SM520:30000;SM570:50000;SUS316:80000;A36:0;SHN400:10000;SHN490:25000;SS490:15000;SS540:40000;SM400A:5000;SM400B:5000;SM490A:20000;SM490B:20000;SM490YA:25000;SM490YB:25000;SWH400:10000;A572:30000,국산:0;중국산:-50000;일본산:100000,,,N,Y,6,8,25,10,N,29,2025-09-26 6:50,
504,h-beam,H형강,H형강 496*199*9*14,HB-496x199x9x14,,/uploads/products/desc_1760335972_68ec9864c0cc3.gif,1000,piece,kg/m,1,in_stock,,,,,SS400,79.5,linear,Y,SS275,"국산,중국산,일본산,베트남산,바레인산,수입산,장기재고,중고",SS400:0;SM490:20000;SM520:30000;SM570:50000;SUS316:80000;A36:0;SHN400:10000;SHN490:25000;SS490:15000;SS540:40000;SM400A:5000;SM400B:5000;SM490A:20000;SM490B:20000;SM490YA:25000;SM490YB:25000;SWH400:10000;A572:30000,국산:0;중국산:-50000;일본산:100000,,,N,Y,6,8,25,10,N,18,2025-09-26 6:50,
505,h-beam,H형강,H형강 500*200*10*16,HB-500x200x10x16,,/uploads/products/desc_1760335972_68ec9864c0cc3.gif,1000,piece,kg/m,1,in_stock,,,,,SS400,89.6,linear,Y,SS275,"국산,중국산,일본산,베트남산,바레인산,수입산,장기재고,중고",SS400:0;SM490:20000;SM520:30000;SM570:50000;SUS316:80000;A36:0;SHN400:10000;SHN490:25000;SS490:15000;SS540:40000;SM400A:5000;SM400B:5000;SM490A:20000;SM490B:20000;SM490YA:25000;SM490YB:25000;SWH400:10000;A572:30000,국산:0;중국산:-50000;일본산:100000,,,N,Y,6,8,25,10,N,36,2025-09-26 6:50,
506,h-beam,H형강,H형강 506*201*11*19,HB-506x201x11x19,,/uploads/products/desc_1760335972_68ec9864c0cc3.gif,1000,piece,kg/m,1,in_stock,,,,,SS400,103,linear,Y,SS275,"국산,중국산,일본산,베트남산,바레인산,수입산,장기재고,중고",SS400:0;SM490:20000;SM520:30000;SM570:50000;SUS316:80000;A36:0;SHN400:10000;SHN490:25000;SS490:15000;SS540:40000;SM400A:5000;SM400B:5000;SM490A:20000;SM490B:20000;SM490YA:25000;SM490YB:25000;SWH400:10000;A572:30000,국산:0;중국산:-50000;일본산:100000,,,N,Y,6,8,25,10,N,19,2025-09-26 6:50,
507,h-beam,H형강,H형강 482*300*11*15,HB-482x300x11x15,,/uploads/products/desc_1760335972_68ec9864c0cc3.gif,1000,piece,kg/m,1,in_stock,,,,,SS400,114,linear,Y,SS275,"국산,중국산,일본산,베트남산,바레인산,수입산,장기재고,중고",SS400:0;SM490:20000;SM520:30000;SM570:50000;SUS316:80000;A36:0;SHN400:10000;SHN490:25000;SS490:15000;SS540:40000;SM400A:5000;SM400B:5000;SM490A:20000;SM490B:20000;SM490YA:25000;SM490YB:25000;SWH400:10000;A572:30000,국산:0;중국산:-50000;일본산:100000,,,N,Y,6,8,25,10,N,19,2025-09-26 6:50,
508,h-beam,H형강,H형강 488*300*11*18,HB-488x300x11x18,,/uploads/products/desc_1760335972_68ec9864c0cc3.gif,1000,piece,kg/m,1,in_stock,,,,,SS400,128,linear,Y,SS275,"국산,중국산,일본산,베트남산,바레인산,수입산,장기재고,중고",SS400:0;SM490:20000;SM520:30000;SM570:50000;SUS316:80000;A36:0;SHN400:10000;SHN490:25000;SS490:15000;SS540:40000;SM400A:5000;SM400B:5000;SM490A:20000;SM490B:20000;SM490YA:25000;SM490YB:25000;SWH400:10000;A572:30000,국산:0;중국산:-50000;일본산:100000,,,N,Y,6,8,25,10,N,26,2025-09-26 6:50,
509,h-beam,H형강,H형강 596*199*10*15,HB-596x199x10x15,,/uploads/products/desc_1760335972_68ec9864c0cc3.gif,1000,piece,kg/m,1,in_stock,,,,,SS400,94.6,linear,Y,SS275,"국산,중국산,일본산,베트남산,바레인산,수입산,장기재고,중고",SS400:0;SM490:20000;SM520:30000;SM570:50000;SUS316:80000;A36:0;SHN400:10000;SHN490:25000;SS490:15000;SS540:40000;SM400A:5000;SM400B:5000;SM490A:20000;SM490B:20000;SM490YA:25000;SM490YB:25000;SWH400:10000;A572:30000,국산:0;중국산:-50000;일본산:100000,,,N,Y,6,8,25,10,N,21,2025-09-26 6:50,
510,h-beam,H형강,H형강 600*200*11*17,HB-600x200x11x17,,/uploads/products/desc_1760335972_68ec9864c0cc3.gif,1000,piece,kg/m,1,in_stock,,,,,SS400,106,linear,Y,SS275,"국산,중국산,일본산,베트남산,바레인산,수입산,장기재고,중고",SS400:0;SM490:20000;SM520:30000;SM570:50000;SUS316:80000;A36:0;SHN400:10000;SHN490:25000;SS490:15000;SS540:40000;SM400A:5000;SM400B:5000;SM490A:20000;SM490B:20000;SM490YA:25000;SM490YB:25000;SWH400:10000;A572:30000,국산:0;중국산:-50000;일본산:100000,,,N,Y,6,8,25,10,N,22,2025-09-26 6:50,
511,h-beam,H형강,H형강 606*201*12*20,HB-606x201x12x20,,/uploads/products/desc_1760335972_68ec9864c0cc3.gif,1000,piece,kg/m,1,in_stock,,,,,SS400,120,linear,Y,SS275,"국산,중국산,일본산,베트남산,바레인산,수입산,장기재고,중고",SS400:0;SM490:20000;SM520:30000;SM570:50000;SUS316:80000;A36:0;SHN400:10000;SHN490:25000;SS490:15000;SS540:40000;SM400A:5000;SM400B:5000;SM490A:20000;SM490B:20000;SM490YA:25000;SM490YB:25000;SWH400:10000;A572:30000,국산:0;중국산:-50000;일본산:100000,,,N,Y,6,8,25,10,N,20,2025-09-26 6:50,
512,h-beam,H형강,H형강 612*202*13*23,HB-612x202x13x23,,/uploads/products/desc_1760335972_68ec9864c0cc3.gif,1000,piece,kg/m,1,in_stock,,,,,SS400,134,linear,Y,SS275,"국산,중국산,일본산,베트남산,바레인산,수입산,장기재고,중고",SS400:0;SM490:20000;SM520:30000;SM570:50000;SUS316:80000;A36:0;SHN400:10000;SHN490:25000;SS490:15000;SS540:40000;SM400A:5000;SM400B:5000;SM490A:20000;SM490B:20000;SM490YA:25000;SM490YB:25000;SWH400:10000;A572:30000,국산:0;중국산:-50000;일본산:100000,,,N,Y,6,8,25,10,N,18,2025-09-26 6:50,
513,h-beam,H형강,H형강 582*300*12*17,HB-582x300x12x17,,/uploads/products/desc_1760335972_68ec9864c0cc3.gif,1000,piece,kg/m,1,in_stock,,,,,SS400,137,linear,Y,SS275,"국산,중국산,일본산,베트남산,바레인산,수입산,장기재고,중고",SS400:0;SM490:20000;SM520:30000;SM570:50000;SUS316:80000;A36:0;SHN400:10000;SHN490:25000;SS490:15000;SS540:40000;SM400A:5000;SM400B:5000;SM490A:20000;SM490B:20000;SM490YA:25000;SM490YB:25000;SWH400:10000;A572:30000,국산:0;중국산:-50000;일본산:100000,,,N,Y,6,8,25,10,N,17,2025-09-26 6:50,
514,h-beam,H형강,H형강 588*300*12*20,HB-588x300x12x20,,/uploads/products/desc_1760335972_68ec9864c0cc3.gif,1000,piece,kg/m,1,in_stock,,,,,SS400,151,linear,Y,SS275,"국산,중국산,일본산,베트남산,바레인산,수입산,장기재고,중고",SS400:0;SM490:20000;SM520:30000;SM570:50000;SUS316:80000;A36:0;SHN400:10000;SHN490:25000;SS490:15000;SS540:40000;SM400A:5000;SM400B:5000;SM490A:20000;SM490B:20000;SM490YA:25000;SM490YB:25000;SWH400:10000;A572:30000,국산:0;중국산:-50000;일본산:100000,,,N,Y,6,8,25,10,N,33,2025-09-26 6:50,
515,h-beam,H형강,H형강 594*302*14*23,HB-594x302x14x23,,/uploads/products/desc_1760335972_68ec9864c0cc3.gif,1000,piece,kg/m,1,in_stock,,,,,SS400,175,linear,Y,SS275,"국산,중국산,일본산,베트남산,바레인산,수입산,장기재고,중고",SS400:0;SM490:20000;SM520:30000;SM570:50000;SUS316:80000;A36:0;SHN400:10000;SHN490:25000;SS490:15000;SS540:40000;SM400A:5000;SM400B:5000;SM490A:20000;SM490B:20000;SM490YA:25000;SM490YB:25000;SWH400:10000;A572:30000,국산:0;중국산:-50000;일본산:100000,,,N,Y,6,8,25,10,Y,91,2025-09-26 6:50,
516,h-beam,H형강,H형강 692*300*13*20,HB-692x300x13x20,,/uploads/products/desc_1760335972_68ec9864c0cc3.gif,1000,piece,kg/m,1,in_stock,,,,,SS400,166,linear,Y,SS275,"국산,중국산,일본산,베트남산,바레인산,수입산,장기재고,중고",SS400:0;SM490:20000;SM520:30000;SM570:50000;SUS316:80000;A36:0;SHN400:10000;SHN490:25000;SS490:15000;SS540:40000;SM400A:5000;SM400B:5000;SM490A:20000;SM490B:20000;SM490YA:25000;SM490YB:25000;SWH400:10000;A572:30000,국산:0;중국산:-50000;일본산:100000,,,N,Y,6,8,25,10,Y,97,2025-09-26 6:50,
517,h-beam,H형강,H형강 700*300*13*24,HB-700x300x13x24,,/uploads/products/desc_1760335972_68ec9864c0cc3.gif,1000,piece,kg/m,1,in_stock,,,,,SS400,185,linear,Y,SS275,"국산,중국산,일본산,베트남산,바레인산,수입산,장기재고,중고",SS400:0;SM490:20000;SM520:30000;SM570:50000;SUS316:80000;A36:0;SHN400:10000;SHN490:25000;SS490:15000;SS540:40000;SM400A:5000;SM400B:5000;SM490A:20000;SM490B:20000;SM490YA:25000;SM490YB:25000;SWH400:10000;A572:30000,국산:0;중국산:-50000;일본산:100000,,,N,Y,6,8,25,10,N,33,2025-09-26 6:50,
518,h-beam,H형강,H형강 708*302*15*28,HB-708x302x15x28,,/uploads/products/desc_1760335972_68ec9864c0cc3.gif,1000,piece,kg/m,1,in_stock,,,,,SS400,215,linear,Y,SS275,"국산,중국산,일본산,베트남산,바레인산,수입산,장기재고,중고",SS400:0;SM490:20000;SM520:30000;SM570:50000;SUS316:80000;A36:0;SHN400:10000;SHN490:25000;SS490:15000;SS540:40000;SM400A:5000;SM400B:5000;SM490A:20000;SM490B:20000;SM490YA:25000;SM490YB:25000;SWH400:10000;A572:30000,국산:0;중국산:-50000;일본산:100000,,,N,Y,6,8,25,10,N,17,2025-09-26 6:50,
519,h-beam,H형강,H형강 792*300*14*22,HB-792x300x14x22,,/uploads/products/desc_1760335972_68ec9864c0cc3.gif,1000,piece,kg/m,1,in_stock,,,,,SS400,191,linear,Y,SS275,"국산,중국산,일본산,베트남산,바레인산,수입산,장기재고,중고",SS400:0;SM490:20000;SM520:30000;SM570:50000;SUS316:80000;A36:0;SHN400:10000;SHN490:25000;SS490:15000;SS540:40000;SM400A:5000;SM400B:5000;SM490A:20000;SM490B:20000;SM490YA:25000;SM490YB:25000;SWH400:10000;A572:30000,국산:0;중국산:-50000;일본산:100000,,,N,Y,6,8,25,10,N,24,2025-09-26 6:50,
520,h-beam,H형강,H형강 800*300*14*26,HB-800x300x14x26,,/uploads/products/desc_1760335972_68ec9864c0cc3.gif,1000,piece,kg/m,1,in_stock,,,,,SS400,210,linear,Y,SS275,"국산,중국산,일본산,베트남산,바레인산,수입산,장기재고,중고",SS400:0;SM490:20000;SM520:30000;SM570:50000;SUS316:80000;A36:0;SHN400:10000;SHN490:25000;SS490:15000;SS540:40000;SM400A:5000;SM400B:5000;SM490A:20000;SM490B:20000;SM490YA:25000;SM490YB:25000;SWH400:10000;A572:30000,국산:0;중국산:-50000;일본산:100000,,,N,Y,6,8,25,10,N,25,2025-09-26 6:50,
521,h-beam,H형강,H형강 808*302*16*30,HB-808x302x16x30,,/uploads/products/desc_1760335972_68ec9864c0cc3.gif,1000,piece,kg/m,1,in_stock,,,,,SS400,241,linear,Y,SS275,"국산,중국산,일본산,베트남산,바레인산,수입산,장기재고,중고",SS400:0;SM490:20000;SM520:30000;SM570:50000;SUS316:80000;A36:0;SHN400:10000;SHN490:25000;SS490:15000;SS540:40000;SM400A:5000;SM400B:5000;SM490A:20000;SM490B:20000;SM490YA:25000;SM490YB:25000;SWH400:10000;A572:30000,국산:0;중국산:-50000;일본산:100000,,,N,Y,6,8,25,10,N,31,2025-09-26 6:50,
522,h-beam,H형강,H형강 890*299*15*23,HB-890x299x15x23,,/uploads/products/desc_1760335972_68ec9864c0cc3.gif,1000,piece,kg/m,1,in_stock,,,,,SS400,213,linear,Y,SS275,"국산,중국산,일본산,베트남산,바레인산,수입산,장기재고,중고",SS400:0;SM490:20000;SM520:30000;SM570:50000;SUS316:80000;A36:0;SHN400:10000;SHN490:25000;SS490:15000;SS540:40000;SM400A:5000;SM400B:5000;SM490A:20000;SM490B:20000;SM490YA:25000;SM490YB:25000;SWH400:10000;A572:30000,국산:0;중국산:-50000;일본산:100000,,,N,Y,6,8,25,10,N,18,2025-09-26 6:50,
523,h-beam,H형강,H형강 900*300*16*28,HB-900x300x16x28,,/uploads/products/desc_1760335972_68ec9864c0cc3.gif,1000,piece,kg/m,1,in_stock,,,,,SS400,243,linear,Y,SS275,"국산,중국산,일본산,베트남산,바레인산,수입산,장기재고,중고",SS400:0;SM490:20000;SM520:30000;SM570:50000;SUS316:80000;A36:0;SHN400:10000;SHN490:25000;SS490:15000;SS540:40000;SM400A:5000;SM400B:5000;SM490A:20000;SM490B:20000;SM490YA:25000;SM490YB:25000;SWH400:10000;A572:30000,국산:0;중국산:-50000;일본산:100000,,,N,Y,6,8,25,10,N,28,2025-09-26 6:50,
524,h-beam,H형강,H형강 912*302*18*34,HB-912x302x18x34,,/uploads/products/desc_1760335972_68ec9864c0cc3.gif,1000,piece,kg/m,1,in_stock,,,,,SS400,286,linear,Y,SS275,"국산,중국산,일본산,베트남산,바레인산,수입산,장기재고,중고",SS400:0;SM490:20000;SM520:30000;SM570:50000;SUS316:80000;A36:0;SHN400:10000;SHN490:25000;SS490:15000;SS540:40000;SM400A:5000;SM400B:5000;SM490A:20000;SM490B:20000;SM490YA:25000;SM490YB:25000;SWH400:10000;A572:30000,국산:0;중국산:-50000;일본산:100000,,,N,Y,6,8,25,10,N,28,2025-09-26 6:50,
525,h-beam,H형강,H형강 918*303*19*37,HB-918x303x19x37,,/uploads/products/desc_1760335972_68ec9864c0cc3.gif,1000,piece,kg/m,1,in_stock,,,,,SS400,307,linear,Y,SS275,"국산,중국산,일본산,베트남산,바레인산,수입산,장기재고,중고",SS400:0;SM490:20000;SM520:30000;SM570:50000;SUS316:80000;A36:0;SHN400:10000;SHN490:25000;SS490:15000;SS540:40000;SM400A:5000;SM400B:5000;SM490A:20000;SM490B:20000;SM490YA:25000;SM490YB:25000;SWH400:10000;A572:30000,국산:0;중국산:-50000;일본산:100000,,,N,Y,6,8,25,10,N,30,2025-09-26 6:50,
526,light-h-beam,경량H형강,경량H형강 LHB LHB 53*104*3.2*3.2,,,/uploads/products/desc_1760335972_68ec9864c0cc3.gif,1000,piece,,1,in_stock,,,,,,6.4,linear,Y,"SS400,SS400/A36,SHN400,SS490,SS540,SM400A,SM400B,SHN490,SM490A,SM490B,SM490YA,SM490YB",국산,,,,,N,Y,6,5,15,10,N,37,2025-09-30 8:23,
527,light-h-beam,경량H형강,경량H형강 LHB LHB 58*104*3.2*3.2,,,/uploads/products/desc_1760335972_68ec9864c0cc3.gif,1000,piece,,1,in_stock,,,,,,6.5,linear,Y,"SS400,SS400/A36,SHN400,SS490,SS540,SM400A,SM400B,SHN490,SM490A,SM490B,SM490YA,SM490YB",국산,,,,,N,Y,6,5,15,10,N,34,2025-09-30 8:23,
528,light-h-beam,경량H형강,경량H형강 LHB LHB 75*75*3.2*3.2,,,/uploads/products/desc_1760335972_68ec9864c0cc3.gif,1000,piece,,1,in_stock,,,,,,5.5,linear,Y,"SS400,SS400/A36,SHN400,SS490,SS540,SM400A,SM400B,SHN490,SM490A,SM490B,SM490YA,SM490YB",국산,,,,,N,Y,6,5,15,10,N,40,2025-09-30 8:23,
529,light-h-beam,경량H형강,경량H형강 LHB LHB 75*75*3.2*4.5,,,/uploads/products/desc_1760335972_68ec9864c0cc3.gif,1000,piece,,1,in_stock,,,,,,7,linear,Y,"SS400,SS400/A36,SHN400,SS490,SS540,SM400A,SM400B,SHN490,SM490A,SM490B,SM490YA,SM490YB",국산,,,,,N,Y,6,5,15,10,N,28,2025-09-30 8:23,
530,light-h-beam,경량H형강,경량H형강 LHB LHB 100*75*3.2*4.5,,,/uploads/products/desc_1760335972_68ec9864c0cc3.gif,1000,piece,,1,in_stock,,,,,,7.6,linear,Y,"SS400,SS400/A36,SHN400,SS490,SS540,SM400A,SM400B,SHN490,SM490A,SM490B,SM490YA,SM490YB",국산,,,,,N,Y,6,5,15,10,N,32,2025-09-30 8:23,
531,light-h-beam,경량H형강,경량H형강 LHB LHB 100*100*3.2*4.5,,,/uploads/products/desc_1760335972_68ec9864c0cc3.gif,1000,piece,,1,in_stock,,,,,,9.35,linear,Y,"SS400,SS400/A36,SHN400,SS490,SS540,SM400A,SM400B,SHN490,SM490A,SM490B,SM490YA,SM490YB",국산,,,,,N,Y,6,5,15,10,N,31,2025-09-30 8:23,
532,light-h-beam,경량H형강,경량H형강 LHB LHB 100*100*6*9,,,/uploads/products/desc_1760335972_68ec9864c0cc3.gif,1000,piece,,1,in_stock,,,,,,18.2,linear,Y,"SS400,SS400/A36,SHN400,SS490,SS540,SM400A,SM400B,SHN490,SM490A,SM490B,SM490YA,SM490YB",국산,,,,,N,Y,6,5,15,10,N,32,2025-09-30 8:23,
533,light-h-beam,경량H형강,경량H형강 LHB LHB 125*75*3.2*4.5,,,/uploads/products/desc_1760335972_68ec9864c0cc3.gif,1000,piece,,1,in_stock,,,,,,8.21,linear,Y,"SS400,SS400/A36,SHN400,SS490,SS540,SM400A,SM400B,SHN490,SM490A,SM490B,SM490YA,SM490YB",국산,,,,,N,Y,6,5,15,10,N,32,2025-09-30 8:23,
534,light-h-beam,경량H형강,경량H형강 LHB LHB 125*100*3.2*4.5,,,/uploads/products/desc_1760335972_68ec9864c0cc3.gif,1000,piece,,1,in_stock,,,,,,9.98,linear,Y,"SS400,SS400/A36,SHN400,SS490,SS540,SM400A,SM400B,SHN490,SM490A,SM490B,SM490YA,SM490YB",국산,,,,,N,Y,6,5,15,10,N,26,2025-09-30 8:23,
535,light-h-beam,경량H형강,경량H형강 LHB LHB 125*125*6*9,,,/uploads/products/desc_1760335972_68ec9864c0cc3.gif,1000,piece,,1,in_stock,,,,,,22.7,linear,Y,"SS400,SS400/A36,SHN400,SS490,SS540,SM400A,SM400B,SHN490,SM490A,SM490B,SM490YA,SM490YB",국산,,,,,N,Y,6,5,15,10,N,27,2025-09-30 8:23,
536,light-h-beam,경량H형강,경량H형강 LHB LHB 150*75*3.2*4.5,,,/uploads/products/desc_1760335972_68ec9864c0cc3.gif,1000,piece,,1,in_stock,,,,,,8.84,linear,Y,"SS400,SS400/A36,SHN400,SS490,SS540,SM400A,SM400B,SHN490,SM490A,SM490B,SM490YA,SM490YB",국산,,,,,N,Y,6,5,15,10,N,24,2025-09-30 8:23,
537,light-h-beam,경량H형강,경량H형강 LHB LHB 150*75*3.2*6,,,/uploads/products/desc_1760335972_68ec9864c0cc3.gif,1000,piece,,1,in_stock,,,,,,10.5,linear,Y,"SS400,SS400/A36,SHN400,SS490,SS540,SM400A,SM400B,SHN490,SM490A,SM490B,SM490YA,SM490YB",국산,,,,,N,Y,6,5,15,10,N,27,2025-09-30 8:23,
538,light-h-beam,경량H형강,경량H형강 LHB LHB 150*75*5*7,,,/uploads/products/desc_1760335972_68ec9864c0cc3.gif,1000,piece,,1,in_stock,,,,,,13.6,linear,Y,"SS400,SS400/A36,SHN400,SS490,SS540,SM400A,SM400B,SHN490,SM490A,SM490B,SM490YA,SM490YB",국산,,,,,N,Y,6,5,15,10,N,21,2025-09-30 8:23,
539,light-h-beam,경량H형강,경량H형강 LHB LHB 150*100*3.2*4.5,,,/uploads/products/desc_1760335972_68ec9864c0cc3.gif,1000,piece,,1,in_stock,,,,,,10.6,linear,Y,"SS400,SS400/A36,SHN400,SS490,SS540,SM400A,SM400B,SHN490,SM490A,SM490B,SM490YA,SM490YB",국산,,,,,N,Y,6,5,15,10,N,24,2025-09-30 8:23,
540,light-h-beam,경량H형강,경량H형강 LHB LHB 150*100*3.2*6,,,/uploads/products/desc_1760335972_68ec9864c0cc3.gif,1000,piece,,1,in_stock,,,,,,12.9,linear,Y,"SS400,SS400/A36,SHN400,SS490,SS540,SM400A,SM400B,SHN490,SM490A,SM490B,SM490YA,SM490YB",국산,,,,,N,Y,6,5,15,10,N,36,2025-09-30 8:23,
541,light-h-beam,경량H형강,경량H형강 LHB LHB 150*100*6*9,,,/uploads/products/desc_1760335972_68ec9864c0cc3.gif,1000,piece,,1,in_stock,,,,,,20.3,linear,Y,"SS400,SS400/A36,SHN400,SS490,SS540,SM400A,SM400B,SHN490,SM490A,SM490B,SM490YA,SM490YB",국산,,,,,N,Y,6,5,15,10,N,25,2025-09-30 8:23,
542,light-h-beam,경량H형강,경량H형강 LHB LHB 150*150*3.2*6,,,/uploads/products/desc_1760335972_68ec9864c0cc3.gif,1000,piece,,1,in_stock,,,,,,17.6,linear,Y,"SS400,SS400/A36,SHN400,SS490,SS540,SM400A,SM400B,SHN490,SM490A,SM490B,SM490YA,SM490YB",국산,,,,,N,Y,6,5,15,10,N,25,2025-09-30 8:23,
543,light-h-beam,경량H형강,경량H형강 LHB LHB 150*150*6*9,,,/uploads/products/desc_1760335972_68ec9864c0cc3.gif,1000,piece,,1,in_stock,,,,,,27.4,linear,Y,"SS400,SS400/A36,SHN400,SS490,SS540,SM400A,SM400B,SHN490,SM490A,SM490B,SM490YA,SM490YB",국산,,,,,N,Y,6,5,15,10,N,23,2025-09-30 8:23,
544,light-h-beam,경량H형강,경량H형강 LHB LHB 175*90*3.2*4.5,,,/uploads/products/desc_1760335972_68ec9864c0cc3.gif,1000,piece,,1,in_stock,,,,,,10.5,linear,Y,"SS400,SS400/A36,SHN400,SS490,SS540,SM400A,SM400B,SHN490,SM490A,SM490B,SM490YA,SM490YB",국산,,,,,N,Y,6,5,15,10,N,28,2025-09-30 8:23,
545,light-h-beam,경량H형강,경량H형강 LHB LHB 200*100*3.2*4.5,,,/uploads/products/desc_1760335972_68ec9864c0cc3.gif,1000,piece,,1,in_stock,,,,,,11.9,linear,Y,"SS400,SS400/A36,SHN400,SS490,SS540,SM400A,SM400B,SHN490,SM490A,SM490B,SM490YA,SM490YB",국산,,,,,N,Y,6,5,15,10,N,22,2025-09-30 8:23,
546,light-h-beam,경량H형강,경량H형강 LHB LHB 200*100*3.2*6,,,/uploads/products/desc_1760335972_68ec9864c0cc3.gif,1000,piece,,1,in_stock,,,,,,14.1,linear,Y,"SS400,SS400/A36,SHN400,SS490,SS540,SM400A,SM400B,SHN490,SM490A,SM490B,SM490YA,SM490YB",국산,,,,,N,Y,6,5,15,10,N,26,2025-09-30 8:23,
547,light-h-beam,경량H형강,경량H형강 LHB LHB 200*100*6*9,,,/uploads/products/desc_1760335972_68ec9864c0cc3.gif,1000,piece,,1,in_stock,,,,,,22.7,linear,Y,"SS400,SS400/A36,SHN400,SS490,SS540,SM400A,SM400B,SHN490,SM490A,SM490B,SM490YA,SM490YB",국산,,,,,N,Y,6,5,15,10,N,39,2025-09-30 8:23,
548,light-h-beam,경량H형강,경량H형강 LHB LHB 200*150*3.2*4.5,,,/uploads/products/desc_1760335972_68ec9864c0cc3.gif,1000,piece,,1,in_stock,,,,,,15.4,linear,Y,"SS400,SS400/A36,SHN400,SS490,SS540,SM400A,SM400B,SHN490,SM490A,SM490B,SM490YA,SM490YB",국산,,,,,N,Y,6,5,15,10,N,19,2025-09-30 8:23,
549,light-h-beam,경량H형강,경량H형강 LHB LHB 200*150*3.2*6,,,/uploads/products/desc_1760335972_68ec9864c0cc3.gif,1000,piece,,1,in_stock,,,,,,18.9,linear,Y,"SS400,SS400/A36,SHN400,SS490,SS540,SM400A,SM400B,SHN490,SM490A,SM490B,SM490YA,SM490YB",국산,,,,,N,Y,6,5,15,10,N,32,2025-09-30 8:23,
550,light-h-beam,경량H형강,경량H형강 LHB LHB 200*150*4.5*6,,,/uploads/products/desc_1760335972_68ec9864c0cc3.gif,1000,piece,,1,in_stock,,,,,,20.8,linear,Y,"SS400,SS400/A36,SHN400,SS490,SS540,SM400A,SM400B,SHN490,SM490A,SM490B,SM490YA,SM490YB",국산,,,,,N,Y,6,5,15,10,N,24,2025-09-30 8:23,
551,light-h-beam,경량H형강,경량H형강 LHB LHB 200*150*6*9,,,/uploads/products/desc_1760335972_68ec9864c0cc3.gif,1000,piece,,1,in_stock,,,,,,29.8,linear,Y,"SS400,SS400/A36,SHN400,SS490,SS540,SM400A,SM400B,SHN490,SM490A,SM490B,SM490YA,SM490YB",국산,,,,,N,Y,6,5,15,10,N,22,2025-09-30 8:23,
552,light-h-beam,경량H형강,경량H형강 LHB LHB 200*200*6*9,,,/uploads/products/desc_1760335972_68ec9864c0cc3.gif,1000,piece,,1,in_stock,,,,,,36.8,linear,Y,"SS400,SS400/A36,SHN400,SS490,SS540,SM400A,SM400B,SHN490,SM490A,SM490B,SM490YA,SM490YB",국산,,,,,N,Y,6,5,15,10,N,20,2025-09-30 8:23,
553,light-h-beam,경량H형강,경량H형강 LHB LHB 250*100*3.2*4.5,,,/uploads/products/desc_1760335972_68ec9864c0cc3.gif,1000,piece,,1,in_stock,,,,,,13.1,linear,Y,"SS400,SS400/A36,SHN400,SS490,SS540,SM400A,SM400B,SHN490,SM490A,SM490B,SM490YA,SM490YB",국산,,,,,N,Y,6,5,15,10,N,20,2025-09-30 8:23,
554,light-h-beam,경량H형강,경량H형강 LHB LHB 250*100*4.5*9,,,/uploads/products/desc_1760335972_68ec9864c0cc3.gif,1000,piece,,1,in_stock,,,,,,22.3,linear,Y,"SS400,SS400/A36,SHN400,SS490,SS540,SM400A,SM400B,SHN490,SM490A,SM490B,SM490YA,SM490YB",국산,,,,,N,Y,6,5,15,10,N,15,2025-09-30 8:23,
555,light-h-beam,경량H형강,경량H형강 LHB LHB 250*125*3.2*4.5,,,/uploads/products/desc_1760335972_68ec9864c0cc3.gif,1000,piece,,1,in_stock,,,,,,14.9,linear,Y,"SS400,SS400/A36,SHN400,SS490,SS540,SM400A,SM400B,SHN490,SM490A,SM490B,SM490YA,SM490YB",국산,,,,,N,Y,6,5,15,10,N,17,2025-09-30 8:23,
556,light-h-beam,경량H형강,경량H형강 LHB LHB 250*125*4.5*6,,,/uploads/products/desc_1760335972_68ec9864c0cc3.gif,1000,piece,,1,in_stock,,,,,,20.2,linear,Y,"SS400,SS400/A36,SHN400,SS490,SS540,SM400A,SM400B,SHN490,SM490A,SM490B,SM490YA,SM490YB",국산,,,,,N,Y,6,5,15,10,N,19,2025-09-30 8:23,
557,light-h-beam,경량H형강,경량H형강 LHB LHB 250*125*4.5*9,,,/uploads/products/desc_1760335972_68ec9864c0cc3.gif,1000,piece,,1,in_stock,,,,,,25.9,linear,Y,"SS400,SS400/A36,SHN400,SS490,SS540,SM400A,SM400B,SHN490,SM490A,SM490B,SM490YA,SM490YB",국산,,,,,N,Y,6,5,15,10,N,15,2025-09-30 8:23,
558,light-h-beam,경량H형강,경량H형강 LHB LHB 250*125*6*9,,,/uploads/products/desc_1760335972_68ec9864c0cc3.gif,1000,piece,,1,in_stock,,,,,,28.6,linear,Y,"SS400,SS400/A36,SHN400,SS490,SS540,SM400A,SM400B,SHN490,SM490A,SM490B,SM490YA,SM490YB",국산,,,,,N,Y,6,5,15,10,N,16,2025-09-30 8:23,
559,light-h-beam,경량H형강,경량H형강 LHB LHB 250*150*3.2*4.5,,,/uploads/products/desc_1760335972_68ec9864c0cc3.gif,1000,piece,,1,in_stock,,,,,,16.7,linear,Y,"SS400,SS400/A36,SHN400,SS490,SS540,SM400A,SM400B,SHN490,SM490A,SM490B,SM490YA,SM490YB",국산,,,,,N,Y,6,5,15,10,N,18,2025-09-30 8:23,
560,light-h-beam,경량H형강,경량H형강 LHB LHB 250*150*4.5*6,,,/uploads/products/desc_1760335972_68ec9864c0cc3.gif,1000,piece,,1,in_stock,,,,,,22.5,linear,Y,"SS400,SS400/A36,SHN400,SS490,SS540,SM400A,SM400B,SHN490,SM490A,SM490B,SM490YA,SM490YB",국산,,,,,N,Y,6,5,15,10,N,18,2025-09-30 8:23,
561,light-h-beam,경량H형강,경량H형강 LHB LHB 250*150*4.5*9,,,/uploads/products/desc_1760335972_68ec9864c0cc3.gif,1000,piece,,1,in_stock,,,,,,29.4,linear,Y,"SS400,SS400/A36,SHN400,SS490,SS540,SM400A,SM400B,SHN490,SM490A,SM490B,SM490YA,SM490YB",국산,,,,,N,Y,6,5,15,10,N,16,2025-09-30 8:23,
562,light-h-beam,경량H형강,경량H형강 LHB LHB 250*150*6*9,,,/uploads/products/desc_1760335972_68ec9864c0cc3.gif,1000,piece,,1,in_stock,,,,,,35.7,linear,Y,"SS400,SS400/A36,SHN400,SS490,SS540,SM400A,SM400B,SHN490,SM490A,SM490B,SM490YA,SM490YB",국산,,,,,N,Y,6,5,15,10,N,16,2025-09-30 8:23,
563,light-h-beam,경량H형강,경량H형강 LHB LHB 250*175*6*9,,,/uploads/products/desc_1760335972_68ec9864c0cc3.gif,1000,piece,,1,in_stock,,,,,,35.7,linear,Y,"SS400,SS400/A36,SHN400,SS490,SS540,SM400A,SM400B,SHN490,SM490A,SM490B,SM490YA,SM490YB",국산,,,,,N,Y,6,5,15,10,N,18,2025-09-30 8:23,
564,light-h-beam,경량H형강,경량H형강 LHB LHB 250*250*6*9,,,/uploads/products/desc_1760335972_68ec9864c0cc3.gif,1000,piece,,1,in_stock,,,,,,46.3,linear,Y,"SS400,SS400/A36,SHN400,SS490,SS540,SM400A,SM400B,SHN490,SM490A,SM490B,SM490YA,SM490YB",국산,,,,,N,Y,6,5,15,10,N,18,2025-09-30 8:23,
565,light-h-beam,경량H형강,경량H형강 LHB LHB 300*150*3.2*4.5,,,/uploads/products/desc_1760335972_68ec9864c0cc3.gif,1000,piece,,1,in_stock,,,,,,17.9,linear,Y,"SS400,SS400/A36,SHN400,SS490,SS540,SM400A,SM400B,SHN490,SM490A,SM490B,SM490YA,SM490YB",국산,,,,,N,Y,6,5,15,10,N,18,2025-09-30 8:23,
566,light-h-beam,경량H형강,경량H형강 LHB LHB 300*150*4.5*6,,,/uploads/products/desc_1760335972_68ec9864c0cc3.gif,1000,piece,,1,in_stock,,,,,,24.3,linear,Y,"SS400,SS400/A36,SHN400,SS490,SS540,SM400A,SM400B,SHN490,SM490A,SM490B,SM490YA,SM490YB",국산,,,,,N,Y,6,5,15,10,N,23,2025-09-30 8:23,
567,light-h-beam,경량H형강,경량H형강 LHB LHB 300*150*4.5*9,,,/uploads/products/desc_1760335972_68ec9864c0cc3.gif,1000,piece,,1,in_stock,,,,,,31.2,linear,Y,"SS400,SS400/A36,SHN400,SS490,SS540,SM400A,SM400B,SHN490,SM490A,SM490B,SM490YA,SM490YB",국산,,,,,N,Y,6,5,15,10,N,20,2025-09-30 8:23,
568,light-h-beam,경량H형강,경량H형강 LHB LHB 300*150*6*9,,,/uploads/products/desc_1760335972_68ec9864c0cc3.gif,1000,piece,,1,in_stock,,,,,,34.5,linear,Y,"SS400,SS400/A36,SHN400,SS490,SS540,SM400A,SM400B,SHN490,SM490A,SM490B,SM490YA,SM490YB",국산,,,,,N,Y,6,5,15,10,N,18,2025-09-30 8:23,
569,light-h-beam,경량H형강,경량H형강 LHB LHB 300*175*4.5*6,,,/uploads/products/desc_1760335972_68ec9864c0cc3.gif,1000,piece,,1,in_stock,,,,,,26.7,linear,Y,"SS400,SS400/A36,SHN400,SS490,SS540,SM400A,SM400B,SHN490,SM490A,SM490B,SM490YA,SM490YB",국산,,,,,N,Y,6,5,15,10,N,21,2025-09-30 8:23,
570,light-h-beam,경량H형강,경량H형강 LHB LHB 300*175*4.5*9,,,/uploads/products/desc_1760335972_68ec9864c0cc3.gif,1000,piece,,1,in_stock,,,,,,34.7,linear,Y,"SS400,SS400/A36,SHN400,SS490,SS540,SM400A,SM400B,SHN490,SM490A,SM490B,SM490YA,SM490YB",국산,,,,,N,Y,6,5,15,10,N,19,2025-09-30 8:23,
571,light-h-beam,경량H형강,경량H형강 LHB LHB 300*200*6*9,,,/uploads/products/desc_1760335972_68ec9864c0cc3.gif,1000,piece,,1,in_stock,,,,,,41.5,linear,Y,"SS400,SS400/A36,SHN400,SS490,SS540,SM400A,SM400B,SHN490,SM490A,SM490B,SM490YA,SM490YB",국산,,,,,N,Y,6,5,15,10,N,22,2025-09-30 8:23,
572,light-h-beam,경량H형강,경량H형강 LHB LHB 300*300*6*9,,,/uploads/products/desc_1760335972_68ec9864c0cc3.gif,1000,piece,,1,in_stock,,,,,,55.7,linear,Y,"SS400,SS400/A36,SHN400,SS490,SS540,SM400A,SM400B,SHN490,SM490A,SM490B,SM490YA,SM490YB",국산,,,,,N,Y,6,5,15,10,N,23,2025-09-30 8:23,
573,light-h-beam,경량H형강,경량H형강 LHB LHB 350*175*4.5*6,,,/uploads/products/desc_1760335972_68ec9864c0cc3.gif,1000,piece,,1,in_stock,,,,,,28.4,linear,Y,"SS400,SS400/A36,SHN400,SS490,SS540,SM400A,SM400B,SHN490,SM490A,SM490B,SM490YA,SM490YB",국산,,,,,N,Y,6,5,15,10,N,21,2025-09-30 8:23,
574,light-h-beam,경량H형강,경량H형강 LHB LHB 350*175*4.5*9,,,/uploads/products/desc_1760335972_68ec9864c0cc3.gif,1000,piece,,1,in_stock,,,,,,36.5,linear,Y,"SS400,SS400/A36,SHN400,SS490,SS540,SM400A,SM400B,SHN490,SM490A,SM490B,SM490YA,SM490YB",국산,,,,,N,Y,6,5,15,10,N,18,2025-09-30 8:23,
575,light-h-beam,경량H형강,경량H형강 LHB LHB 350*175*6*9,,,/uploads/products/desc_1760335972_68ec9864c0cc3.gif,1000,piece,,1,in_stock,,,,,,40.4,linear,Y,"SS400,SS400/A36,SHN400,SS490,SS540,SM400A,SM400B,SHN490,SM490A,SM490B,SM490YA,SM490YB",국산,,,,,N,Y,6,5,15,10,N,17,2025-09-30 8:23,
576,light-h-beam,경량H형강,경량H형강 LHB LHB 350*200*6*9,,,/uploads/products/desc_1760335972_68ec9864c0cc3.gif,1000,piece,,1,in_stock,,,,,,43.9,linear,Y,"SS400,SS400/A36,SHN400,SS490,SS540,SM400A,SM400B,SHN490,SM490A,SM490B,SM490YA,SM490YB",국산,,,,,N,Y,6,5,15,10,N,30,2025-09-30 8:23,
577,light-h-beam,경량H형강,경량H형강 LHB LHB 400*200*4.5*9,,,/uploads/products/desc_1760335972_68ec9864c0cc3.gif,1000,piece,,1,in_stock,,,,,,41.8,linear,Y,"SS400,SS400/A36,SHN400,SS490,SS540,SM400A,SM400B,SHN490,SM490A,SM490B,SM490YA,SM490YB",국산,,,,,N,Y,6,5,15,10,N,17,2025-09-30 8:23,
578,light-h-beam,경량H형강,경량H형강 LHB LHB 400*200*6*9,,,/uploads/products/desc_1760335972_68ec9864c0cc3.gif,1000,piece,,1,in_stock,,,,,,46.3,linear,Y,"SS400,SS400/A36,SHN400,SS490,SS540,SM400A,SM400B,SHN490,SM490A,SM490B,SM490YA,SM490YB",국산,,,,,N,Y,6,5,15,10,N,17,2025-09-30 8:23,
579,light-h-beam,경량H형강,경량H형강 LHB LHB 400*300*6*9,,,/uploads/products/desc_1760335972_68ec9864c0cc3.gif,1000,piece,,1,in_stock,,,,,,60.4,linear,Y,"SS400,SS400/A36,SHN400,SS490,SS540,SM400A,SM400B,SHN490,SM490A,SM490B,SM490YA,SM490YB",국산,,,,,N,Y,6,5,15,10,N,19,2025-09-30 8:23,
580,light-h-beam,경량H형강,경량H형강 LHB LHB 450*200*4.5*9,,,/uploads/products/desc_1760335972_68ec9864c0cc3.gif,1000,piece,,1,in_stock,,,,,,43.5,linear,Y,"SS400,SS400/A36,SHN400,SS490,SS540,SM400A,SM400B,SHN490,SM490A,SM490B,SM490YA,SM490YB",국산,,,,,N,Y,6,5,15,10,N,19,2025-09-30 8:23,
581,light-h-beam,경량H형강,경량H형강 LHB LHB 450*300*6*9,,,/uploads/products/desc_1760335972_68ec9864c0cc3.gif,1000,piece,,1,in_stock,,,,,,62.7,linear,Y,"SS400,SS400/A36,SHN400,SS490,SS540,SM400A,SM400B,SHN490,SM490A,SM490B,SM490YA,SM490YB",국산,,,,,N,Y,6,5,15,10,N,18,2025-09-30 8:23,
582,light-h-beam,경량H형강,경량H형강 LHB LHB 450*300*9*10,,,/uploads/products/desc_1760335972_68ec9864c0cc3.gif,1000,piece,,1,in_stock,,,,,,77.5,linear,Y,"SS400,SS400/A36,SHN400,SS490,SS540,SM400A,SM400B,SHN490,SM490A,SM490B,SM490YA,SM490YB",국산,,,,,N,Y,6,5,15,10,N,16,2025-09-30 8:23,
583,angle,ㄱ형강(앵글),ㄱ형강 90*90*9T,,,/uploads/products/desc_1760335972_68ec9864c0cc3.gif,1000,piece,,1,in_stock,,,,,,12.1,linear,Y,"SS275,SS400,SS400/A36,SHN400,SS490,SS540,SM400A,SM400B,SHN490,SM490A,SM490B,SM490YA,SM490YB","국산,중국산,일본산,장기재고,중고",,,,,N,Y,6,8,16,10,N,17,2025-09-30 8:56,
584,angle,ㄱ형강(앵글),ㄱ형강 90*90*10T,,,/uploads/products/desc_1760335972_68ec9864c0cc3.gif,1000,piece,,1,in_stock,,,,,,13.3,linear,Y,"SS275,SS400,SS400/A36,SHN400,SS490,SS540,SM400A,SM400B,SHN490,SM490A,SM490B,SM490YA,SM490YB","국산,중국산,일본산,장기재고,중고",,,,,N,Y,6,8,16,10,N,15,2025-09-30 8:56,
585,angle,ㄱ형강(앵글),ㄱ형강 90*90*13T,,,/uploads/products/desc_1760335972_68ec9864c0cc3.gif,1000,piece,,1,in_stock,,,,,,17,linear,Y,"SS275,SS400,SS400/A36,SHN400,SS490,SS540,SM400A,SM400B,SHN490,SM490A,SM490B,SM490YA,SM490YB","국산,중국산,일본산,장기재고,중고",,,,,N,Y,6,8,16,10,N,15,2025-09-30 8:56,
586,angle,ㄱ형강(앵글),ㄱ형강 100*100*7T,,,/uploads/products/desc_1760335972_68ec9864c0cc3.gif,1000,piece,,1,in_stock,,,,,,10.7,linear,Y,"SS275,SS400,SS400/A36,SHN400,SS490,SS540,SM400A,SM400B,SHN490,SM490A,SM490B,SM490YA,SM490YB","국산,중국산,일본산,장기재고,중고",,,,,N,Y,6,8,16,10,N,20,2025-09-30 8:56,
587,angle,ㄱ형강(앵글),ㄱ형강 100*100*10T,,,/uploads/products/desc_1760335972_68ec9864c0cc3.gif,1000,piece,,1,in_stock,,,,,,14.9,linear,Y,"SS275,SS400,SS400/A36,SHN400,SS490,SS540,SM400A,SM400B,SHN490,SM490A,SM490B,SM490YA,SM490YB","국산,중국산,일본산,장기재고,중고",,,,,N,Y,6,8,16,10,N,25,2025-09-30 8:56,
588,angle,ㄱ형강(앵글),ㄱ형강 100*100*13T,,,/uploads/products/desc_1760335972_68ec9864c0cc3.gif,1000,piece,,1,in_stock,,,,,,19.1,linear,Y,"SS275,SS400,SS400/A36,SHN400,SS490,SS540,SM400A,SM400B,SHN490,SM490A,SM490B,SM490YA,SM490YB","국산,중국산,일본산,장기재고,중고",,,,,N,Y,6,8,16,10,N,15,2025-09-30 8:56,
589,angle,ㄱ형강(앵글),ㄱ형강 120*120*8T,,,/uploads/products/desc_1760335972_68ec9864c0cc3.gif,1000,piece,,1,in_stock,,,,,,14.7,linear,Y,"SS275,SS400,SS400/A36,SHN400,SS490,SS540,SM400A,SM400B,SHN490,SM490A,SM490B,SM490YA,SM490YB","국산,중국산,일본산,장기재고,중고",,,,,N,Y,6,8,16,10,N,17,2025-09-30 8:56,
590,angle,ㄱ형강(앵글),ㄱ형강 130*130*9T,,,/uploads/products/desc_1760335972_68ec9864c0cc3.gif,1000,piece,,1,in_stock,,,,,,17.9,linear,Y,"SS275,SS400,SS400/A36,SHN400,SS490,SS540,SM400A,SM400B,SHN490,SM490A,SM490B,SM490YA,SM490YB","국산,중국산,일본산,장기재고,중고",,,,,N,Y,6,8,16,10,N,16,2025-09-30 8:56,
591,angle,ㄱ형강(앵글),ㄱ형강 130*130*12T,,,/uploads/products/desc_1760335972_68ec9864c0cc3.gif,1000,piece,,1,in_stock,,,,,,23.4,linear,Y,"SS275,SS400,SS400/A36,SHN400,SS490,SS540,SM400A,SM400B,SHN490,SM490A,SM490B,SM490YA,SM490YB","국산,중국산,일본산,장기재고,중고",,,,,N,Y,6,8,16,10,N,19,2025-09-30 8:56,
592,angle,ㄱ형강(앵글),ㄱ형강 130*130*15T,,,/uploads/products/desc_1760335972_68ec9864c0cc3.gif,1000,piece,,1,in_stock,,,,,,28.8,linear,Y,"SS275,SS400,SS400/A36,SHN400,SS490,SS540,SM400A,SM400B,SHN490,SM490A,SM490B,SM490YA,SM490YB","국산,중국산,일본산,장기재고,중고",,,,,N,Y,6,8,16,10,N,25,2025-09-30 8:56,
593,angle,ㄱ형강(앵글),ㄱ형강 150*150*10T,,,/uploads/products/desc_1760335972_68ec9864c0cc3.gif,1000,piece,,1,in_stock,,,,,,22.9,linear,Y,"SS275,SS400,SS400/A36,SHN400,SS490,SS540,SM400A,SM400B,SHN490,SM490A,SM490B,SM490YA,SM490YB","국산,중국산,일본산,장기재고,중고",,,,,N,Y,6,8,16,10,N,24,2025-09-30 8:56,
594,angle,ㄱ형강(앵글),ㄱ형강 150*150*12T,,,/uploads/products/desc_1760335972_68ec9864c0cc3.gif,1000,piece,,1,in_stock,,,,,,27.3,linear,Y,"SS275,SS400,SS400/A36,SHN400,SS490,SS540,SM400A,SM400B,SHN490,SM490A,SM490B,SM490YA,SM490YB","국산,중국산,일본산,장기재고,중고",,,,,N,Y,6,8,16,10,N,18,2025-09-30 8:56,
595,angle,ㄱ형강(앵글),ㄱ형강 150*150*15T,,,/uploads/products/desc_1760335972_68ec9864c0cc3.gif,1000,piece,,1,in_stock,,,,,,33.6,linear,Y,"SS275,SS400,SS400/A36,SHN400,SS490,SS540,SM400A,SM400B,SHN490,SM490A,SM490B,SM490YA,SM490YB","국산,중국산,일본산,장기재고,중고",,,,,N,Y,6,8,16,10,N,17,2025-09-30 8:56,
596,angle,ㄱ형강(앵글),ㄱ형강 150*150*19T,,,/uploads/products/desc_1760335972_68ec9864c0cc3.gif,1000,piece,,1,in_stock,,,,,,41.9,linear,Y,"SS275,SS400,SS400/A36,SHN400,SS490,SS540,SM400A,SM400B,SHN490,SM490A,SM490B,SM490YA,SM490YB","국산,중국산,일본산,장기재고,중고",,,,,N,Y,6,8,16,10,N,17,2025-09-30 8:56,
597,angle,ㄱ형강(앵글),ㄱ형강 175*175*12T,,,/uploads/products/desc_1760335972_68ec9864c0cc3.gif,1000,piece,,1,in_stock,,,,,,31.8,linear,Y,"SS275,SS400,SS400/A36,SHN400,SS490,SS540,SM400A,SM400B,SHN490,SM490A,SM490B,SM490YA,SM490YB","국산,중국산,일본산,장기재고,중고",,,,,N,Y,6,8,16,10,N,17,2025-09-30 8:56,
598,angle,ㄱ형강(앵글),ㄱ형강 175*175*15T,,,/uploads/products/desc_1760335972_68ec9864c0cc3.gif,1000,piece,,1,in_stock,,,,,,39.4,linear,Y,"SS275,SS400,SS400/A36,SHN400,SS490,SS540,SM400A,SM400B,SHN490,SM490A,SM490B,SM490YA,SM490YB","국산,중국산,일본산,장기재고,중고",,,,,N,Y,6,8,16,10,N,18,2025-09-30 8:56,
599,angle,ㄱ형강(앵글),ㄱ형강 200*200*15T,,,/uploads/products/desc_1760335972_68ec9864c0cc3.gif,1000,piece,,1,in_stock,,,,,,45.3,linear,Y,"SS275,SS400,SS400/A36,SHN400,SS490,SS540,SM400A,SM400B,SHN490,SM490A,SM490B,SM490YA,SM490YB","국산,중국산,일본산,장기재고,중고",,,,,N,Y,6,8,16,10,N,22,2025-09-30 8:56,
600,angle,ㄱ형강(앵글),ㄱ형강 200*200*20T,,,/uploads/products/desc_1760335972_68ec9864c0cc3.gif,1000,piece,,1,in_stock,,,,,,59.7,linear,Y,"SS275,SS400,SS400/A36,SHN400,SS490,SS540,SM400A,SM400B,SHN490,SM490A,SM490B,SM490YA,SM490YB","국산,중국산,일본산,장기재고,중고",,,,,N,Y,6,8,16,10,N,52,2025-09-30 8:56,
601,angle,ㄱ형강(앵글),ㄱ형강 200*200*25T,,,/uploads/products/desc_1760335972_68ec9864c0cc3.gif,1000,piece,,1,in_stock,,,,,,73.6,linear,Y,"SS275,SS400,SS400/A36,SHN400,SS490,SS540,SM400A,SM400B,SHN490,SM490A,SM490B,SM490YA,SM490YB","국산,중국산,일본산,장기재고,중고",,,,,N,Y,6,8,16,10,N,19,2025-09-30 8:56,
602,angle,ㄱ형강(앵글),ㄱ형강 250*250*25T,,,/uploads/products/desc_1760335972_68ec9864c0cc3.gif,1000,piece,,1,in_stock,,,,,,93.7,linear,Y,"SS275,SS400,SS400/A36,SHN400,SS490,SS540,SM400A,SM400B,SHN490,SM490A,SM490B,SM490YA,SM490YB","국산,중국산,일본산,장기재고,중고",,,,,N,Y,6,8,16,10,N,19,2025-09-30 8:56,
603,angle,ㄱ형강(앵글),ㄱ형강 250*250*35T,,,/uploads/products/desc_1760335972_68ec9864c0cc3.gif,1000,piece,,1,in_stock,,,,,,128,linear,Y,"SS275,SS400,SS400/A36,SHN400,SS490,SS540,SM400A,SM400B,SHN490,SM490A,SM490B,SM490YA,SM490YB","국산,중국산,일본산,장기재고,중고",,,,,N,Y,6,8,16,10,N,16,2025-09-30 8:56,
604,channel,ㄷ형강(찬넬),ㄷ형강 75×40×5×7,,,/uploads/products/desc_1760335972_68ec9864c0cc3.gif,1000,piece,,1,in_stock,,,,,,6.92,linear,Y,SS275,"국산,중국산,일본산,장기재고,중고",,,,,N,Y,6,,,10,N,65,2025-09-30 9:05,
605,channel,ㄷ형강(찬넬),ㄷ형강 125×65×6×8,,,/uploads/products/desc_1760335972_68ec9864c0cc3.gif,1000,piece,,1,in_stock,,,,,,13.4,linear,Y,SS275,"국산,중국산,일본산,장기재고,중고",,,,,N,Y,6,,,10,N,73,2025-09-30 9:05,
606,channel,ㄷ형강(찬넬),ㄷ형강 150×75×6.5×10,,,/uploads/products/desc_1760335972_68ec9864c0cc3.gif,1000,piece,,1,in_stock,,,,,,18.6,linear,Y,SS275,"국산,중국산,일본산,장기재고,중고",,,,,N,Y,6,,,10,N,53,2025-09-30 9:05,
607,channel,ㄷ형강(찬넬),ㄷ형강 150×75×9×12.5,,,/uploads/products/desc_1760335972_68ec9864c0cc3.gif,1000,piece,,1,in_stock,,,,,,24,linear,Y,SS275,"국산,중국산,일본산,장기재고,중고",,,,,N,Y,6,,,10,N,51,2025-09-30 9:05,
608,channel,ㄷ형강(찬넬),ㄷ형강 200×80×7.5×11,,,/uploads/products/desc_1760335972_68ec9864c0cc3.gif,1000,piece,,1,in_stock,,,,,,24.6,linear,Y,SS275,"국산,중국산,일본산,장기재고,중고",,,,,N,Y,6,,,10,N,45,2025-09-30 9:05,
609,channel,ㄷ형강(찬넬),ㄷ형강 200×90×8×13.5,,,/uploads/products/desc_1760335972_68ec9864c0cc3.gif,1000,piece,,1,in_stock,,,,,,30.9,linear,Y,SS275,"국산,중국산,일본산,장기재고,중고",,,,,N,Y,6,,,10,N,47,2025-09-30 9:05,
610,channel,ㄷ형강(찬넬),ㄷ형강 250×90×9×13,,,/uploads/products/desc_1760335972_68ec9864c0cc3.gif,1000,piece,,1,in_stock,,,,,,34.6,linear,Y,SS275,"국산,중국산,일본산,장기재고,중고",,,,,N,Y,6,,,10,N,50,2025-09-30 9:05,
611,channel,ㄷ형강(찬넬),ㄷ형강 250×90×11×14.5,,,/uploads/products/desc_1760335972_68ec9864c0cc3.gif,1000,piece,,1,in_stock,,,,,,40.2,linear,Y,SS275,"국산,중국산,일본산,장기재고,중고",,,,,N,Y,6,,,10,N,33,2025-09-30 9:05,
612,channel,ㄷ형강(찬넬),ㄷ형강 300×90×9×13,,,/uploads/products/desc_1760335972_68ec9864c0cc3.gif,1000,piece,,1,in_stock,,,,,,38.1,linear,Y,SS275,"국산,중국산,일본산,장기재고,중고",,,,,N,Y,6,,,10,N,48,2025-09-30 9:05,
613,channel,ㄷ형강(찬넬),ㄷ형강 300×90×10×15.5,,,/uploads/products/desc_1760335972_68ec9864c0cc3.gif,1000,piece,,1,in_stock,,,,,,43.8,linear,Y,SS275,"국산,중국산,일본산,장기재고,중고",,,,,N,Y,6,,,10,N,37,2025-09-30 9:05,
614,channel,ㄷ형강(찬넬),ㄷ형강 380×100×10.5×16,,,/uploads/products/desc_1760335972_68ec9864c0cc3.gif,1000,piece,,1,in_stock,,,,,,54.5,linear,Y,SS275,"국산,중국산,일본산,장기재고,중고",,,,,N,Y,6,,,10,N,35,2025-09-30 9:05,
615,channel,ㄷ형강(찬넬),ㄷ형강 380×100×13×16.5,,,/uploads/products/desc_1760335972_68ec9864c0cc3.gif,1000,piece,,1,in_stock,,,,,,62,linear,Y,SS275,"국산,중국산,일본산,장기재고,중고",,,,,N,Y,6,,,10,N,28,2025-09-30 9:05,
616,channel,ㄷ형강(찬넬),ㄷ형강 380×100×13×20,,,/uploads/products/desc_1760335972_68ec9864c0cc3.gif,1000,piece,,1,in_stock,,,,,,67.3,linear,Y,SS275,"국산,중국산,일본산,장기재고,중고",,,,,N,Y,6,,,10,N,17,2025-09-30 9:05,
617,flat-bar,평철,평철 13×3T,,,/uploads/products/desc_1760335972_68ec9864c0cc3.gif,1000,piece,,1,in_stock,,,,,,0.306,linear,Y,SS275,"국산,중국산,일본산",,,,,N,Y,6,6,6,6,N,37,2025-09-30 11:07,
618,flat-bar,평철,평철 13×4T,,,/uploads/products/desc_1760335972_68ec9864c0cc3.gif,1000,piece,,1,in_stock,,,,,,0.408,linear,Y,SS275,"국산,중국산,일본산",,,,,N,Y,6,6,6,6,N,27,2025-09-30 11:07,
619,flat-bar,평철,평철 13×5T,,,/uploads/products/desc_1760335972_68ec9864c0cc3.gif,1000,piece,,1,in_stock,,,,,,0.51,linear,Y,SS275,"국산,중국산,일본산",,,,,N,Y,6,6,6,6,N,36,2025-09-30 11:07,
620,flat-bar,평철,평철 16×3T,,,/uploads/products/desc_1760335972_68ec9864c0cc3.gif,1000,piece,,1,in_stock,,,,,,0.377,linear,Y,SS275,"국산,중국산,일본산",,,,,N,Y,6,6,6,6,N,27,2025-09-30 11:07,
621,flat-bar,평철,평철 16×4.5T,,,/uploads/products/desc_1760335972_68ec9864c0cc3.gif,1000,piece,,1,in_stock,,,,,,0.565,linear,Y,SS275,"국산,중국산,일본산",,,,,N,Y,6,6,6,6,N,35,2025-09-30 11:07,
622,flat-bar,평철,평철 19×3T,,,/uploads/products/desc_1760335972_68ec9864c0cc3.gif,1000,piece,,1,in_stock,,,,,,0.447,linear,Y,SS275,"국산,중국산,일본산",,,,,N,Y,6,6,6,6,N,28,2025-09-30 11:07,
623,flat-bar,평철,평철 19×4.5T,,,/uploads/products/desc_1760335972_68ec9864c0cc3.gif,1000,piece,,1,in_stock,,,,,,0.671,linear,Y,SS275,"국산,중국산,일본산",,,,,N,Y,6,6,6,6,N,24,2025-09-30 11:07,
624,flat-bar,평철,평철 19×6T,,,/uploads/products/desc_1760335972_68ec9864c0cc3.gif,1000,piece,,1,in_stock,,,,,,0.895,linear,Y,SS275,"국산,중국산,일본산",,,,,N,Y,6,6,6,6,N,28,2025-09-30 11:07,
625,flat-bar,평철,평철 25×3T,,,/uploads/products/desc_1760335972_68ec9864c0cc3.gif,1000,piece,,1,in_stock,,,,,,0.589,linear,Y,SS275,"국산,중국산,일본산",,,,,N,Y,6,6,6,6,N,26,2025-09-30 11:07,
626,flat-bar,평철,평철 25×4.5T,,,/uploads/products/desc_1760335972_68ec9864c0cc3.gif,1000,piece,,1,in_stock,,,,,,0.883,linear,Y,SS275,"국산,중국산,일본산",,,,,N,Y,6,6,6,6,N,39,2025-09-30 11:07,
627,flat-bar,평철,평철 25×6T,,,/uploads/products/desc_1760335972_68ec9864c0cc3.gif,1000,piece,,1,in_stock,,,,,,1.18,linear,Y,SS275,"국산,중국산,일본산",,,,,N,Y,6,6,6,6,N,25,2025-09-30 11:07,
628,flat-bar,평철,평철 25×9T,,,/uploads/products/desc_1760335972_68ec9864c0cc3.gif,1000,piece,,1,in_stock,,,,,,1.77,linear,Y,SS275,"국산,중국산,일본산",,,,,N,Y,6,6,6,6,N,31,2025-09-30 11:07,
629,flat-bar,평철,평철 25×12T,,,/uploads/products/desc_1760335972_68ec9864c0cc3.gif,1000,piece,,1,in_stock,,,,,,2.36,linear,Y,SS275,"국산,중국산,일본산",,,,,N,Y,6,6,6,6,N,33,2025-09-30 11:07,
630,flat-bar,평철,평철 32×3T,,,/uploads/products/desc_1760335972_68ec9864c0cc3.gif,1000,piece,,1,in_stock,,,,,,0.754,linear,Y,SS275,"국산,중국산,일본산",,,,,N,Y,6,6,6,6,N,24,2025-09-30 11:07,
631,flat-bar,평철,평철 32×4.5T,,,/uploads/products/desc_1760335972_68ec9864c0cc3.gif,1000,piece,,1,in_stock,,,,,,1.13,linear,Y,SS275,"국산,중국산,일본산",,,,,N,Y,6,6,6,6,N,44,2025-09-30 11:07,
632,flat-bar,평철,평철 32×6T,,,/uploads/products/desc_1760335972_68ec9864c0cc3.gif,1000,piece,,1,in_stock,,,,,,1.51,linear,Y,SS275,"국산,중국산,일본산",,,,,N,Y,6,6,6,6,N,34,2025-09-30 11:07,
633,flat-bar,평철,평철 32×9T,,,/uploads/products/desc_1760335972_68ec9864c0cc3.gif,1000,piece,,1,in_stock,,,,,,2.26,linear,Y,SS275,"국산,중국산,일본산",,,,,N,Y,6,6,6,6,N,33,2025-09-30 11:07,
634,flat-bar,평철,평철 32×12T,,,/uploads/products/desc_1760335972_68ec9864c0cc3.gif,1000,piece,,1,in_stock,,,,,,3.01,linear,Y,SS275,"국산,중국산,일본산",,,,,N,Y,6,6,6,6,N,24,2025-09-30 11:07,
635,flat-bar,평철,평철 32×16T,,,/uploads/products/desc_1760335972_68ec9864c0cc3.gif,1000,piece,,1,in_stock,,,,,,4.02,linear,Y,SS275,"국산,중국산,일본산",,,,,N,Y,6,6,6,6,N,27,2025-09-30 11:07,
636,flat-bar,평철,평철 38×3T,,,/uploads/products/desc_1760335972_68ec9864c0cc3.gif,1000,piece,,1,in_stock,,,,,,0.895,linear,Y,SS275,"국산,중국산,일본산",,,,,N,Y,6,6,6,6,N,26,2025-09-30 11:07,
637,flat-bar,평철,평철 38×4.5,,,/uploads/products/desc_1760335972_68ec9864c0cc3.gif,1000,piece,,1,in_stock,,,,,,1.34,linear,Y,SS275,"국산,중국산,일본산",,,,,N,Y,6,6,6,6,N,16,2025-09-30 11:07,
638,flat-bar,평철,평철 38×6T,,,/uploads/products/desc_1760335972_68ec9864c0cc3.gif,1000,piece,,1,in_stock,,,,,,1.79,linear,Y,SS275,"국산,중국산,일본산",,,,,N,Y,6,6,6,6,N,30,2025-09-30 11:07,
639,flat-bar,평철,평철 38×9T,,,/uploads/products/desc_1760335972_68ec9864c0cc3.gif,1000,piece,,1,in_stock,,,,,,2.68,linear,Y,SS275,"국산,중국산,일본산",,,,,N,Y,6,6,6,6,N,17,2025-09-30 11:07,
640,flat-bar,평철,평철 38×12T,,,/uploads/products/desc_1760335972_68ec9864c0cc3.gif,1000,piece,,1,in_stock,,,,,,3.58,linear,Y,SS275,"국산,중국산,일본산",,,,,N,Y,6,6,6,6,N,17,2025-09-30 11:07,
641,flat-bar,평철,평철 38×16T,,,/uploads/products/desc_1760335972_68ec9864c0cc3.gif,1000,piece,,1,in_stock,,,,,,4.77,linear,Y,SS275,"국산,중국산,일본산",,,,,N,Y,6,6,6,6,N,19,2025-09-30 11:07,
642,flat-bar,평철,평철 38×19T,,,/uploads/products/desc_1760335972_68ec9864c0cc3.gif,1000,piece,,1,in_stock,,,,,,5.67,linear,Y,SS275,"국산,중국산,일본산",,,,,N,Y,6,6,6,6,N,18,2025-09-30 11:07,
643,flat-bar,평철,평철 50×3T,,,/uploads/products/desc_1760335972_68ec9864c0cc3.gif,1000,piece,,1,in_stock,,,,,,1.18,linear,Y,SS275,"국산,중국산,일본산",,,,,N,Y,6,6,6,6,N,18,2025-09-30 11:07,
644,flat-bar,평철,평철 50×4.5T,,,/uploads/products/desc_1760335972_68ec9864c0cc3.gif,1000,piece,,1,in_stock,,,,,,1.77,linear,Y,SS275,"국산,중국산,일본산",,,,,N,Y,6,6,6,6,N,18,2025-09-30 11:07,
645,flat-bar,평철,평철 50×6T,,,/uploads/products/desc_1760335972_68ec9864c0cc3.gif,1000,piece,,1,in_stock,,,,,,2.36,linear,Y,SS275,"국산,중국산,일본산",,,,,N,Y,6,6,6,6,N,28,2025-09-30 11:07,
646,flat-bar,평철,평철 50×9T,,,/uploads/products/desc_1760335972_68ec9864c0cc3.gif,1000,piece,,1,in_stock,,,,,,3.53,linear,Y,SS275,"국산,중국산,일본산",,,,,N,Y,6,6,6,6,N,25,2025-09-30 11:07,
647,flat-bar,평철,평철 50×12T,,,/uploads/products/desc_1760335972_68ec9864c0cc3.gif,1000,piece,,1,in_stock,,,,,,4.71,linear,Y,SS275,"국산,중국산,일본산",,,,,N,Y,6,6,6,6,N,20,2025-09-30 11:07,
648,flat-bar,평철,평철 50×16T,,,/uploads/products/desc_1760335972_68ec9864c0cc3.gif,1000,piece,,1,in_stock,,,,,,6.28,linear,Y,SS275,"국산,중국산,일본산",,,,,N,Y,6,6,6,6,N,20,2025-09-30 11:07,
649,flat-bar,평철,평철 50×19T,,,/uploads/products/desc_1760335972_68ec9864c0cc3.gif,1000,piece,,1,in_stock,,,,,,7.46,linear,Y,SS275,"국산,중국산,일본산",,,,,N,Y,6,6,6,6,N,18,2025-09-30 11:07,
650,flat-bar,평철,평철 50×22T,,,/uploads/products/desc_1760335972_68ec9864c0cc3.gif,1000,piece,,1,in_stock,,,,,,8.64,linear,Y,SS275,"국산,중국산,일본산",,,,,N,Y,6,6,6,6,N,17,2025-09-30 11:07,
651,flat-bar,평철,평철 50×25T,,,/uploads/products/desc_1760335972_68ec9864c0cc3.gif,1000,piece,,1,in_stock,,,,,,9.81,linear,Y,SS275,"국산,중국산,일본산",,,,,N,Y,6,6,6,6,N,25,2025-09-30 11:07,
652,flat-bar,평철,평철 65×6T,,,/uploads/products/desc_1760335972_68ec9864c0cc3.gif,1000,piece,,1,in_stock,,,,,,3.06,linear,Y,SS275,"국산,중국산,일본산",,,,,N,Y,6,6,6,6,N,21,2025-09-30 11:07,
653,flat-bar,평철,평철 65×9T,,,/uploads/products/desc_1760335972_68ec9864c0cc3.gif,1000,piece,,1,in_stock,,,,,,4.59,linear,Y,SS275,"국산,중국산,일본산",,,,,N,Y,6,6,6,6,N,20,2025-09-30 11:07,
654,flat-bar,평철,평철 65×12T,,,/uploads/products/desc_1760335972_68ec9864c0cc3.gif,1000,piece,,1,in_stock,,,,,,6.12,linear,Y,SS275,"국산,중국산,일본산",,,,,N,Y,6,6,6,6,N,17,2025-09-30 11:07,
655,flat-bar,평철,평철 65×16T,,,/uploads/products/desc_1760335972_68ec9864c0cc3.gif,1000,piece,,1,in_stock,,,,,,8.16,linear,Y,SS275,"국산,중국산,일본산",,,,,N,Y,6,6,6,6,N,18,2025-09-30 11:07,
656,flat-bar,평철,평철 65×19T,,,/uploads/products/desc_1760335972_68ec9864c0cc3.gif,1000,piece,,1,in_stock,,,,,,9.69,linear,Y,SS275,"국산,중국산,일본산",,,,,N,Y,6,6,6,6,N,15,2025-09-30 11:07,
657,flat-bar,평철,평철 65×22T,,,/uploads/products/desc_1760335972_68ec9864c0cc3.gif,1000,piece,,1,in_stock,,,,,,11.2,linear,Y,SS275,"국산,중국산,일본산",,,,,N,Y,6,6,6,6,N,19,2025-09-30 11:07,
658,flat-bar,평철,평철 65×25T,,,/uploads/products/desc_1760335972_68ec9864c0cc3.gif,1000,piece,,1,in_stock,,,,,,12.8,linear,Y,SS275,"국산,중국산,일본산",,,,,N,Y,6,6,6,6,N,16,2025-09-30 11:07,
659,flat-bar,평철,평철 75×6T,,,/uploads/products/desc_1760335972_68ec9864c0cc3.gif,1000,piece,,1,in_stock,,,,,,3.53,linear,Y,SS275,"국산,중국산,일본산",,,,,N,Y,6,6,6,6,N,21,2025-09-30 11:07,
660,flat-bar,평철,평철 75×9T,,,/uploads/products/desc_1760335972_68ec9864c0cc3.gif,1000,piece,,1,in_stock,,,,,,5.3,linear,Y,SS275,"국산,중국산,일본산",,,,,N,Y,6,6,6,6,N,32,2025-09-30 11:07,
661,flat-bar,평철,평철 75×12T,,,/uploads/products/desc_1760335972_68ec9864c0cc3.gif,1000,piece,,1,in_stock,,,,,,7.07,linear,Y,SS275,"국산,중국산,일본산",,,,,N,Y,6,6,6,6,N,30,2025-09-30 11:07,
662,flat-bar,평철,평철 75×16T,,,/uploads/products/desc_1760335972_68ec9864c0cc3.gif,1000,piece,,1,in_stock,,,,,,9.42,linear,Y,SS275,"국산,중국산,일본산",,,,,N,Y,6,6,6,6,N,24,2025-09-30 11:07,
663,flat-bar,평철,평철 75×19T,,,/uploads/products/desc_1760335972_68ec9864c0cc3.gif,1000,piece,,1,in_stock,,,,,,11.2,linear,Y,SS275,"국산,중국산,일본산",,,,,N,Y,6,6,6,6,N,36,2025-09-30 11:07,
664,flat-bar,평철,평철 75×22T,,,/uploads/products/desc_1760335972_68ec9864c0cc3.gif,1000,piece,,1,in_stock,,,,,,13,linear,Y,SS275,"국산,중국산,일본산",,,,,N,Y,6,6,6,6,N,24,2025-09-30 11:07,
665,flat-bar,평철,평철 75×25T,,,/uploads/products/desc_1760335972_68ec9864c0cc3.gif,1000,piece,,1,in_stock,,,,,,14.7,linear,Y,SS275,"국산,중국산,일본산",,,,,N,Y,6,6,6,6,N,21,2025-09-30 11:07,
666,flat-bar,평철,평철 90×6T,,,/uploads/products/desc_1760335972_68ec9864c0cc3.gif,1000,piece,,1,in_stock,,,,,,4.24,linear,Y,SS275,"국산,중국산,일본산",,,,,N,Y,6,6,6,6,N,17,2025-09-30 11:07,
667,flat-bar,평철,평철 90×9T,,,/uploads/products/desc_1760335972_68ec9864c0cc3.gif,1000,piece,,1,in_stock,,,,,,6.36,linear,Y,SS275,"국산,중국산,일본산",,,,,N,Y,6,6,6,6,N,19,2025-09-30 11:07,
668,flat-bar,평철,평철 90×12T,,,/uploads/products/desc_1760335972_68ec9864c0cc3.gif,1000,piece,,1,in_stock,,,,,,8.48,linear,Y,SS275,"국산,중국산,일본산",,,,,N,Y,6,6,6,6,N,19,2025-09-30 11:07,
669,flat-bar,평철,평철 90×16T,,,/uploads/products/desc_1760335972_68ec9864c0cc3.gif,1000,piece,,1,in_stock,,,,,,11.3,linear,Y,SS275,"국산,중국산,일본산",,,,,N,Y,6,6,6,6,N,19,2025-09-30 11:07,
670,flat-bar,평철,평철 90×19T,,,/uploads/products/desc_1760335972_68ec9864c0cc3.gif,1000,piece,,1,in_stock,,,,,,13.4,linear,Y,SS275,"국산,중국산,일본산",,,,,N,Y,6,6,6,6,N,21,2025-09-30 11:07,
671,flat-bar,평철,평철 90×22T,,,/uploads/products/desc_1760335972_68ec9864c0cc3.gif,1000,piece,,1,in_stock,,,,,,15.5,linear,Y,SS275,"국산,중국산,일본산",,,,,N,Y,6,6,6,6,N,18,2025-09-30 11:07,
672,flat-bar,평철,평철 90×25T,,,/uploads/products/desc_1760335972_68ec9864c0cc3.gif,1000,piece,,1,in_stock,,,,,,17.7,linear,Y,SS275,"국산,중국산,일본산",,,,,N,Y,6,6,6,6,N,19,2025-09-30 11:07,
673,flat-bar,평철,평철 100×6T,,,/uploads/products/desc_1760335972_68ec9864c0cc3.gif,1000,piece,,1,in_stock,,,,,,4.71,linear,Y,SS275,"국산,중국산,일본산",,,,,N,Y,6,6,6,6,N,33,2025-09-30 11:07,
674,flat-bar,평철,평철 100×8T,,,/uploads/products/desc_1760335972_68ec9864c0cc3.gif,1000,piece,,1,in_stock,,,,,,6.28,linear,Y,SS275,"국산,중국산,일본산",,,,,N,Y,6,6,6,6,N,17,2025-09-30 11:07,
675,flat-bar,평철,평철 100×9T,,,/uploads/products/desc_1760335972_68ec9864c0cc3.gif,1000,piece,,1,in_stock,,,,,,7.07,linear,Y,SS275,"국산,중국산,일본산",,,,,N,Y,6,6,6,6,N,24,2025-09-30 11:07,
676,flat-bar,평철,평철 100×12T,,,/uploads/products/desc_1760335972_68ec9864c0cc3.gif,1000,piece,,1,in_stock,,,,,,9.42,linear,Y,SS275,"국산,중국산,일본산",,,,,N,Y,6,6,6,6,N,12,2025-09-30 11:07,
677,flat-bar,평철,평철 100×16T,,,/uploads/products/desc_1760335972_68ec9864c0cc3.gif,1000,piece,,1,in_stock,,,,,,12.6,linear,Y,SS275,"국산,중국산,일본산",,,,,N,Y,6,6,6,6,N,21,2025-09-30 11:07,
678,flat-bar,평철,평철 100×19T,,,/uploads/products/desc_1760335972_68ec9864c0cc3.gif,1000,piece,,1,in_stock,,,,,,14.9,linear,Y,SS275,"국산,중국산,일본산",,,,,N,Y,6,6,6,6,N,17,2025-09-30 11:07,
679,flat-bar,평철,평철 100×22T,,,/uploads/products/desc_1760335972_68ec9864c0cc3.gif,1000,piece,,1,in_stock,,,,,,17.3,linear,Y,SS275,"국산,중국산,일본산",,,,,N,Y,6,6,6,6,N,15,2025-09-30 11:07,
680,flat-bar,평철,평철 100×25T,,,/uploads/products/desc_1760335972_68ec9864c0cc3.gif,1000,piece,,1,in_stock,,,,,,19.6,linear,Y,SS275,"국산,중국산,일본산",,,,,N,Y,6,6,6,6,N,19,2025-09-30 11:07,
681,flat-bar,평철,평철 125×8T,,,/uploads/products/desc_1760335972_68ec9864c0cc3.gif,1000,piece,,1,in_stock,,,,,,7.85,linear,Y,SS275,"국산,중국산,일본산",,,,,N,Y,6,6,6,6,N,23,2025-09-30 11:07,
682,flat-bar,평철,평철 125×9T,,,/uploads/products/desc_1760335972_68ec9864c0cc3.gif,1000,piece,,1,in_stock,,,,,,8.83,linear,Y,SS275,"국산,중국산,일본산",,,,,N,Y,6,6,6,6,N,17,2025-09-30 11:07,
683,flat-bar,평철,평철 125×12T,,,/uploads/products/desc_1760335972_68ec9864c0cc3.gif,1000,piece,,1,in_stock,,,,,,11.8,linear,Y,SS275,"국산,중국산,일본산",,,,,N,Y,6,6,6,6,N,18,2025-09-30 11:07,
684,flat-bar,평철,평철 125×16T,,,/uploads/products/desc_1760335972_68ec9864c0cc3.gif,1000,piece,,1,in_stock,,,,,,15.7,linear,Y,SS275,"국산,중국산,일본산",,,,,N,Y,6,6,6,6,N,19,2025-09-30 11:07,
685,flat-bar,평철,평철 125×19T,,,/uploads/products/desc_1760335972_68ec9864c0cc3.gif,1000,piece,,1,in_stock,,,,,,18.6,linear,Y,SS275,"국산,중국산,일본산",,,,,N,Y,6,6,6,6,N,16,2025-09-30 11:07,
686,flat-bar,평철,평철 125×22T,,,/uploads/products/desc_1760335972_68ec9864c0cc3.gif,1000,piece,,1,in_stock,,,,,,21.6,linear,Y,SS275,"국산,중국산,일본산",,,,,N,Y,6,6,6,6,N,19,2025-09-30 11:07,
687,flat-bar,평철,평철 125×25T,,,/uploads/products/desc_1760335972_68ec9864c0cc3.gif,1000,piece,,1,in_stock,,,,,,24.5,linear,Y,SS275,"국산,중국산,일본산",,,,,N,Y,6,6,6,6,N,16,2025-09-30 11:07,
688,flat-bar,평철,평철 150×9T,,,/uploads/products/desc_1760335972_68ec9864c0cc3.gif,1000,piece,,1,in_stock,,,,,,10.6,linear,Y,SS275,"국산,중국산,일본산",,,,,N,Y,6,6,6,6,N,19,2025-09-30 11:07,
689,flat-bar,평철,평철 150×12T,,,/uploads/products/desc_1760335972_68ec9864c0cc3.gif,1000,piece,,1,in_stock,,,,,,14.1,linear,Y,SS275,"국산,중국산,일본산",,,,,N,Y,6,6,6,6,N,19,2025-09-30 11:07,
690,flat-bar,평철,평철 150×16T,,,/uploads/products/desc_1760335972_68ec9864c0cc3.gif,1000,piece,,1,in_stock,,,,,,18.8,linear,Y,SS275,"국산,중국산,일본산",,,,,N,Y,6,6,6,6,N,27,2025-09-30 11:07,
691,flat-bar,평철,평철 150×19T,,,/uploads/products/desc_1760335972_68ec9864c0cc3.gif,1000,piece,,1,in_stock,,,,,,22.4,linear,Y,SS275,"국산,중국산,일본산",,,,,N,Y,6,6,6,6,N,15,2025-09-30 11:07,
692,flat-bar,평철,평철 150×22T,,,/uploads/products/desc_1760335972_68ec9864c0cc3.gif,1000,piece,,1,in_stock,,,,,,25.9,linear,Y,SS275,"국산,중국산,일본산",,,,,N,Y,6,6,6,6,N,15,2025-09-30 11:07,
693,flat-bar,평철,평철 150×25T,,,/uploads/products/desc_1760335972_68ec9864c0cc3.gif,1000,piece,,1,in_stock,,,,,,29.4,linear,Y,SS275,"국산,중국산,일본산",,,,,N,Y,6,6,6,6,N,17,2025-09-30 11:07,
694,flat-bar,평철,평철 180×9T,,,/uploads/products/desc_1760335972_68ec9864c0cc3.gif,1000,piece,,1,in_stock,,,,,,12.7,linear,Y,SS275,"국산,중국산,일본산",,,,,N,Y,6,6,6,6,N,17,2025-09-30 11:07,
695,flat-bar,평철,평철 180×12T,,,/uploads/products/desc_1760335972_68ec9864c0cc3.gif,1000,piece,,1,in_stock,,,,,,17,linear,Y,SS275,"국산,중국산,일본산",,,,,N,Y,6,6,6,6,N,16,2025-09-30 11:07,
696,flat-bar,평철,평철 180×16T,,,/uploads/products/desc_1760335972_68ec9864c0cc3.gif,1000,piece,,1,in_stock,,,,,,22.6,linear,Y,SS275,"국산,중국산,일본산",,,,,N,Y,6,6,6,6,N,14,2025-09-30 11:07,
697,flat-bar,평철,평철 180×19T,,,/uploads/products/desc_1760335972_68ec9864c0cc3.gif,1000,piece,,1,in_stock,,,,,,26.8,linear,Y,SS275,"국산,중국산,일본산",,,,,N,Y,6,6,6,6,N,17,2025-09-30 11:07,
698,flat-bar,평철,평철 180×22T,,,/uploads/products/desc_1760335972_68ec9864c0cc3.gif,1000,piece,,1,in_stock,,,,,,31.1,linear,Y,SS275,"국산,중국산,일본산",,,,,N,Y,6,6,6,6,N,17,2025-09-30 11:07,
699,flat-bar,평철,평철 180×25T,,,/uploads/products/desc_1760335972_68ec9864c0cc3.gif,1000,piece,,1,in_stock,,,,,,35.3,linear,Y,SS275,"국산,중국산,일본산",,,,,N,Y,6,6,6,6,N,16,2025-09-30 11:07,
700,flat-bar,평철,평철 200×9T,,,/uploads/products/desc_1760335972_68ec9864c0cc3.gif,1000,piece,,1,in_stock,,,,,,14.1,linear,Y,SS275,"국산,중국산,일본산",,,,,N,Y,6,6,6,6,N,20,2025-09-30 11:07,
701,flat-bar,평철,평철 200×12T,,,/uploads/products/desc_1760335972_68ec9864c0cc3.gif,1000,piece,,1,in_stock,,,,,,18.8,linear,Y,SS275,"국산,중국산,일본산",,,,,N,Y,6,6,6,6,N,22,2025-09-30 11:07,
702,flat-bar,평철,평철 200×16T,,,/uploads/products/desc_1760335972_68ec9864c0cc3.gif,1000,piece,,1,in_stock,,,,,,25.1,linear,Y,SS275,"국산,중국산,일본산",,,,,N,Y,6,6,6,6,N,20,2025-09-30 11:07,
703,flat-bar,평철,평철 200×19,,,/uploads/products/desc_1760335972_68ec9864c0cc3.gif,1000,piece,,1,in_stock,,,,,,29.8,linear,Y,SS275,"국산,중국산,일본산",,,,,N,Y,6,6,6,6,N,25,2025-09-30 11:07,
704,flat-bar,평철,평철 200×22T,,,/uploads/products/desc_1760335972_68ec9864c0cc3.gif,1000,piece,,1,in_stock,,,,,,34.5,linear,Y,SS275,"국산,중국산,일본산",,,,,N,Y,6,6,6,6,N,18,2025-09-30 11:07,
705,flat-bar,평철,평철 200×25T,,,/uploads/products/desc_1760335972_68ec9864c0cc3.gif,1000,piece,,1,in_stock,,,,,,39.2,linear,Y,SS275,"국산,중국산,일본산",,,,,N,Y,6,6,6,6,N,21,2025-09-30 11:07,
706,flat-bar,평철,평철 230×9T,,,/uploads/products/desc_1760335972_68ec9864c0cc3.gif,1000,piece,,1,in_stock,,,,,,16.2,linear,Y,SS275,"국산,중국산,일본산",,,,,N,Y,6,6,6,6,N,19,2025-09-30 11:07,
707,flat-bar,평철,평철 230×12T,,,/uploads/products/desc_1760335972_68ec9864c0cc3.gif,1000,piece,,1,in_stock,,,,,,21.7,linear,Y,SS275,"국산,중국산,일본산",,,,,N,Y,6,6,6,6,N,18,2025-09-30 11:07,
708,flat-bar,평철,평철 230×16T,,,/uploads/products/desc_1760335972_68ec9864c0cc3.gif,1000,piece,,1,in_stock,,,,,,28.9,linear,Y,SS275,"국산,중국산,일본산",,,,,N,Y,6,6,6,6,N,18,2025-09-30 11:07,
709,flat-bar,평철,평철 230×19T,,,/uploads/products/desc_1760335972_68ec9864c0cc3.gif,1000,piece,,1,in_stock,,,,,,34.3,linear,Y,SS275,"국산,중국산,일본산",,,,,N,Y,6,6,6,6,N,18,2025-09-30 11:07,
710,flat-bar,평철,평철 230×22T,,,/uploads/products/desc_1760335972_68ec9864c0cc3.gif,1000,piece,,1,in_stock,,,,,,39.7,linear,Y,SS275,"국산,중국산,일본산",,,,,N,Y,6,6,6,6,N,19,2025-09-30 11:07,
711,flat-bar,평철,평철 230×25T,,,/uploads/products/desc_1760335972_68ec9864c0cc3.gif,1000,piece,,1,in_stock,,,,,,45.1,linear,Y,SS275,"국산,중국산,일본산",,,,,N,Y,6,6,6,6,N,17,2025-09-30 11:07,
712,flat-bar,평철,평철 250×9T,,,/uploads/products/desc_1760335972_68ec9864c0cc3.gif,1000,piece,,1,in_stock,,,,,,17.7,linear,Y,SS275,"국산,중국산,일본산",,,,,N,Y,6,6,6,6,N,15,2025-09-30 11:07,
713,flat-bar,평철,평철 250×12T,,,/uploads/products/desc_1760335972_68ec9864c0cc3.gif,1000,piece,,1,in_stock,,,,,,23.6,linear,Y,SS275,"국산,중국산,일본산",,,,,N,Y,6,6,6,6,N,17,2025-09-30 11:07,
714,flat-bar,평철,평철 250×16T,,,/uploads/products/desc_1760335972_68ec9864c0cc3.gif,1000,piece,,1,in_stock,,,,,,1.4,linear,Y,SS275,"국산,중국산,일본산",,,,,N,Y,6,6,6,6,N,21,2025-09-30 11:07,
715,flat-bar,평철,평철 250×19T,,,/uploads/products/desc_1760335972_68ec9864c0cc3.gif,1000,piece,,1,in_stock,,,,,,37.3,linear,Y,SS275,"국산,중국산,일본산",,,,,N,Y,6,6,6,6,N,19,2025-09-30 11:07,
716,flat-bar,평철,평철 250×22T,,,/uploads/products/desc_1760335972_68ec9864c0cc3.gif,1000,piece,,1,in_stock,,,,,,43.2,linear,Y,SS275,"국산,중국산,일본산",,,,,N,Y,6,6,6,6,N,21,2025-09-30 11:07,
717,flat-bar,평철,평철 250×25T,,,/uploads/products/desc_1760335972_68ec9864c0cc3.gif,1000,piece,,1,in_stock,,,,,,19.1,linear,Y,SS275,"국산,중국산,일본산",,,,,N,Y,6,6,6,6,N,15,2025-09-30 11:07,
718,flat-bar,평철,평철 280×12T,,,/uploads/products/desc_1760335972_68ec9864c0cc3.gif,1000,piece,,1,in_stock,,,,,,26.4,linear,Y,SS275,"국산,중국산,일본산",,,,,N,Y,6,6,6,6,N,18,2025-09-30 11:07,
719,flat-bar,평철,평철 280×16T,,,/uploads/products/desc_1760335972_68ec9864c0cc3.gif,1000,piece,,1,in_stock,,,,,,5.2,linear,Y,SS275,"국산,중국산,일본산",,,,,N,Y,6,6,6,6,N,18,2025-09-30 11:07,
720,flat-bar,평철,평철 280×19T,,,/uploads/products/desc_1760335972_68ec9864c0cc3.gif,1000,piece,,1,in_stock,,,,,,41.8,linear,Y,SS275,"국산,중국산,일본산",,,,,N,Y,6,6,6,6,N,19,2025-09-30 11:07,
721,flat-bar,평철,평철 280×25T,,,/uploads/products/desc_1760335972_68ec9864c0cc3.gif,1000,piece,,1,in_stock,,,,,,55,linear,Y,SS275,"국산,중국산,일본산",,,,,N,Y,6,6,6,6,N,12,2025-09-30 11:07,
827,round-bar,환봉,환봉 RB 6,,,/uploads/products/desc_1760335972_68ec9864c0cc3.gif,1000,piece,,1,in_stock,,,,,,0.222,linear,Y,SS275,"국산,중국산,일본산,수입산,장기재고,중고",,,,,N,Y,6,6,10,6,N,29,2025-09-30 11:14,
828,round-bar,환봉,환봉 RB 7,,,/uploads/products/desc_1760335972_68ec9864c0cc3.gif,500,piece,,1,in_stock,베트남산,,,,SS400,0.302,linear,Y,SS275,"국산,중국산,일본산,수입산,장기재고,중고",SS400:0;SS400/A36:0;SHN400:0;SS490:0;SS540:0;SM400A:0;SM400B:0;SHN490:0;SM490A:0;SM490B:0;SM490YA:0;SM490YB:0,베트남산:0;일본산:0,,,N,Y,6,6,10,6,N,31,2025-09-30 11:14,
829,round-bar,환봉,환봉 RB 8,,,/uploads/products/desc_1760335972_68ec9864c0cc3.gif,1000,piece,,1,in_stock,,,,,,0.395,linear,Y,SS275,"국산,중국산,일본산,수입산,장기재고,중고",,,,,N,Y,6,6,10,6,N,22,2025-09-30 11:14,
830,round-bar,환봉,환봉 RB 9,,,/uploads/products/desc_1760335972_68ec9864c0cc3.gif,1000,piece,,1,in_stock,,,,,,0.499,linear,Y,SS275,"국산,중국산,일본산,수입산,장기재고,중고",,,,,N,Y,6,6,10,6,N,23,2025-09-30 11:14,
831,round-bar,환봉,환봉 RB 10,,,/uploads/products/desc_1760335972_68ec9864c0cc3.gif,1000,piece,,1,in_stock,,,,,,0.617,linear,Y,SS275,"국산,중국산,일본산,수입산,장기재고,중고",,,,,N,Y,6,6,10,6,N,27,2025-09-30 11:14,
832,round-bar,환봉,환봉 RB 11,,,/uploads/products/desc_1760335972_68ec9864c0cc3.gif,1000,piece,,1,in_stock,,,,,,0.746,linear,Y,SS275,"국산,중국산,일본산,수입산,장기재고,중고",,,,,N,Y,6,6,10,6,N,18,2025-09-30 11:14,
833,round-bar,환봉,환봉 RB 12,,,/uploads/products/desc_1760335972_68ec9864c0cc3.gif,1000,piece,,1,in_stock,,,,,,0.888,linear,Y,SS275,"국산,중국산,일본산,수입산,장기재고,중고",,,,,N,Y,6,6,10,6,N,23,2025-09-30 11:14,
834,round-bar,환봉,환봉 RB 13,,,/uploads/products/desc_1760335972_68ec9864c0cc3.gif,1000,piece,,1,in_stock,,,,,,1.14,linear,Y,SS275,"국산,중국산,일본산,수입산,장기재고,중고",,,,,N,Y,6,6,10,6,N,17,2025-09-30 11:14,
835,round-bar,환봉,환봉 RB 14,,,/uploads/products/desc_1760335972_68ec9864c0cc3.gif,1000,piece,,1,in_stock,,,,,,1.21,linear,Y,SS275,"국산,중국산,일본산,수입산,장기재고,중고",,,,,N,Y,6,6,10,6,N,19,2025-09-30 11:14,
836,round-bar,환봉,환봉 RB 15,,,/uploads/products/desc_1760335972_68ec9864c0cc3.gif,1000,piece,,1,in_stock,,,,,,1.39,linear,Y,SS275,"국산,중국산,일본산,수입산,장기재고,중고",,,,,N,Y,6,6,10,6,N,22,2025-09-30 11:14,
837,round-bar,환봉,환봉 RB 16,,,/uploads/products/desc_1760335972_68ec9864c0cc3.gif,1000,piece,,1,in_stock,,,,,,1.58,linear,Y,SS275,"국산,중국산,일본산,수입산,장기재고,중고",,,,,N,Y,6,6,10,6,N,23,2025-09-30 11:14,
838,round-bar,환봉,환봉 RB 17,,,/uploads/products/desc_1760335972_68ec9864c0cc3.gif,1000,piece,,1,in_stock,,,,,,1.78,linear,Y,SS275,"국산,중국산,일본산,수입산,장기재고,중고",,,,,N,Y,6,6,10,6,N,21,2025-09-30 11:14,
839,round-bar,환봉,환봉 RB 18,,,/uploads/products/desc_1760335972_68ec9864c0cc3.gif,1000,piece,,1,in_stock,,,,,,2,linear,Y,SS275,"국산,중국산,일본산,수입산,장기재고,중고",,,,,N,Y,6,6,10,6,N,23,2025-09-30 11:14,
840,round-bar,환봉,환봉 RB 19,,,/uploads/products/desc_1760335972_68ec9864c0cc3.gif,1000,piece,,1,in_stock,,,,,,2.23,linear,Y,SS275,"국산,중국산,일본산,수입산,장기재고,중고",,,,,N,Y,6,6,10,6,N,16,2025-09-30 11:14,
841,round-bar,환봉,환봉 RB 20,,,/uploads/products/desc_1760335972_68ec9864c0cc3.gif,1000,piece,,1,in_stock,,,,,,2.47,linear,Y,SS275,"국산,중국산,일본산,수입산,장기재고,중고",,,,,N,Y,6,6,10,6,N,18,2025-09-30 11:14,
842,round-bar,환봉,환봉 RB 21,,,/uploads/products/desc_1760335972_68ec9864c0cc3.gif,1000,piece,,1,in_stock,,,,,,2.72,linear,Y,SS275,"국산,중국산,일본산,수입산,장기재고,중고",,,,,N,Y,6,6,10,6,N,21,2025-09-30 11:14,
843,round-bar,환봉,환봉 RB 22,,,/uploads/products/desc_1760335972_68ec9864c0cc3.gif,1000,piece,,1,in_stock,,,,,,2.98,linear,Y,SS275,"국산,중국산,일본산,수입산,장기재고,중고",,,,,N,Y,6,6,10,6,N,23,2025-09-30 11:14,
844,round-bar,환봉,환봉 RB 23,,,/uploads/products/desc_1760335972_68ec9864c0cc3.gif,1000,piece,,1,in_stock,,,,,,3.26,linear,Y,SS275,"국산,중국산,일본산,수입산,장기재고,중고",,,,,N,Y,6,6,10,6,N,20,2025-09-30 11:14,
845,round-bar,환봉,환봉 RB 24,,,/uploads/products/desc_1760335972_68ec9864c0cc3.gif,1000,piece,,1,in_stock,,,,,,3.55,linear,Y,SS275,"국산,중국산,일본산,수입산,장기재고,중고",,,,,N,Y,6,6,10,6,N,25,2025-09-30 11:14,
846,round-bar,환봉,환봉 RB 25,,,/uploads/products/desc_1760335972_68ec9864c0cc3.gif,1000,piece,,1,in_stock,,,,,,3.85,linear,Y,SS275,"국산,중국산,일본산,수입산,장기재고,중고",,,,,N,Y,6,6,10,6,N,27,2025-09-30 11:14,
847,round-bar,환봉,환봉 RB 26,,,/uploads/products/desc_1760335972_68ec9864c0cc3.gif,1000,piece,,1,in_stock,,,,,,4.17,linear,Y,SS275,"국산,중국산,일본산,수입산,장기재고,중고",,,,,N,Y,6,6,10,6,N,19,2025-09-30 11:14,
848,round-bar,환봉,환봉 RB 27,,,/uploads/products/desc_1760335972_68ec9864c0cc3.gif,1000,piece,,1,in_stock,,,,,,4.5,linear,Y,SS275,"국산,중국산,일본산,수입산,장기재고,중고",,,,,N,Y,6,6,10,6,N,19,2025-09-30 11:14,
849,round-bar,환봉,환봉 RB 28,,,/uploads/products/desc_1760335972_68ec9864c0cc3.gif,1000,piece,,1,in_stock,,,,,,4.83,linear,Y,SS275,"국산,중국산,일본산,수입산,장기재고,중고",,,,,N,Y,6,6,10,6,N,27,2025-09-30 11:14,
850,round-bar,환봉,환봉 RB 29,,,/uploads/products/desc_1760335972_68ec9864c0cc3.gif,1000,piece,,1,in_stock,,,,,,5.19,linear,Y,SS275,"국산,중국산,일본산,수입산,장기재고,중고",,,,,N,Y,6,6,10,6,N,24,2025-09-30 11:14,
851,round-bar,환봉,환봉 RB 30,,,/uploads/products/desc_1760335972_68ec9864c0cc3.gif,1000,piece,,1,in_stock,,,,,,5.55,linear,Y,SS275,"국산,중국산,일본산,수입산,장기재고,중고",,,,,N,Y,6,6,10,6,N,19,2025-09-30 11:14,
852,round-bar,환봉,환봉 RB 31,,,/uploads/products/desc_1760335972_68ec9864c0cc3.gif,1000,piece,,1,in_stock,,,,,,5.92,linear,Y,SS275,"국산,중국산,일본산,수입산,장기재고,중고",,,,,N,Y,6,6,10,6,N,21,2025-09-30 11:14,
853,round-bar,환봉,환봉 RB 32,,,/uploads/products/desc_1760335972_68ec9864c0cc3.gif,1000,piece,,1,in_stock,,,,,,6.31,linear,Y,SS275,"국산,중국산,일본산,수입산,장기재고,중고",,,,,N,Y,6,6,10,6,N,21,2025-09-30 11:14,
854,round-bar,환봉,환봉 RB 33,,,/uploads/products/desc_1760335972_68ec9864c0cc3.gif,1000,piece,,1,in_stock,,,,,,6.46,linear,Y,SS275,"국산,중국산,일본산,수입산,장기재고,중고",,,,,N,Y,6,6,10,6,N,18,2025-09-30 11:14,
855,round-bar,환봉,환봉 RB 34,,,/uploads/products/desc_1760335972_68ec9864c0cc3.gif,1000,piece,,1,in_stock,,,,,,7.13,linear,Y,SS275,"국산,중국산,일본산,수입산,장기재고,중고",,,,,N,Y,6,6,10,6,N,20,2025-09-30 11:14,
856,round-bar,환봉,환봉 RB 35,,,/uploads/products/desc_1760335972_68ec9864c0cc3.gif,1000,piece,,1,in_stock,,,,,,7.56,linear,Y,SS275,"국산,중국산,일본산,수입산,장기재고,중고",,,,,N,Y,6,6,10,6,N,17,2025-09-30 11:14,
857,round-bar,환봉,환봉 RB 36,,,/uploads/products/desc_1760335972_68ec9864c0cc3.gif,1000,piece,,1,in_stock,,,,,,7.99,linear,Y,SS275,"국산,중국산,일본산,수입산,장기재고,중고",,,,,N,Y,6,6,10,6,N,19,2025-09-30 11:14,
858,round-bar,환봉,환봉 RB 38,,,/uploads/products/desc_1760335972_68ec9864c0cc3.gif,1000,piece,,1,in_stock,,,,,,8.9,linear,Y,SS275,"국산,중국산,일본산,수입산,장기재고,중고",,,,,N,Y,6,6,10,6,N,19,2025-09-30 11:14,
859,round-bar,환봉,환봉 RB 40,,,/uploads/products/desc_1760335972_68ec9864c0cc3.gif,1000,piece,,1,in_stock,,,,,,9.87,linear,Y,SS275,"국산,중국산,일본산,수입산,장기재고,중고",,,,,N,Y,6,6,10,6,N,18,2025-09-30 11:14,
860,round-bar,환봉,환봉 RB 42,,,/uploads/products/desc_1760335972_68ec9864c0cc3.gif,1000,piece,,1,in_stock,,,,,,1.88,linear,Y,SS275,"국산,중국산,일본산,수입산,장기재고,중고",,,,,N,Y,6,6,10,6,N,17,2025-09-30 11:14,
861,round-bar,환봉,환봉 RB 45,,,/uploads/products/desc_1760335972_68ec9864c0cc3.gif,1000,piece,,1,in_stock,,,,,,12.49,linear,Y,SS275,"국산,중국산,일본산,수입산,장기재고,중고",,,,,N,Y,6,6,10,6,N,18,2025-09-30 11:14,
862,round-bar,환봉,환봉 RB 46,,,/uploads/products/desc_1760335972_68ec9864c0cc3.gif,1000,piece,,1,in_stock,,,,,,13,linear,Y,SS275,"국산,중국산,일본산,수입산,장기재고,중고",,,,,N,Y,6,6,10,6,N,17,2025-09-30 11:14,
863,round-bar,환봉,환봉 RB 48,,,/uploads/products/desc_1760335972_68ec9864c0cc3.gif,1000,piece,,1,in_stock,,,,,,14.2,linear,Y,SS275,"국산,중국산,일본산,수입산,장기재고,중고",,,,,N,Y,6,6,10,6,N,16,2025-09-30 11:14,
864,round-bar,환봉,환봉 RB 50,,,/uploads/products/desc_1760335972_68ec9864c0cc3.gif,1000,piece,,1,in_stock,,,,,,15.4,linear,Y,SS275,"국산,중국산,일본산,수입산,장기재고,중고",,,,,N,Y,6,6,10,6,N,16,2025-09-30 11:14,
865,round-bar,환봉,환봉 RB 55,,,/uploads/products/desc_1760335972_68ec9864c0cc3.gif,1000,piece,,1,in_stock,,,,,,18.7,linear,Y,SS275,"국산,중국산,일본산,수입산,장기재고,중고",,,,,N,Y,6,6,10,6,N,19,2025-09-30 11:14,
866,round-bar,환봉,환봉 RB 60,,,/uploads/products/desc_1760335972_68ec9864c0cc3.gif,1000,piece,,1,in_stock,,,,,,22.2,linear,Y,SS275,"국산,중국산,일본산,수입산,장기재고,중고",,,,,N,Y,6,6,10,6,N,16,2025-09-30 11:14,
867,round-bar,환봉,환봉 RB 65,,,/uploads/products/desc_1760335972_68ec9864c0cc3.gif,1000,piece,,1,in_stock,,,,,,26,linear,Y,SS275,"국산,중국산,일본산,수입산,장기재고,중고",,,,,N,Y,6,6,10,6,N,18,2025-09-30 11:14,
868,round-bar,환봉,환봉 RB 70,,,/uploads/products/desc_1760335972_68ec9864c0cc3.gif,1000,piece,,1,in_stock,,,,,,30.2,linear,Y,SS275,"국산,중국산,일본산,수입산,장기재고,중고",,,,,N,Y,6,6,10,6,N,20,2025-09-30 11:14,
869,round-bar,환봉,환봉 RB 75,,,/uploads/products/desc_1760335972_68ec9864c0cc3.gif,1000,piece,,1,in_stock,,,,,,34.7,linear,Y,SS275,"국산,중국산,일본산,수입산,장기재고,중고",,,,,N,Y,6,6,10,6,N,19,2025-09-30 11:14,
870,round-bar,환봉,환봉 RB 80,,,/uploads/products/desc_1760335972_68ec9864c0cc3.gif,1000,piece,,1,in_stock,,,,,,39.5,linear,Y,SS275,"국산,중국산,일본산,수입산,장기재고,중고",,,,,N,Y,6,6,10,6,N,17,2025-09-30 11:14,
871,round-bar,환봉,환봉 RB 85,,,/uploads/products/desc_1760335972_68ec9864c0cc3.gif,1000,piece,,1,in_stock,,,,,,44.5,linear,Y,SS275,"국산,중국산,일본산,수입산,장기재고,중고",,,,,N,Y,6,6,10,6,N,20,2025-09-30 11:14,
872,round-bar,환봉,환봉 RB 90,,,/uploads/products/desc_1760335972_68ec9864c0cc3.gif,1000,piece,,1,in_stock,,,,,,49.9,linear,Y,SS275,"국산,중국산,일본산,수입산,장기재고,중고",,,,,N,Y,6,6,10,6,N,20,2025-09-30 11:14,
873,round-bar,환봉,환봉 RB 95,,,/uploads/products/desc_1760335972_68ec9864c0cc3.gif,1000,piece,,1,in_stock,,,,,,55.6,linear,Y,SS275,"국산,중국산,일본산,수입산,장기재고,중고",,,,,N,Y,6,6,10,6,N,19,2025-09-30 11:14,
874,round-bar,환봉,환봉 RB 100,,,/uploads/products/desc_1760335972_68ec9864c0cc3.gif,1000,piece,,1,in_stock,,,,,,61.7,linear,Y,SS275,"국산,중국산,일본산,수입산,장기재고,중고",,,,,N,Y,6,6,10,6,N,18,2025-09-30 11:14,
875,round-bar,환봉,환봉 RB 110,,,/uploads/products/desc_1760335972_68ec9864c0cc3.gif,1000,piece,,1,in_stock,,,,,,74.6,linear,Y,SS275,"국산,중국산,일본산,수입산,장기재고,중고",,,,,N,Y,6,6,10,6,N,19,2025-09-30 11:14,
876,round-bar,환봉,환봉 RB 120,,,/uploads/products/desc_1760335972_68ec9864c0cc3.gif,1000,piece,,1,in_stock,,,,,,88.8,linear,Y,SS275,"국산,중국산,일본산,수입산,장기재고,중고",,,,,N,Y,6,6,10,6,N,18,2025-09-30 11:14,
877,round-bar,환봉,환봉 RB 130,,,/uploads/products/desc_1760335972_68ec9864c0cc3.gif,1000,piece,,1,in_stock,,,,,,104,linear,Y,SS275,"국산,중국산,일본산,수입산,장기재고,중고",,,,,N,Y,6,6,10,6,N,25,2025-09-30 11:14,
878,round-bar,환봉,환봉 RB 140,,,/uploads/products/desc_1760335972_68ec9864c0cc3.gif,1000,piece,,1,in_stock,,,,,,121,linear,Y,SS275,"국산,중국산,일본산,수입산,장기재고,중고",,,,,N,Y,6,6,10,6,N,18,2025-09-30 11:14,
879,round-bar,환봉,환봉 RB 150,,,/uploads/products/desc_1760335972_68ec9864c0cc3.gif,1000,piece,,1,in_stock,,,,,,139,linear,Y,SS275,"국산,중국산,일본산,수입산,장기재고,중고",,,,,N,Y,6,6,10,6,N,16,2025-09-30 11:14,
880,round-bar,환봉,환봉 RB 160,,,/uploads/products/desc_1760335972_68ec9864c0cc3.gif,1000,piece,,1,in_stock,,,,,,157.8,linear,Y,SS275,"국산,중국산,일본산,수입산,장기재고,중고",,,,,N,Y,6,6,10,6,N,15,2025-09-30 11:14,
881,round-bar,환봉,환봉 RB 170,,,/uploads/products/desc_1760335972_68ec9864c0cc3.gif,1000,piece,,1,in_stock,,,,,,178.2,linear,Y,SS275,"국산,중국산,일본산,수입산,장기재고,중고",,,,,N,Y,6,6,10,6,N,25,2025-09-30 11:14,
882,round-bar,환봉,환봉 RB 180,,,/uploads/products/desc_1760335972_68ec9864c0cc3.gif,1000,piece,,1,in_stock,,,,,,199.8,linear,Y,SS275,"국산,중국산,일본산,수입산,장기재고,중고",,,,,N,Y,6,6,10,6,N,16,2025-09-30 11:14,
883,round-bar,환봉,환봉 RB 190,,,/uploads/products/desc_1760335972_68ec9864c0cc3.gif,1000,piece,,1,in_stock,,,,,,222.6,linear,Y,SS275,"국산,중국산,일본산,수입산,장기재고,중고",,,,,N,Y,6,6,10,6,N,15,2025-09-30 11:14,
884,round-bar,환봉,환봉 RB 200,,,/uploads/products/desc_1760335972_68ec9864c0cc3.gif,1000,piece,,1,in_stock,,,,,,246.6,linear,Y,SS275,"국산,중국산,일본산,수입산,장기재고,중고",,,,,N,Y,6,6,10,6,N,23,2025-09-30 11:14,
885,round-bar,환봉,환봉 RB 210,,,/uploads/products/desc_1760335972_68ec9864c0cc3.gif,1000,piece,,1,in_stock,,,,,,271.8,linear,Y,SS275,"국산,중국산,일본산,수입산,장기재고,중고",,,,,N,Y,6,6,10,6,N,17,2025-09-30 11:14,
886,round-bar,환봉,환봉 RB 220,,,/uploads/products/desc_1760335972_68ec9864c0cc3.gif,1000,piece,,1,in_stock,,,,,,298.4,linear,Y,SS275,"국산,중국산,일본산,수입산,장기재고,중고",,,,,N,Y,6,6,10,6,N,19,2025-09-30 11:14,
887,round-bar,환봉,환봉 RB 230,,,/uploads/products/desc_1760335972_68ec9864c0cc3.gif,1000,piece,,1,in_stock,,,,,,326,linear,Y,SS275,"국산,중국산,일본산,수입산,장기재고,중고",,,,,N,Y,6,6,10,6,N,35,2025-09-30 11:14,
888,round-bar,환봉,환봉 RB 240,,,/uploads/products/desc_1760335972_68ec9864c0cc3.gif,1000,piece,,1,in_stock,,,,,,355,linear,Y,SS275,"국산,중국산,일본산,수입산,장기재고,중고",,,,,N,Y,6,6,10,6,N,14,2025-09-30 11:14,
889,round-bar,환봉,환봉 RB 250,,,/uploads/products/desc_1760335972_68ec9864c0cc3.gif,1000,piece,,1,in_stock,,,,,,385.4,linear,Y,SS275,"국산,중국산,일본산,수입산,장기재고,중고",,,,,N,Y,6,6,10,6,N,25,2025-09-30 11:14,
890,round-bar,환봉,환봉 RB 260,,,/uploads/products/desc_1760335972_68ec9864c0cc3.gif,1000,piece,,1,in_stock,,,,,,416.4,linear,Y,SS275,"국산,중국산,일본산,수입산,장기재고,중고",,,,,N,Y,6,6,10,6,N,16,2025-09-30 11:14,
891,round-bar,환봉,환봉 RB 270,,,/uploads/products/desc_1760335972_68ec9864c0cc3.gif,1000,piece,,1,in_stock,,,,,,449.2,linear,Y,SS275,"국산,중국산,일본산,수입산,장기재고,중고",,,,,N,Y,6,6,10,6,N,18,2025-09-30 11:14,
892,round-bar,환봉,환봉 RB 280,,,/uploads/products/desc_1760335972_68ec9864c0cc3.gif,1000,piece,,1,in_stock,,,,,,483.1,linear,Y,SS275,"국산,중국산,일본산,수입산,장기재고,중고",,,,,N,Y,6,6,10,6,N,14,2025-09-30 11:14,
893,round-bar,환봉,환봉 RB 290,,,/uploads/products/desc_1760335972_68ec9864c0cc3.gif,1000,piece,,1,in_stock,,,,,,518.3,linear,Y,SS275,"국산,중국산,일본산,수입산,장기재고,중고",,,,,N,Y,6,6,10,6,N,18,2025-09-30 11:14,
894,round-bar,환봉,환봉 RB 300,,,/uploads/products/desc_1760335972_68ec9864c0cc3.gif,1000,piece,,1,in_stock,,,,,,554.6,linear,Y,SS275,"국산,중국산,일본산,수입산,장기재고,중고",,,,,N,Y,6,6,10,6,N,16,2025-09-30 11:14,
895,round-bar,환봉,환봉 RB 310,,,/uploads/products/desc_1760335972_68ec9864c0cc3.gif,1000,piece,,1,in_stock,,,,,,592.2,linear,Y,SS275,"국산,중국산,일본산,수입산,장기재고,중고",,,,,N,Y,6,6,10,6,N,14,2025-09-30 11:14,
896,round-bar,환봉,환봉 RB 320,,,/uploads/products/desc_1760335972_68ec9864c0cc3.gif,1000,piece,,1,in_stock,,,,,,631,linear,Y,SS275,"국산,중국산,일본산,수입산,장기재고,중고",,,,,N,Y,6,6,10,6,N,16,2025-09-30 11:14,
897,round-bar,환봉,환봉 RB 330,,,/uploads/products/desc_1760335972_68ec9864c0cc3.gif,1000,piece,,1,in_stock,,,,,,671.1,linear,Y,SS275,"국산,중국산,일본산,수입산,장기재고,중고",,,,,N,Y,6,6,10,6,N,14,2025-09-30 11:14,
898,round-bar,환봉,환봉 RB 340,,,/uploads/products/desc_1760335972_68ec9864c0cc3.gif,1000,piece,,1,in_stock,,,,,,712.3,linear,Y,SS275,"국산,중국산,일본산,수입산,장기재고,중고",,,,,N,Y,6,6,10,6,N,22,2025-09-30 11:14,
899,round-bar,환봉,환봉 RB 350,,,/uploads/products/desc_1760335972_68ec9864c0cc3.gif,1000,piece,,1,in_stock,,,,,,754.9,linear,Y,SS275,"국산,중국산,일본산,수입산,장기재고,중고",,,,,N,Y,6,6,10,6,N,18,2025-09-30 11:14,
900,round-bar,환봉,환봉 RB 360,,,/uploads/products/desc_1760335972_68ec9864c0cc3.gif,1000,piece,,1,in_stock,,,,,,798.6,linear,Y,SS275,"국산,중국산,일본산,수입산,장기재고,중고",,,,,N,Y,6,6,10,6,N,32,2025-09-30 11:14,
901,round-bar,환봉,환봉 RB 370,,,/uploads/products/desc_1760335972_68ec9864c0cc3.gif,1000,piece,,1,in_stock,,,,,,843.6,linear,Y,SS275,"국산,중국산,일본산,수입산,장기재고,중고",,,,,N,Y,6,6,10,6,N,18,2025-09-30 11:14,
902,round-bar,환봉,환봉 RB 380,,,/uploads/products/desc_1760335972_68ec9864c0cc3.gif,1000,piece,,1,in_stock,,,,,,889.8,linear,Y,SS275,"국산,중국산,일본산,수입산,장기재고,중고",,,,,N,Y,6,6,10,6,N,16,2025-09-30 11:14,
903,round-bar,환봉,환봉 RB 390,,,/uploads/products/desc_1760335972_68ec9864c0cc3.gif,1000,piece,,1,in_stock,,,,,,937.3,linear,Y,SS275,"국산,중국산,일본산,수입산,장기재고,중고",,,,,N,Y,6,6,10,6,N,18,2025-09-30 11:14,
904,round-bar,환봉,환봉 RB 400,,,/uploads/products/desc_1760335972_68ec9864c0cc3.gif,1000,piece,,1,in_stock,,,,,,986,linear,Y,SS275,"국산,중국산,일본산,수입산,장기재고,중고",,,,,N,Y,6,6,10,6,N,18,2025-09-30 11:14,
905,round-bar,환봉,환봉 RB 410,,,/uploads/products/desc_1760335972_68ec9864c0cc3.gif,1000,piece,,1,in_stock,,,,,,1035.9,linear,Y,SS275,"국산,중국산,일본산,수입산,장기재고,중고",,,,,N,Y,6,6,10,6,N,17,2025-09-30 11:14,
906,round-bar,환봉,환봉 RB 420,,,/uploads/products/desc_1760335972_68ec9864c0cc3.gif,1000,piece,,1,in_stock,,,,,,1087.3,linear,Y,SS275,"국산,중국산,일본산,수입산,장기재고,중고",,,,,N,Y,6,6,10,6,N,15,2025-09-30 11:14,
907,round-bar,환봉,환봉 RB 430,,,/uploads/products/desc_1760335972_68ec9864c0cc3.gif,1000,piece,,1,in_stock,,,,,,1140.2,linear,Y,SS275,"국산,중국산,일본산,수입산,장기재고,중고",,,,,N,Y,6,6,10,6,N,17,2025-09-30 11:14,
908,round-bar,환봉,환봉 RB 440,,,/uploads/products/desc_1760335972_68ec9864c0cc3.gif,1000,piece,,1,in_stock,,,,,,1193,linear,Y,SS275,"국산,중국산,일본산,수입산,장기재고,중고",,,,,N,Y,6,6,10,6,N,17,2025-09-30 11:14,
909,round-bar,환봉,환봉 RB 450,,,/uploads/products/desc_1760335972_68ec9864c0cc3.gif,1000,piece,,1,in_stock,,,,,,1249.9,linear,Y,SS275,"국산,중국산,일본산,수입산,장기재고,중고",,,,,N,Y,6,6,10,6,N,17,2025-09-30 11:14,
910,round-bar,환봉,환봉 RB 460,,,/uploads/products/desc_1760335972_68ec9864c0cc3.gif,1000,piece,,1,in_stock,,,,,,1303.9,linear,Y,SS275,"국산,중국산,일본산,수입산,장기재고,중고",,,,,N,Y,6,6,10,6,N,31,2025-09-30 11:14,
911,round-bar,환봉,환봉 RB 470,,,/uploads/products/desc_1760335972_68ec9864c0cc3.gif,1000,piece,,1,in_stock,,,,,,1361.2,linear,Y,SS275,"국산,중국산,일본산,수입산,장기재고,중고",,,,,N,Y,6,6,10,6,N,18,2025-09-30 11:14,
912,round-bar,환봉,환봉 RB 480,,,/uploads/products/desc_1760335972_68ec9864c0cc3.gif,1000,piece,,1,in_stock,,,,,,1419.8,linear,Y,SS275,"국산,중국산,일본산,수입산,장기재고,중고",,,,,N,Y,6,6,10,6,N,15,2025-09-30 11:14,
913,round-bar,환봉,환봉 RB 490,,,/uploads/products/desc_1760335972_68ec9864c0cc3.gif,1000,piece,,1,in_stock,,,,,,1479.6,linear,Y,SS275,"국산,중국산,일본산,수입산,장기재고,중고",,,,,N,Y,6,6,10,6,N,17,2025-09-30 11:14,
914,round-bar,환봉,환봉 RB 500,,,/uploads/products/desc_1760335972_68ec9864c0cc3.gif,1000,piece,,1,in_stock,,,,,,1537,linear,Y,SS275,"국산,중국산,일본산,수입산,장기재고,중고",,,,,N,Y,6,6,10,6,N,14,2025-09-30 11:14,
915,round-bar,환봉,환봉 RB 600,,,/uploads/products/desc_1760335972_68ec9864c0cc3.gif,1000,piece,,1,in_stock,,,,,,2219.1,linear,Y,SS275,"국산,중국산,일본산,수입산,장기재고,중고",,,,,N,Y,6,6,10,6,N,16,2025-09-30 11:14,
916,round-bar,환봉,환봉 RB 700,,,/uploads/products/desc_1760335972_68ec9864c0cc3.gif,1000,piece,,1,in_stock,,,,,,3025,linear,Y,SS275,"국산,중국산,일본산,수입산,장기재고,중고",,,,,N,Y,6,6,10,6,N,15,2025-09-30 11:14,
917,round-bar,환봉,환봉 RB 800,,,/uploads/products/desc_1760335972_68ec9864c0cc3.gif,1000,piece,,1,in_stock,,,,,,3945,linear,Y,SS275,"국산,중국산,일본산,수입산,장기재고,중고",,,,,N,Y,6,6,10,6,N,16,2025-09-30 11:14,
918,c-beam,C형강,C형강 60×30×10×1.6,,,"/uploads/products/20251013055840_68ec9510d0b5e.jpg
/uploads/products/desc_1760335972_68ec9864c0cc3.gif",1000,piece,,1,in_stock,,,,,SS400,1.63,linear,Y,COLOR,"국산,장기재고",SS400:0;SS400/A36:0;SHN400:0;SS490:0;SS540:0;SM400A:0;SM400B:0;SHN490:0;SM490A:0;SM490B:0;SM490YA:0;SM490YB:0,,,,N,Y,6,5,12,10,N,49,2025-09-30 11:19,
919,c-beam,C형강,C형강 60×30×10×1.8,,,/uploads/products/desc_1760335972_68ec9864c0cc3.gif,1000,piece,,1,in_stock,,,,,,1.81,linear,Y,COLOR,"국산,장기재고",,,,,N,Y,6,5,12,10,N,42,2025-09-30 11:19,
920,c-beam,C형강,C형강 60×30×10×2.0,,,/uploads/products/desc_1760335972_68ec9864c0cc3.gif,1000,piece,,1,in_stock,베트남산,,,,SHN490,1.99,linear,Y,COLOR,"국산,장기재고",SHN490:0;SM490A:0,베트남산:0;일본산:0,,,N,Y,6,5,12,10,N,39,2025-09-30 11:19,
921,c-beam,C형강,C형강 60×30×10×2.1,,,/uploads/products/desc_1760335972_68ec9864c0cc3.gif,1000,piece,,1,in_stock,,,,,,2.08,linear,Y,COLOR,"국산,장기재고",,,,,N,Y,6,5,12,10,N,30,2025-09-30 11:19,
922,c-beam,C형강,C형강 60×30×10×2.3,,,/uploads/products/desc_1760335972_68ec9864c0cc3.gif,1000,piece,,1,in_stock,,,,,,2.25,linear,Y,COLOR,"국산,장기재고",,,,,N,Y,6,5,12,10,N,27,2025-09-30 11:19,
923,c-beam,C형강,C형강 75×45×15×1.6,,,/uploads/products/desc_1760335972_68ec9864c0cc3.gif,1000,piece,,1,in_stock,,,,,,2.32,linear,Y,COLOR,"국산,장기재고",,,,,N,Y,6,5,12,10,N,39,2025-09-30 11:19,
924,c-beam,C형강,C형강 75×45×15×1.8,,,/uploads/products/desc_1760335972_68ec9864c0cc3.gif,1000,piece,,1,in_stock,,,,,,2.59,linear,Y,COLOR,"국산,장기재고",,,,,N,Y,6,5,12,10,N,37,2025-09-30 11:19,
925,c-beam,C형강,C형강 75×45×15×2.0,,,/uploads/products/desc_1760335972_68ec9864c0cc3.gif,1000,piece,,1,in_stock,,,,,,2.86,linear,Y,COLOR,"국산,장기재고",,,,,N,Y,6,5,12,10,N,31,2025-09-30 11:19,
926,c-beam,C형강,C형강 75×45×15×2.1,,,/uploads/products/desc_1760335972_68ec9864c0cc3.gif,1000,piece,,1,in_stock,,,,,,2.99,linear,Y,COLOR,"국산,장기재고",,,,,N,Y,6,5,12,10,N,27,2025-09-30 11:19,
927,c-beam,C형강,C형강 75×45×15×2.3,,,/uploads/products/desc_1760335972_68ec9864c0cc3.gif,1000,piece,,1,in_stock,,,,,,3.25,linear,Y,COLOR,"국산,장기재고",,,,,N,Y,6,5,12,10,N,36,2025-09-30 11:19,
928,c-beam,C형강,C형강 90×45×20×2.1,,,/uploads/products/desc_1760335972_68ec9864c0cc3.gif,1000,piece,,1,in_stock,,,,,,3.25,linear,Y,COLOR,"국산,장기재고",,,,,N,Y,6,5,12,10,N,28,2025-09-30 11:19,
929,c-beam,C형강,C형강 90×45×20×2.3,,,/uploads/products/desc_1760335972_68ec9864c0cc3.gif,1000,piece,,1,in_stock,,,,,,3.7,linear,Y,COLOR,"국산,장기재고",,,,,N,Y,6,5,12,10,N,23,2025-09-30 11:19,
930,c-beam,C형강,C형강 90×45×20×3.2,,,/uploads/products/desc_1760335972_68ec9864c0cc3.gif,1000,piece,,1,in_stock,,,,,,5,linear,Y,COLOR,"국산,장기재고",,,,,N,Y,6,5,12,10,N,27,2025-09-30 11:19,
931,c-beam,C형강,C형강 90×50×20×3.2,,,/uploads/products/desc_1760335972_68ec9864c0cc3.gif,1000,piece,,1,in_stock,,,,,,5.25,linear,Y,COLOR,"국산,장기재고",,,,,N,Y,6,5,12,10,N,29,2025-09-30 11:19,
932,c-beam,C형강,C형강 100×50×20×1.6,,,/uploads/products/desc_1760335972_68ec9864c0cc3.gif,1000,piece,,1,in_stock,,,,,,2.88,linear,Y,COLOR,"국산,장기재고",,,,,N,Y,6,5,12,10,N,35,2025-09-30 11:19,
933,c-beam,C형강,C형강 100×50×20×1.8,,,/uploads/products/desc_1760335972_68ec9864c0cc3.gif,1000,piece,,1,in_stock,,,,,,3.22,linear,Y,COLOR,"국산,장기재고",,,,,N,Y,6,5,12,10,N,29,2025-09-30 11:19,
934,c-beam,C형강,C형강 100×50×20×2.0,,,/uploads/products/desc_1760335972_68ec9864c0cc3.gif,1000,piece,,1,in_stock,,,,,,3.56,linear,Y,COLOR,"국산,장기재고",,,,,N,Y,6,5,12,10,N,29,2025-09-30 11:19,
935,c-beam,C형강,C형강 100×50×20×2.1,,,/uploads/products/desc_1760335972_68ec9864c0cc3.gif,1000,piece,,1,in_stock,,,,,,3.73,linear,Y,COLOR,"국산,장기재고",,,,,N,Y,6,5,12,10,N,21,2025-09-30 11:19,
936,c-beam,C형강,C형강 100×50×20×2.3,,,/uploads/products/desc_1760335972_68ec9864c0cc3.gif,1000,piece,,1,in_stock,,,,,,4.06,linear,Y,COLOR,"국산,장기재고",,,,,N,Y,6,5,12,10,N,31,2025-09-30 11:19,
937,c-beam,C형강,C형강 100×50×20×2.6,,,/uploads/products/desc_1760335972_68ec9864c0cc3.gif,1000,piece,,1,in_stock,,,,,,4.55,linear,Y,COLOR,"국산,장기재고",,,,,N,Y,6,5,12,10,N,30,2025-09-30 11:19,
938,c-beam,C형강,C형강 100×50×20×3.0,,,/uploads/products/desc_1760335972_68ec9864c0cc3.gif,1000,piece,,1,in_stock,,,,,,5.19,linear,Y,COLOR,"국산,장기재고",,,,,N,Y,6,5,12,10,N,29,2025-09-30 11:19,
939,c-beam,C형강,C형강 100×50×20×3.2,,,/uploads/products/desc_1760335972_68ec9864c0cc3.gif,1000,piece,,1,in_stock,,,,,,5.5,linear,Y,COLOR,"국산,장기재고",,,,,N,Y,6,5,12,10,N,36,2025-09-30 11:19,
940,c-beam,C형강,C형강 125×50×20×2.0,,,/uploads/products/desc_1760335972_68ec9864c0cc3.gif,1000,piece,,1,in_stock,,,,,,3.95,linear,Y,COLOR,"국산,장기재고",,,,,N,Y,6,5,12,10,N,19,2025-09-30 11:19,
941,c-beam,C형강,C형강 125×50×20×2.1,,,/uploads/products/desc_1760335972_68ec9864c0cc3.gif,1000,piece,,1,in_stock,,,,,,4.14,linear,Y,COLOR,"국산,장기재고",,,,,N,Y,6,5,12,10,N,19,2025-09-30 11:19,
942,c-beam,C형강,C형강 125×50×20×2.3,,,/uploads/products/desc_1760335972_68ec9864c0cc3.gif,1000,piece,,1,in_stock,,,,,,4.51,linear,Y,COLOR,"국산,장기재고",,,,,N,Y,6,5,12,10,N,20,2025-09-30 11:19,
943,c-beam,C형강,C형강 125×50×20×3.0,,,/uploads/products/desc_1760335972_68ec9864c0cc3.gif,1000,piece,,1,in_stock,,,,,,6.13,linear,Y,COLOR,"국산,장기재고",,,,,N,Y,6,5,12,10,N,17,2025-09-30 11:19,
944,c-beam,C형강,C형강 125×50×20×3.2,,,/uploads/products/desc_1760335972_68ec9864c0cc3.gif,1000,piece,,1,in_stock,,,,,,6.13,linear,Y,COLOR,"국산,장기재고",,,,,N,Y,6,5,12,10,N,22,2025-09-30 11:19,
945,c-beam,C형강,C형강 150×50×20×2.1,,,/uploads/products/desc_1760335972_68ec9864c0cc3.gif,1000,piece,,1,in_stock,,,,,,4.55,linear,Y,COLOR,"국산,장기재고",,,,,N,Y,6,5,12,10,N,21,2025-09-30 11:19,
946,c-beam,C형강,C형강 150×50×20×2.3,,,/uploads/products/desc_1760335972_68ec9864c0cc3.gif,1000,piece,,1,in_stock,,,,,,4.96,linear,Y,COLOR,"국산,장기재고",,,,,N,Y,6,5,12,10,N,24,2025-09-30 11:19,
947,c-beam,C형강,C형강 150×50×20×3.0,,,/uploads/products/desc_1760335972_68ec9864c0cc3.gif,1000,piece,,1,in_stock,,,,,,6.37,linear,Y,COLOR,"국산,장기재고",,,,,N,Y,6,5,12,10,N,28,2025-09-30 11:19,
948,c-beam,C형강,C형강 150×50×20×3.2,,,/uploads/products/desc_1760335972_68ec9864c0cc3.gif,1000,piece,,1,in_stock,,,,,,6.76,linear,Y,COLOR,"국산,장기재고",,,,,N,Y,6,5,12,10,N,27,2025-09-30 11:19,
949,c-beam,C형강,C형강 150×65×20×3.0,,,/uploads/products/desc_1760335972_68ec9864c0cc3.gif,1000,piece,,1,in_stock,,,,,,7.07,linear,Y,COLOR,"국산,장기재고",,,,,N,Y,6,5,12,10,N,19,2025-09-30 11:19,
950,c-beam,C형강,C형강 150×65×20×3.2,,,/uploads/products/desc_1760335972_68ec9864c0cc3.gif,1000,piece,,1,in_stock,,,,,,7.51,linear,Y,COLOR,"국산,장기재고",,,,,N,Y,6,5,12,10,N,20,2025-09-30 11:19,
951,c-beam,C형강,C형강 150×65×20×4.0,,,/uploads/products/desc_1760335972_68ec9864c0cc3.gif,1000,piece,,1,in_stock,,,,,,9.22,linear,Y,COLOR,"국산,장기재고",,,,,N,Y,6,5,12,10,N,16,2025-09-30 11:19,
952,c-beam,C형강,C형강 150×65×20×4.5,,,/uploads/products/desc_1760335972_68ec9864c0cc3.gif,1000,piece,,1,in_stock,,,,,,10.3,linear,Y,COLOR,"국산,장기재고",,,,,N,Y,6,5,12,10,N,13,2025-09-30 11:19,
953,c-beam,C형강,C형강 150×75×20×3.0,,,/uploads/products/desc_1760335972_68ec9864c0cc3.gif,1000,piece,,1,in_stock,,,,,,7.78,linear,Y,COLOR,"국산,장기재고",,,,,N,Y,6,5,12,10,N,17,2025-09-30 11:19,
954,c-beam,C형강,C형강 150×75×25×3.2,,,/uploads/products/desc_1760335972_68ec9864c0cc3.gif,1000,piece,,1,in_stock,,,,,,8.27,linear,Y,COLOR,"국산,장기재고",,,,,N,Y,6,5,12,10,N,30,2025-09-30 11:19,
955,c-beam,C형강,C형강 200×75×20×3.0,,,/uploads/products/desc_1760335972_68ec9864c0cc3.gif,1000,piece,,1,in_stock,,,,,,7.78,linear,Y,COLOR,"국산,장기재고",,,,,N,Y,6,5,12,10,N,19,2025-09-30 11:19,
956,c-beam,C형강,C형강 200×75×20×3.2,,,/uploads/products/desc_1760335972_68ec9864c0cc3.gif,1000,piece,,1,in_stock,,,,,,9.27,linear,Y,COLOR,"국산,장기재고",,,,,N,Y,6,5,12,10,N,23,2025-09-30 11:19,
957,c-beam,C형강,C형강 200×75×20×4.5,,,/uploads/products/desc_1760335972_68ec9864c0cc3.gif,1000,piece,,1,in_stock,,,,,,12.7,linear,Y,COLOR,"국산,장기재고",,,,,N,Y,6,5,12,10,N,23,2025-09-30 11:19,
958,c-beam,C형강,C형강 200×75×20×5.0,,,/uploads/products/desc_1760335972_68ec9864c0cc3.gif,1000,piece,,1,in_stock,,,,,,14,linear,Y,COLOR,"국산,장기재고",,,,,N,Y,6,5,12,10,N,17,2025-09-30 11:19,
959,c-beam,C형강,C형강 200×75×25×3.2,,,/uploads/products/desc_1760335972_68ec9864c0cc3.gif,1000,piece,,1,in_stock,,,,,,9.52,linear,Y,COLOR,"국산,장기재고",,,,,N,Y,6,5,12,10,N,20,2025-09-30 11:19,
960,c-beam,C형강,C형강 200×75×25×4.0,,,/uploads/products/desc_1760335972_68ec9864c0cc3.gif,1000,piece,,1,in_stock,,,,,,11.7,linear,Y,COLOR,"국산,장기재고",,,,,N,Y,6,5,12,10,N,17,2025-09-30 11:19,
961,c-beam,C형강,C형강 200×75×25×4.5,,,/uploads/products/desc_1760335972_68ec9864c0cc3.gif,1000,piece,,1,in_stock,,,,,,13.1,linear,Y,COLOR,"국산,장기재고",,,,,N,Y,6,5,12,10,N,19,2025-09-30 11:19,
962,c-beam,C형강,C형강 200×80×20×4.0,,,/uploads/products/desc_1760335972_68ec9864c0cc3.gif,1000,piece,,1,in_stock,,,,,,13.3,linear,Y,COLOR,"국산,장기재고",,,,,N,Y,6,5,12,10,N,22,2025-09-30 11:19,
963,c-beam,C형강,C형강 250×80×20×4.5,,,/uploads/products/desc_1760335972_68ec9864c0cc3.gif,1000,piece,,1,in_stock,,,,,,14.9,linear,Y,COLOR,"국산,장기재고",,,,,N,Y,6,5,12,10,N,15,2025-09-30 11:19,
964,rail,레일,레일 9kg,,,/uploads/products/desc_1760335972_68ec9864c0cc3.gif,1000,piece,,1,in_stock,,,,,,8.94,linear,Y,"SS400,SS400/A36,SHN400,SS490,SS540,SM400A,SM400B,SHN490,SM490A,SM490B,SM490YA,SM490YB","국산,중국산,일본산,중고",,,,,N,Y,6,8,20,10,N,30,2025-09-30 11:24,
965,rail,레일,레일 15kg,,,/uploads/products/desc_1760335972_68ec9864c0cc3.gif,1000,piece,,1,in_stock,,,,,,15.2,linear,Y,"SS400,SS400/A36,SHN400,SS490,SS540,SM400A,SM400B,SHN490,SM490A,SM490B,SM490YA,SM490YB","국산,중국산,일본산,중고",,,,,N,Y,6,8,20,10,N,25,2025-09-30 11:24,
966,rail,레일,레일 22kg,,,/uploads/products/desc_1760335972_68ec9864c0cc3.gif,2000,piece,,1,in_stock,국산,,,,SS400,22.3,linear,Y,"SS400,SS400/A36,SHN400,SS490,SS540,SM400A,SM400B,SHN490,SM490A,SM490B,SM490YA,SM490YB","국산,중국산,일본산,중고",SS400:0;SS400/A36:0;SHN400:0;SS490:0;SS540:0;SM400A:0;SM400B:0;SHN490:0;SM490A:0;SM490B:0;SM490YA:0;SM490YB:0,국산:0,,,N,Y,6,8,20,10,N,50,2025-09-30 11:24,
967,rail,레일,레일 30kg,,,/uploads/products/desc_1760335972_68ec9864c0cc3.gif,1000,piece,,1,in_stock,,,,,,30.1,linear,Y,"SS400,SS400/A36,SHN400,SS490,SS540,SM400A,SM400B,SHN490,SM490A,SM490B,SM490YA,SM490YB","국산,중국산,일본산,중고",,,,,N,Y,6,8,20,10,N,29,2025-09-30 11:24,
968,rail,레일,레일 37kg,,,/uploads/products/desc_1760335972_68ec9864c0cc3.gif,1000,piece,,1,in_stock,,,,,,37.2,linear,Y,"SS400,SS400/A36,SHN400,SS490,SS540,SM400A,SM400B,SHN490,SM490A,SM490B,SM490YA,SM490YB","국산,중국산,일본산,중고",,,,,N,Y,6,8,20,10,N,20,2025-09-30 11:24,
969,rail,레일,레일 50kg,,,/uploads/products/desc_1760335972_68ec9864c0cc3.gif,1000,piece,,1,in_stock,,,,,,50.4,linear,Y,"SS400,SS400/A36,SHN400,SS490,SS540,SM400A,SM400B,SHN490,SM490A,SM490B,SM490YA,SM490YB","국산,중국산,일본산,중고",,,,,N,Y,6,8,20,10,N,35,2025-09-30 11:24,
970,rail,레일,레일 50kg/N,,,/uploads/products/desc_1760335972_68ec9864c0cc3.gif,1000,piece,,1,in_stock,,,,,,50.4,linear,Y,"SS400,SS400/A36,SHN400,SS490,SS540,SM400A,SM400B,SHN490,SM490A,SM490B,SM490YA,SM490YB","국산,중국산,일본산,중고",,,,,N,Y,6,8,20,10,N,22,2025-09-30 11:24,
971,rail,레일,레일 60kg,,,/uploads/products/desc_1760335972_68ec9864c0cc3.gif,1000,piece,,1,in_stock,,,,,,60.8,linear,Y,"SS400,SS400/A36,SHN400,SS490,SS540,SM400A,SM400B,SHN490,SM490A,SM490B,SM490YA,SM490YB","국산,중국산,일본산,중고",,,,,N,Y,6,8,20,10,N,37,2025-09-30 11:24,
972,rail,레일,레일 70kg,,,/uploads/products/desc_1760335972_68ec9864c0cc3.gif,1000,piece,,1,in_stock,,,,,,69.5,linear,Y,"SS400,SS400/A36,SHN400,SS490,SS540,SM400A,SM400B,SHN490,SM490A,SM490B,SM490YA,SM490YB","국산,중국산,일본산,중고",,,,,N,Y,6,8,20,10,N,24,2025-09-30 11:24,
973,rail,레일,레일 73kg,,,/uploads/products/desc_1760335972_68ec9864c0cc3.gif,1000,piece,,1,in_stock,,,,,,73.3,linear,Y,"SS400,SS400/A36,SHN400,SS490,SS540,SM400A,SM400B,SHN490,SM490A,SM490B,SM490YA,SM490YB","국산,중국산,일본산,중고",,,,,N,Y,6,8,20,10,N,24,2025-09-30 11:24,
974,square-pipe,사각파이프,사각파이프 15×15×1.0T,,,/uploads/products/desc_1760335972_68ec9864c0cc3.gif,1000,piece,,1,in_stock,,,,,,0.419,linear,Y,COLOR,"국산,장기재고",,,,,N,Y,6,5,12,6,N,26,2025-09-30 11:30,
975,square-pipe,사각파이프,사각파이프 15×15×1.2T,,,/uploads/products/desc_1760335972_68ec9864c0cc3.gif,1000,piece,,1,in_stock,,,,,,0.491,linear,Y,COLOR,"국산,장기재고",,,,,N,Y,6,5,12,6,N,27,2025-09-30 11:30,
976,square-pipe,사각파이프,사각파이프 15×15×1.6T,,,/uploads/products/desc_1760335972_68ec9864c0cc3.gif,1000,piece,,1,in_stock,,,,,,0.621,linear,Y,COLOR,"국산,장기재고",,,,,N,Y,6,5,12,6,N,37,2025-09-30 11:30,
977,square-pipe,사각파이프,사각파이프 19×19×1.0T,,,/uploads/products/desc_1760335972_68ec9864c0cc3.gif,1000,piece,,1,in_stock,,,,,,0.545,linear,Y,COLOR,"국산,장기재고",,,,,N,Y,6,5,12,6,N,25,2025-09-30 11:30,
978,square-pipe,사각파이프,사각파이프 19×19×1.2T,,,/uploads/products/desc_1760335972_68ec9864c0cc3.gif,1000,piece,,1,in_stock,,,,,,0.642,linear,Y,COLOR,"국산,장기재고",,,,,N,Y,6,5,12,6,N,26,2025-09-30 11:30,
979,square-pipe,사각파이프,사각파이프 19×19×1.6T,,,/uploads/products/desc_1760335972_68ec9864c0cc3.gif,1000,piece,,1,in_stock,,,,,,0.822,linear,Y,COLOR,"국산,장기재고",,,,,N,Y,6,5,12,6,N,26,2025-09-30 11:30,
980,square-pipe,사각파이프,사각파이프 20×20×1.2T,,,/uploads/products/desc_1760335972_68ec9864c0cc3.gif,1000,piece,,1,in_stock,,,,,,0.697,linear,Y,COLOR,"국산,장기재고",,,,,N,Y,6,5,12,6,N,26,2025-09-30 11:30,
981,square-pipe,사각파이프,사각파이프 20×20×1.4T,,,/uploads/products/desc_1760335972_68ec9864c0cc3.gif,1000,piece,,1,in_stock,,,,,,0.872,linear,Y,COLOR,"국산,장기재고",,,,,N,Y,6,5,12,6,N,28,2025-09-30 11:30,
982,square-pipe,사각파이프,사각파이프 25×25×1.2T,,,/uploads/products/desc_1760335972_68ec9864c0cc3.gif,1000,piece,,1,in_stock,,,,,,0.867,linear,Y,COLOR,"국산,장기재고",,,,,N,Y,6,5,12,6,N,28,2025-09-30 11:30,
983,square-pipe,사각파이프,사각파이프 25×25×1.4T,,,/uploads/products/desc_1760335972_68ec9864c0cc3.gif,1000,piece,,1,in_stock,,,,,,1.12,linear,Y,COLOR,"국산,장기재고",,,,,N,Y,6,5,12,6,N,27,2025-09-30 11:30,
984,square-pipe,사각파이프,사각파이프 30×30×1.2T,,,/uploads/products/desc_1760335972_68ec9864c0cc3.gif,1000,piece,,1,in_stock,,,,,,1.06,linear,Y,COLOR,"국산,장기재고",,,,,N,Y,6,5,12,6,N,38,2025-09-30 11:30,
985,square-pipe,사각파이프,사각파이프 30×30×1.4T,,,/uploads/products/desc_1760335972_68ec9864c0cc3.gif,1000,piece,,1,in_stock,,,,,,1.38,linear,Y,COLOR,"국산,장기재고",,,,,N,Y,6,5,12,6,N,35,2025-09-30 11:30,
986,square-pipe,사각파이프,사각파이프 40×40×1.4T,,,/uploads/products/desc_1760335972_68ec9864c0cc3.gif,1000,piece,,1,in_stock,,,,,,1.88,linear,Y,COLOR,"국산,장기재고",,,,,N,Y,6,5,12,6,N,36,2025-09-30 11:30,
987,square-pipe,사각파이프,사각파이프 40×40×2.0T,,,/uploads/products/desc_1760335972_68ec9864c0cc3.gif,1000,piece,,1,in_stock,,,,,,2.62,linear,Y,COLOR,"국산,장기재고",,,,,N,Y,6,5,12,6,N,40,2025-09-30 11:30,
988,square-pipe,사각파이프,사각파이프 50×50×1.4T,,,/uploads/products/desc_1760335972_68ec9864c0cc3.gif,1000,piece,,1,in_stock,,,,,,2.38,linear,Y,COLOR,"국산,장기재고",,,,,N,Y,6,5,12,6,N,49,2025-09-30 11:30,
989,square-pipe,사각파이프,사각파이프 50×50×2.0T,,,/uploads/products/desc_1760335972_68ec9864c0cc3.gif,1000,piece,,1,in_stock,,,,,,3.34,linear,Y,COLOR,"국산,장기재고",,,,,N,Y,6,5,12,6,N,71,2025-09-30 11:30,
990,square-pipe,사각파이프,사각파이프 50×50×2.9T,,,/uploads/products/desc_1760335972_68ec9864c0cc3.gif,1000,piece,,1,in_stock,,,,,,4.5,linear,Y,COLOR,"국산,장기재고",,,,,N,Y,6,5,12,6,N,27,2025-09-30 11:30,
991,square-pipe,사각파이프,사각파이프 75×75×1.4T,,,/uploads/products/desc_1760335972_68ec9864c0cc3.gif,1000,piece,,1,in_stock,,,,,,3.64,linear,Y,COLOR,"국산,장기재고",,,,,N,Y,6,5,12,6,N,26,2025-09-30 11:30,
992,square-pipe,사각파이프,사각파이프 75×75×2.0T,,,/uploads/products/desc_1760335972_68ec9864c0cc3.gif,1000,piece,,1,in_stock,,,,,,5.14,linear,Y,COLOR,"국산,장기재고",,,,,N,Y,6,5,12,6,N,48,2025-09-30 11:30,
993,square-pipe,사각파이프,사각파이프 75×75×2.9T,,,/uploads/products/desc_1760335972_68ec9864c0cc3.gif,1000,piece,,1,in_stock,,,,,,7.01,linear,Y,COLOR,"국산,장기재고",,,,,N,Y,6,5,12,6,N,18,2025-09-30 11:30,
994,square-pipe,사각파이프,사각파이프 100×100×2.0T,,,/uploads/products/desc_1760335972_68ec9864c0cc3.gif,1000,piece,,1,in_stock,,,,,,6.95,linear,Y,COLOR,"국산,장기재고",,,,,N,Y,6,5,12,6,N,34,2025-09-30 11:30,
995,square-pipe,사각파이프,사각파이프 100×100×2.9T,,,/uploads/products/desc_1760335972_68ec9864c0cc3.gif,1000,piece,,1,in_stock,,,,,,9.52,linear,Y,COLOR,"국산,장기재고",,,,,N,Y,6,5,12,6,N,31,2025-09-30 11:30,
996,square-pipe,사각파이프,사각파이프 100×100×4.0T,,,/uploads/products/desc_1760335972_68ec9864c0cc3.gif,1000,piece,,1,in_stock,,,,,,11.7,linear,Y,COLOR,"국산,장기재고",,,,,N,Y,6,5,12,6,N,25,2025-09-30 11:30,
997,square-pipe,사각파이프,사각파이프 100×100×4.0T,,,/uploads/products/desc_1760335972_68ec9864c0cc3.gif,1000,piece,,1,in_stock,,,,,,13.1,linear,Y,COLOR,"국산,장기재고",,,,,N,Y,6,5,12,6,N,24,2025-09-30 11:30,
998,square-pipe,사각파이프,사각파이프 100×100×6.0T,,,/uploads/products/desc_1760335972_68ec9864c0cc3.gif,1000,piece,,1,in_stock,,,,,,17,linear,Y,COLOR,"국산,장기재고",,,,,N,Y,6,5,12,6,N,27,2025-09-30 11:30,
999,square-pipe,사각파이프,사각파이프 100×100×9.0T,,,/uploads/products/desc_1760335972_68ec9864c0cc3.gif,1000,piece,,1,in_stock,,,,,,24.1,linear,Y,COLOR,"국산,장기재고",,,,,N,Y,6,5,12,6,N,26,2025-09-30 11:30,
1000,square-pipe,사각파이프,사각파이프 125×125×2.9T,,,/uploads/products/desc_1760335972_68ec9864c0cc3.gif,1000,piece,,1,in_stock,,,,,,12,linear,Y,COLOR,"국산,장기재고",,,,,N,Y,6,5,12,6,N,18,2025-09-30 11:30,
1001,square-pipe,사각파이프,사각파이프 125×125×4.0T,,,/uploads/products/desc_1760335972_68ec9864c0cc3.gif,1000,piece,,1,in_stock,,,,,,16.6,linear,Y,COLOR,"국산,장기재고",,,,,N,Y,6,5,12,6,N,19,2025-09-30 11:30,
1002,square-pipe,사각파이프,사각파이프 125×125×5.0T,,,/uploads/products/desc_1760335972_68ec9864c0cc3.gif,1000,piece,,1,in_stock,,,,,,18.3,linear,Y,COLOR,"국산,장기재고",,,,,N,Y,6,5,12,6,N,21,2025-09-30 11:30,
1003,square-pipe,사각파이프,사각파이프 125×125×6.0T,,,/uploads/products/desc_1760335972_68ec9864c0cc3.gif,1000,piece,,1,in_stock,,,,,,21.7,linear,Y,COLOR,"국산,장기재고",,,,,N,Y,6,5,12,6,N,25,2025-09-30 11:30,
1004,square-pipe,사각파이프,사각파이프 125×125×9.0T,,,/uploads/products/desc_1760335972_68ec9864c0cc3.gif,1000,piece,,1,in_stock,,,,,,31.1,linear,Y,COLOR,"국산,장기재고",,,,,N,Y,6,5,12,6,N,18,2025-09-30 11:30,
1005,square-pipe,사각파이프,사각파이프 150×150×4.0T,,,/uploads/products/desc_1760335972_68ec9864c0cc3.gif,1000,piece,,1,in_stock,,,,,,20.1,linear,Y,COLOR,"국산,장기재고",,,,,N,Y,6,5,12,6,N,36,2025-09-30 11:30,
1006,square-pipe,사각파이프,사각파이프 150×150×5.0T,,,/uploads/products/desc_1760335972_68ec9864c0cc3.gif,1000,piece,,1,in_stock,,,,,,22.3,linear,Y,COLOR,"국산,장기재고",,,,,N,Y,6,5,12,6,N,30,2025-09-30 11:30,
1007,square-pipe,사각파이프,사각파이프 150×150×6.0T,,,/uploads/products/desc_1760335972_68ec9864c0cc3.gif,1000,piece,,1,in_stock,,,,,,26.4,linear,Y,COLOR,"국산,장기재고",,,,,N,Y,6,5,12,6,N,23,2025-09-30 11:30,
1008,square-pipe,사각파이프,사각파이프 150×150×9.0T,,,/uploads/products/desc_1760335972_68ec9864c0cc3.gif,1000,piece,,1,in_stock,,,,,,38.21,linear,Y,COLOR,"국산,장기재고",,,,,N,Y,6,5,12,6,N,28,2025-09-30 11:30,
1009,square-pipe,사각파이프,사각파이프 200×200×4.5T,,,/uploads/products/desc_1760335972_68ec9864c0cc3.gif,1000,piece,,1,in_stock,,,,,,27.2,linear,Y,COLOR,"국산,장기재고",,,,,N,Y,6,5,12,6,N,26,2025-09-30 11:30,
1010,square-pipe,사각파이프,사각파이프 200×200×5.0T,,,/uploads/products/desc_1760335972_68ec9864c0cc3.gif,1000,piece,,1,in_stock,,,,,,35.8,linear,Y,COLOR,"국산,장기재고",,,,,N,Y,6,5,12,6,N,22,2025-09-30 11:30,
1011,square-pipe,사각파이프,사각파이프 200×200×6.0T,,,/uploads/products/desc_1760335972_68ec9864c0cc3.gif,1000,piece,,1,in_stock,,,,,,46.9,linear,Y,COLOR,"국산,장기재고",,,,,N,Y,6,5,12,6,N,30,2025-09-30 11:30,
1012,square-pipe,사각파이프,사각파이프 200×200×9.0T,,,/uploads/products/desc_1760335972_68ec9864c0cc3.gif,1000,piece,,1,in_stock,,,,,,52.3,linear,Y,COLOR,"국산,장기재고",,,,,N,Y,6,5,12,6,N,19,2025-09-30 11:30,
1013,square-pipe,사각파이프,사각파이프 250×250×5.0T,,,/uploads/products/desc_1760335972_68ec9864c0cc3.gif,1000,piece,,1,in_stock,,,,,,38,linear,Y,COLOR,"국산,장기재고",,,,,N,Y,6,5,12,6,N,17,2025-09-30 11:30,
1014,square-pipe,사각파이프,사각파이프 250×250×6.0T,,,/uploads/products/desc_1760335972_68ec9864c0cc3.gif,1000,piece,,1,in_stock,,,,,,45.2,linear,Y,COLOR,"국산,장기재고",,,,,N,Y,6,5,12,6,N,21,2025-09-30 11:30,
1015,square-pipe,사각파이프,사각파이프 250×250×8.0T,,,/uploads/products/desc_1760335972_68ec9864c0cc3.gif,1000,piece,,1,in_stock,,,,,,59.5,linear,Y,COLOR,"국산,장기재고",,,,,N,Y,6,5,12,6,N,21,2025-09-30 11:30,
1016,square-pipe,사각파이프,사각파이프 250×250×9.0T,,,/uploads/products/desc_1760335972_68ec9864c0cc3.gif,1000,piece,,1,in_stock,,,,,,66.5,linear,Y,COLOR,"국산,장기재고",,,,,N,Y,6,5,12,6,N,24,2025-09-30 11:30,
1017,square-pipe,사각파이프,사각파이프 30×20×1.2T,,,/uploads/products/desc_1760335972_68ec9864c0cc3.gif,1000,piece,,1,in_stock,,,,,,0.868,linear,Y,COLOR,"국산,장기재고",,,,,N,Y,6,5,12,6,N,21,2025-09-30 11:30,
1018,square-pipe,사각파이프,사각파이프 30×20×1.4T,,,/uploads/products/desc_1760335972_68ec9864c0cc3.gif,1000,piece,,1,in_stock,,,,,,1.124,linear,Y,COLOR,"국산,장기재고",,,,,N,Y,6,5,12,6,N,24,2025-09-30 11:30,
1019,square-pipe,사각파이프,사각파이프 40×20×1.2T,,,/uploads/products/desc_1760335972_68ec9864c0cc3.gif,1000,piece,,1,in_stock,,,,,,1.053,linear,Y,COLOR,"국산,장기재고",,,,,N,Y,6,5,12,6,N,24,2025-09-30 11:30,
1020,square-pipe,사각파이프,사각파이프 40×20×1.4T,,,/uploads/products/desc_1760335972_68ec9864c0cc3.gif,1000,piece,,1,in_stock,,,,,,1.375,linear,Y,COLOR,"국산,장기재고",,,,,N,Y,6,5,12,6,N,29,2025-09-30 11:30,
1021,square-pipe,사각파이프,사각파이프 50×30×1.4T,,,/uploads/products/desc_1760335972_68ec9864c0cc3.gif,1000,piece,,1,in_stock,,,,,,1.88,linear,Y,COLOR,"국산,장기재고",,,,,N,Y,6,5,12,6,N,25,2025-09-30 11:30,
1022,square-pipe,사각파이프,사각파이프 50×30×2.0T,,,/uploads/products/desc_1760335972_68ec9864c0cc3.gif,1000,piece,,1,in_stock,,,,,,2.62,linear,Y,COLOR,"국산,장기재고",,,,,N,Y,6,5,12,6,N,21,2025-09-30 11:30,
1023,square-pipe,사각파이프,사각파이프 60×30×1.4T,,,/uploads/products/desc_1760335972_68ec9864c0cc3.gif,1000,piece,,1,in_stock,,,,,,2.13,linear,Y,COLOR,"국산,장기재고",,,,,N,Y,6,5,12,6,N,30,2025-09-30 11:30,
1024,square-pipe,사각파이프,사각파이프 60×30×2.0T,,,/uploads/products/desc_1760335972_68ec9864c0cc3.gif,1000,piece,,1,in_stock,,,,,,2.98,linear,Y,COLOR,"국산,장기재고",,,,,N,Y,6,5,12,6,N,14,2025-09-30 11:30,
1025,square-pipe,사각파이프,사각파이프 60×30×2.9T,,,/uploads/products/desc_1760335972_68ec9864c0cc3.gif,1000,piece,,1,in_stock,,,,,,3.99,linear,Y,COLOR,"국산,장기재고",,,,,N,Y,6,5,12,6,N,19,2025-09-30 11:30,
1026,square-pipe,사각파이프,사각파이프 75×45×1.4T,,,/uploads/products/desc_1760335972_68ec9864c0cc3.gif,1000,piece,,1,in_stock,,,,,,2.88,linear,Y,COLOR,"국산,장기재고",,,,,N,Y,6,5,12,6,N,23,2025-09-30 11:30,
1027,square-pipe,사각파이프,사각파이프 75×45×2.0T,,,/uploads/products/desc_1760335972_68ec9864c0cc3.gif,1000,piece,,1,in_stock,,,,,,4.06,linear,Y,COLOR,"국산,장기재고",,,,,N,Y,6,5,12,6,N,28,2025-09-30 11:30,
1028,square-pipe,사각파이프,사각파이프 75×45×2.9T,,,/uploads/products/desc_1760335972_68ec9864c0cc3.gif,1000,piece,,1,in_stock,,,,,,5.5,linear,Y,COLOR,"국산,장기재고",,,,,N,Y,6,5,12,6,N,23,2025-09-30 11:30,
1029,square-pipe,사각파이프,사각파이프 80×40×1.4T,,,/uploads/products/desc_1760335972_68ec9864c0cc3.gif,1000,piece,,1,in_stock,,,,,,2.88,linear,Y,COLOR,"국산,장기재고",,,,,N,Y,6,5,12,6,N,20,2025-09-30 11:30,
1030,square-pipe,사각파이프,사각파이프 80×40×2.0T,,,/uploads/products/desc_1760335972_68ec9864c0cc3.gif,1000,piece,,1,in_stock,,,,,,4.06,linear,Y,COLOR,"국산,장기재고",,,,,N,Y,6,5,12,6,N,30,2025-09-30 11:30,
1031,square-pipe,사각파이프,사각파이프 80×40×2.9T,,,/uploads/products/desc_1760335972_68ec9864c0cc3.gif,1000,piece,,1,in_stock,,,,,,5.5,linear,Y,COLOR,"국산,장기재고",,,,,N,Y,6,5,12,6,N,21,2025-09-30 11:30,
1032,square-pipe,사각파이프,사각파이프 90×45×2.0T,,,/uploads/products/desc_1760335972_68ec9864c0cc3.gif,1000,piece,,1,in_stock,,,,,,4.6,linear,Y,COLOR,"국산,장기재고",,,,,N,Y,6,5,12,6,N,17,2025-09-30 11:30,
1033,square-pipe,사각파이프,사각파이프 90×45×2.9T,,,/uploads/products/desc_1760335972_68ec9864c0cc3.gif,1000,piece,,1,in_stock,,,,,,6.25,linear,Y,COLOR,"국산,장기재고",,,,,N,Y,6,5,12,6,N,17,2025-09-30 11:30,
1034,square-pipe,사각파이프,사각파이프 100×50×1.4T,,,/uploads/products/desc_1760335972_68ec9864c0cc3.gif,1000,piece,,1,in_stock,,,,,,3.64,linear,Y,COLOR,"국산,장기재고",,,,,N,Y,6,5,12,6,N,24,2025-09-30 11:30,
1035,square-pipe,사각파이프,사각파이프 100×50×2.0T,,,/uploads/products/desc_1760335972_68ec9864c0cc3.gif,1000,piece,,1,in_stock,,,,,,5.14,linear,Y,COLOR,"국산,장기재고",,,,,N,Y,6,5,12,6,N,25,2025-09-30 11:30,
1036,square-pipe,사각파이프,사각파이프 100×50×2.9T,,,/uploads/products/desc_1760335972_68ec9864c0cc3.gif,1000,piece,,1,in_stock,,,,,,7.01,linear,Y,COLOR,"국산,장기재고",,,,,N,Y,6,5,12,6,N,25,2025-09-30 11:30,
1037,square-pipe,사각파이프,사각파이프 100×50×4.0T,,,/uploads/products/desc_1760335972_68ec9864c0cc3.gif,1000,piece,,1,in_stock,,,,,,9.55,linear,Y,COLOR,"국산,장기재고",,,,,N,Y,6,5,12,6,N,19,2025-09-30 11:30,
1038,square-pipe,사각파이프,사각파이프 125×75×2.0T,,,/uploads/products/desc_1760335972_68ec9864c0cc3.gif,1000,piece,,1,in_stock,,,,,,6.95,linear,Y,COLOR,"국산,장기재고",,,,,N,Y,6,5,12,6,N,15,2025-09-30 11:30,
1039,square-pipe,사각파이프,사각파이프 225×75×2.9T,,,/uploads/products/desc_1760335972_68ec9864c0cc3.gif,1000,piece,,1,in_stock,,,,,,9.52,linear,Y,COLOR,"국산,장기재고",,,,,N,Y,6,5,12,6,N,20,2025-09-30 11:30,
1040,square-pipe,사각파이프,사각파이프 125×75×4.0T,,,/uploads/products/desc_1760335972_68ec9864c0cc3.gif,1000,piece,,1,in_stock,,,,,,11.7,linear,Y,COLOR,"국산,장기재고",,,,,N,Y,6,5,12,6,N,20,2025-09-30 11:30,
1041,square-pipe,사각파이프,사각파이프 125×75×4.0T,,,/uploads/products/desc_1760335972_68ec9864c0cc3.gif,1000,piece,,1,in_stock,,,,,,13.1,linear,Y,COLOR,"국산,장기재고",,,,,N,Y,6,5,12,6,N,20,2025-09-30 11:30,
1042,square-pipe,사각파이프,사각파이프 125×75×6.0T,,,/uploads/products/desc_1760335972_68ec9864c0cc3.gif,1000,piece,,1,in_stock,,,,,,17,linear,Y,COLOR,"국산,장기재고",,,,,N,Y,6,5,12,6,N,25,2025-09-30 11:30,
1043,square-pipe,사각파이프,사각파이프 150×100×2.9T,,,/uploads/products/desc_1760335972_68ec9864c0cc3.gif,1000,piece,,1,in_stock,,,,,,12,linear,Y,COLOR,"국산,장기재고",,,,,N,Y,6,5,12,6,N,24,2025-09-30 11:30,
1044,square-pipe,사각파이프,사각파이프 150×100×4.0T,,,/uploads/products/desc_1760335972_68ec9864c0cc3.gif,1000,piece,,1,in_stock,,,,,,16.6,linear,Y,COLOR,"국산,장기재고",,,,,N,Y,6,5,12,6,N,25,2025-09-30 11:30,
1045,square-pipe,사각파이프,사각파이프 150×100×6.0T,,,/uploads/products/desc_1760335972_68ec9864c0cc3.gif,1000,piece,,1,in_stock,,,,,,21.7,linear,Y,COLOR,"국산,장기재고",,,,,N,Y,6,5,12,6,N,18,2025-09-30 11:30,
1046,square-pipe,사각파이프,사각파이프 150×100×9.0T,,,/uploads/products/desc_1760335972_68ec9864c0cc3.gif,1000,piece,,1,in_stock,,,,,,31.1,linear,Y,COLOR,"국산,장기재고",,,,,N,Y,6,5,12,6,N,23,2025-09-30 11:30,
1047,square-pipe,사각파이프,사각파이프 200×100×4.0T,,,/uploads/products/desc_1760335972_68ec9864c0cc3.gif,1000,piece,,1,in_stock,,,,,,20.1,linear,Y,COLOR,"국산,장기재고",,,,,N,Y,6,5,12,6,N,22,2025-09-30 11:30,
1048,square-pipe,사각파이프,사각파이프 200×100×6.0T,,,/uploads/products/desc_1760335972_68ec9864c0cc3.gif,1000,piece,,1,in_stock,,,,,,26.4,linear,Y,COLOR,"국산,장기재고",,,,,N,Y,6,5,12,6,N,21,2025-09-30 11:30,
1049,square-pipe,사각파이프,사각파이프 200×100×9.0T,,,/uploads/products/desc_1760335972_68ec9864c0cc3.gif,1000,piece,,1,in_stock,,,,,,38.2,linear,Y,COLOR,"국산,장기재고",,,,,N,Y,6,5,12,6,N,21,2025-09-30 11:30,
1050,square-pipe,사각파이프,사각파이프 250×150×4.5T,,,/uploads/products/desc_1760335972_68ec9864c0cc3.gif,1000,piece,,1,in_stock,,,,,,23.7,linear,Y,COLOR,"국산,장기재고",,,,,N,Y,6,5,12,6,N,21,2025-09-30 11:30,
1051,square-pipe,사각파이프,사각파이프 250×150×6.0T,,,/uploads/products/desc_1760335972_68ec9864c0cc3.gif,1000,piece,,1,in_stock,,,,,,31.1,linear,Y,COLOR,"국산,장기재고",,,,,N,Y,6,5,12,6,N,19,2025-09-30 11:30,
1052,square-pipe,사각파이프,사각파이프 250×150×9.0T,,,/uploads/products/desc_1760335972_68ec9864c0cc3.gif,1000,piece,,1,in_stock,,,,,,45.3,linear,Y,COLOR,"국산,장기재고",,,,,N,Y,6,5,12,6,N,20,2025-09-30 11:30,
1053,square-pipe,사각파이프,사각파이프 250×150×6.0T,,,/uploads/products/desc_1760335972_68ec9864c0cc3.gif,1000,piece,,1,in_stock,,,,,,35.8,linear,Y,COLOR,"국산,장기재고",,,,,N,Y,6,5,12,6,N,17,2025-09-30 11:30,
1054,square-pipe,사각파이프,사각파이프 250×150×9.0T,,,/uploads/products/desc_1760335972_68ec9864c0cc3.gif,1000,piece,,1,in_stock,,,,,,52.3,linear,Y,COLOR,"국산,장기재고",,,,,N,Y,6,5,12,6,N,18,2025-09-30 11:30,
1055,square-pipe,사각파이프,사각파이프 250×150×12.0T,,,/uploads/products/desc_1760335972_68ec9864c0cc3.gif,1000,piece,,1,in_stock,,,,,,67.9,linear,Y,COLOR,"국산,장기재고",,,,,N,Y,6,5,12,6,N,19,2025-09-30 11:30,
1056,square-pipe,사각파이프,사각파이프 300×200×6.0T,,,/uploads/products/desc_1760335972_68ec9864c0cc3.gif,1000,piece,,1,in_stock,,,,,,45.2,linear,Y,COLOR,"국산,장기재고",,,,,N,Y,6,5,12,6,N,20,2025-09-30 11:30,
1057,square-pipe,사각파이프,사각파이프 300×200×9.0T,,,/uploads/products/desc_1760335972_68ec9864c0cc3.gif,1000,piece,,1,in_stock,,,,,,66.5,linear,Y,COLOR,"국산,장기재고",,,,,N,Y,6,5,12,6,N,15,2025-09-30 11:30,
1058,square-pipe,사각파이프,사각파이프 300×200×12T,,,/uploads/products/desc_1760335972_68ec9864c0cc3.gif,1000,piece,,1,in_stock,,,,,,86.8,linear,Y,COLOR,"국산,장기재고",,,,,N,Y,6,5,12,6,N,32,2025-09-30 11:30,
1059,square-pipe,사각파이프,사각파이프 300×200×6.0T,,,/uploads/products/desc_1760335972_68ec9864c0cc3.gif,1000,piece,,1,in_stock,,,,,,45.2,linear,Y,COLOR,"국산,장기재고",,,,,N,Y,6,5,12,6,N,20,2025-09-30 11:30,
1060,square-pipe,사각파이프,사각파이프 300×200×9.0T,,,/uploads/products/desc_1760335972_68ec9864c0cc3.gif,1000,piece,,1,in_stock,,,,,,66.5,linear,Y,COLOR,"국산,장기재고",,,,,N,Y,6,5,12,6,N,18,2025-09-30 11:30,
1061,square-pipe,사각파이프,사각파이프 300×200×12T,,,/uploads/products/desc_1760335972_68ec9864c0cc3.gif,1000,piece,,1,in_stock,,,,,,86.8,linear,Y,COLOR,"국산,장기재고",,,,,N,Y,6,5,12,6,N,17,2025-09-30 11:30,
1062,square-pipe,사각파이프,사각파이프 350×150×6.0T,,,/uploads/products/desc_1760335972_68ec9864c0cc3.gif,1000,piece,,1,in_stock,,,,,,45.2,linear,Y,COLOR,"국산,장기재고",,,,,N,Y,6,5,12,6,N,22,2025-09-30 11:30,
1063,square-pipe,사각파이프,사각파이프 350×150×9.0T,,,/uploads/products/desc_1760335972_68ec9864c0cc3.gif,1000,piece,,1,in_stock,,,,,,66.5,linear,Y,COLOR,"국산,장기재고",,,,,N,Y,6,5,12,6,N,19,2025-09-30 11:30,
1064,square-pipe,사각파이프,사각파이프 350×150×12T,,,/uploads/products/desc_1760335972_68ec9864c0cc3.gif,1000,piece,,1,in_stock,,,,,,86.8,linear,Y,COLOR,"국산,장기재고",,,,,N,Y,6,5,12,6,N,15,2025-09-30 11:30,
1065,square-pipe,사각파이프,사각파이프 400×200×6.0T,,,/uploads/products/desc_1760335972_68ec9864c0cc3.gif,1000,piece,,1,in_stock,,,,,,54.7,linear,Y,COLOR,"국산,장기재고",,,,,N,Y,6,5,12,6,N,16,2025-09-30 11:30,
1066,square-pipe,사각파이프,사각파이프 400×200×9.0T,,,/uploads/products/desc_1760335972_68ec9864c0cc3.gif,1000,piece,,1,in_stock,,,,,,80.6,linear,Y,COLOR,"국산,장기재고",,,,,N,Y,6,5,12,6,N,20,2025-09-30 11:30,
1067,square-pipe,사각파이프,사각파이프 400×200×12T,,,/uploads/products/desc_1760335972_68ec9864c0cc3.gif,1000,piece,,1,in_stock,,,,,,106,linear,Y,COLOR,"국산,장기재고",,,,,N,Y,6,5,12,6,N,11,2025-09-30 11:30,
1081,bs-pipe,BS파이프,BS파이프 15A,,,/uploads/products/desc_1760335972_68ec9864c0cc3.gif,1000,piece,,1,in_stock,국산,,,,흙관,0.82,linear,Y,"흙관,SS400/A36","국산,일본산,바레인산",흙관:0;SS400/A36:0,국산:0;일본산:0;바레인산:0,,,N,Y,6,,,6,N,73,2025-09-30 11:34,
1082,bs-pipe,BS파이프,BS파이프 20A,,,/uploads/products/desc_1760335972_68ec9864c0cc3.gif,1000,piece,,1,in_stock,,,,,,1.05,linear,Y,"흙관,SS400,SS400/A36,SM490YA","국산,일본산,바레인산",,,,,N,Y,6,,,6,N,32,2025-09-30 11:34,
1083,bs-pipe,BS파이프,BS파이프 25A,,,/uploads/products/desc_1760335972_68ec9864c0cc3.gif,1000,piece,,1,in_stock,,,,,,1.4,linear,Y,"흙관,SS400,SS400/A36,SM490YA","국산,일본산,바레인산",,,,,N,Y,6,,,6,N,27,2025-09-30 11:34,
1084,bs-pipe,BS파이프,BS파이프 32A,,,/uploads/products/desc_1760335972_68ec9864c0cc3.gif,1000,piece,,1,in_stock,,,,,,1.8,linear,Y,"흙관,SS400,SS400/A36,SM490YA","국산,일본산,바레인산",,,,,N,Y,6,,,6,N,44,2025-09-30 11:34,
1085,bs-pipe,BS파이프,BS파이프 40A,,,/uploads/products/desc_1760335972_68ec9864c0cc3.gif,1000,piece,,1,in_stock,,,,,,2.05,linear,Y,"흙관,SS400,SS400/A36,SM490YA","국산,일본산,바레인산",,,,,N,Y,6,,,6,N,28,2025-09-30 11:34,
1086,bs-pipe,BS파이프,BS파이프 50A,,,/uploads/products/desc_1760335972_68ec9864c0cc3.gif,1000,piece,,1,in_stock,,,,,,2.58,linear,Y,"흙관,SS400,SS400/A36,SM490YA","국산,일본산,바레인산",,,,,N,Y,6,,,6,N,28,2025-09-30 11:34,
1087,bs-pipe,BS파이프,BS파이프 65A,,,/uploads/products/desc_1760335972_68ec9864c0cc3.gif,1000,piece,,1,in_stock,,,,,,3.48,linear,Y,"흙관,SS400,SS400/A36,SM490YA","국산,일본산,바레인산",,,,,N,Y,6,,,6,N,22,2025-09-30 11:34,
1088,bs-pipe,BS파이프,BS파이프 80A,,,/uploads/products/desc_1760335972_68ec9864c0cc3.gif,1000,piece,,1,in_stock,,,,,,4.5,linear,Y,"흙관,SS400,SS400/A36,SM490YA","국산,일본산,바레인산",,,,,N,Y,6,,,6,N,23,2025-09-30 11:34,
1089,bs-pipe,BS파이프,BS파이프 90A,,,/uploads/products/desc_1760335972_68ec9864c0cc3.gif,1000,piece,,1,in_stock,,,,,,5.15,linear,Y,"흙관,SS400,SS400/A36,SM490YA","국산,일본산,바레인산",,,,,N,Y,6,,,6,N,28,2025-09-30 11:34,
1090,bs-pipe,BS파이프,BS파이프 100A,,,/uploads/products/desc_1760335972_68ec9864c0cc3.gif,1000,piece,,1,in_stock,,,,,,5.82,linear,Y,"흙관,SS400,SS400/A36,SM490YA","국산,일본산,바레인산",,,,,N,Y,6,,,6,N,28,2025-09-30 11:34,
1091,bs-pipe,BS파이프,BS파이프 125A,,,/uploads/products/desc_1760335972_68ec9864c0cc3.gif,1000,piece,,1,in_stock,,,,,,9.47,linear,Y,"흙관,SS400,SS400/A36,SM490YA","국산,일본산,바레인산",,,,,N,Y,6,,,6,N,21,2025-09-30 11:34,
1092,bs-pipe,BS파이프,BS파이프 150A,,,/uploads/products/desc_1760335972_68ec9864c0cc3.gif,1000,piece,,1,in_stock,,,,,,11.6,linear,Y,"흙관,SS400,SS400/A36,SM490YA","국산,일본산,바레인산",,,,,N,Y,6,,,6,N,26,2025-09-30 11:34,
1093,bs-pipe,BS파이프,BS파이프 200A,,,/uploads/products/desc_1760335972_68ec9864c0cc3.gif,1000,piece,,1,in_stock,,,,,,21.98,linear,Y,"흙관,SS400,SS400/A36,SM490YA","국산,일본산,바레인산",,,,,N,Y,6,,,6,N,17,2025-09-30 11:34,
1094,ks-pipe,KS파이프,KS파이프 15A,,,/uploads/products/desc_1760335972_68ec9864c0cc3.gif,1000,piece,,1,in_stock,,,,,,1.15,linear,Y,"흙관,SS400,SS400/A36,SHN400,SS490,SS540,SM400A,SM400B,SHN490,SM490A,SM490B,SM490YA,SM490YB","국산,장기재고",,,,,N,Y,6,,,6,N,56,2025-09-30 11:39,
1095,ks-pipe,KS파이프,KS파이프 20A,,,/uploads/products/desc_1760335972_68ec9864c0cc3.gif,1000,piece,,1,in_stock,,,,,,1.47,linear,Y,"흙관,SS400,SS400/A36,SHN400,SS490,SS540,SM400A,SM400B,SHN490,SM490A,SM490B,SM490YA,SM490YB","국산,장기재고",,,,,N,Y,6,,,6,N,47,2025-09-30 11:39,
1096,ks-pipe,KS파이프,KS파이프 25A,,,/uploads/products/desc_1760335972_68ec9864c0cc3.gif,1000,piece,,1,in_stock,,,,,,2.22,linear,Y,"흙관,SS400,SS400/A36,SHN400,SS490,SS540,SM400A,SM400B,SHN490,SM490A,SM490B,SM490YA,SM490YB","국산,장기재고",,,,,N,Y,6,,,6,N,45,2025-09-30 11:39,
1097,ks-pipe,KS파이프,KS파이프 32A,,,/uploads/products/desc_1760335972_68ec9864c0cc3.gif,1000,piece,,1,in_stock,,,,,,2.85,linear,Y,"흙관,SS400,SS400/A36,SHN400,SS490,SS540,SM400A,SM400B,SHN490,SM490A,SM490B,SM490YA,SM490YB","국산,장기재고",,,,,N,Y,6,,,6,N,41,2025-09-30 11:39,
1098,ks-pipe,KS파이프,KS파이프 40A,,,/uploads/products/desc_1760335972_68ec9864c0cc3.gif,1000,piece,,1,in_stock,,,,,,3.27,linear,Y,"흙관,SS400,SS400/A36,SHN400,SS490,SS540,SM400A,SM400B,SHN490,SM490A,SM490B,SM490YA,SM490YB","국산,장기재고",,,,,N,Y,6,,,6,N,38,2025-09-30 11:39,
1099,ks-pipe,KS파이프,KS파이프 50A,,,/uploads/products/desc_1760335972_68ec9864c0cc3.gif,1000,piece,,1,in_stock,,,,,,4.67,linear,Y,"흙관,SS400,SS400/A36,SHN400,SS490,SS540,SM400A,SM400B,SHN490,SM490A,SM490B,SM490YA,SM490YB","국산,장기재고",,,,,N,Y,6,,,6,N,42,2025-09-30 11:39,
1100,ks-pipe,KS파이프,KS파이프 65A,,,/uploads/products/desc_1760335972_68ec9864c0cc3.gif,1000,piece,,1,in_stock,,,,,,5.93,linear,Y,"흙관,SS400,SS400/A36,SHN400,SS490,SS540,SM400A,SM400B,SHN490,SM490A,SM490B,SM490YA,SM490YB","국산,장기재고",,,,,N,Y,6,,,6,N,51,2025-09-30 11:39,
1101,ks-pipe,KS파이프,KS파이프 80A,,,/uploads/products/desc_1760335972_68ec9864c0cc3.gif,1000,piece,,1,in_stock,,,,,,7.58,linear,Y,"흙관,SS400,SS400/A36,SHN400,SS490,SS540,SM400A,SM400B,SHN490,SM490A,SM490B,SM490YA,SM490YB","국산,장기재고",,,,,N,Y,6,,,6,N,36,2025-09-30 11:39,
1102,ks-pipe,KS파이프,KS파이프 90A,,,/uploads/products/desc_1760335972_68ec9864c0cc3.gif,1000,piece,,1,in_stock,,,,,,9.63,linear,Y,"흙관,SS400,SS400/A36,SHN400,SS490,SS540,SM400A,SM400B,SHN490,SM490A,SM490B,SM490YA,SM490YB","국산,장기재고",,,,,N,Y,6,,,6,N,33,2025-09-30 11:39,
1103,ks-pipe,KS파이프,KS파이프 100A,,,/uploads/products/desc_1760335972_68ec9864c0cc3.gif,1000,piece,,1,in_stock,,,,,,10.88,linear,Y,"흙관,SS400,SS400/A36,SHN400,SS490,SS540,SM400A,SM400B,SHN490,SM490A,SM490B,SM490YA,SM490YB","국산,장기재고",,,,,N,Y,6,,,6,N,42,2025-09-30 11:39,
1104,ks-pipe,KS파이프,KS파이프 125A,,,/uploads/products/desc_1760335972_68ec9864c0cc3.gif,1000,piece,,1,in_stock,,,,,,14.53,linear,Y,"흙관,SS400,SS400/A36,SHN400,SS490,SS540,SM400A,SM400B,SHN490,SM490A,SM490B,SM490YA,SM490YB","국산,장기재고",,,,,N,Y,6,,,6,N,36,2025-09-30 11:39,
1105,ks-pipe,KS파이프,KS파이프 150A,,,/uploads/products/desc_1760335972_68ec9864c0cc3.gif,1000,piece,,1,in_stock,,,,,,17.25,linear,Y,"흙관,SS400,SS400/A36,SHN400,SS490,SS540,SM400A,SM400B,SHN490,SM490A,SM490B,SM490YA,SM490YB","국산,장기재고",,,,,N,Y,6,,,6,N,35,2025-09-30 11:39,
1106,ks-pipe,KS파이프,KS파이프 175A,,,/uploads/products/desc_1760335972_68ec9864c0cc3.gif,1000,piece,,1,in_stock,,,,,,21.55,linear,Y,"흙관,SS400,SS400/A36,SHN400,SS490,SS540,SM400A,SM400B,SHN490,SM490A,SM490B,SM490YA,SM490YB","국산,장기재고",,,,,N,Y,6,,,6,N,50,2025-09-30 11:39,
1107,ks-pipe,KS파이프,KS파이프 200A,,,/uploads/products/desc_1760335972_68ec9864c0cc3.gif,1000,piece,,1,in_stock,,,,,,27.35,linear,Y,"흙관,SS400,SS400/A36,SHN400,SS490,SS540,SM400A,SM400B,SHN490,SM490A,SM490B,SM490YA,SM490YB","국산,장기재고",,,,,N,Y,6,,,6,N,36,2025-09-30 11:39,
1108,ks-pipe,KS파이프,KS파이프 250A,,,/uploads/products/desc_1760335972_68ec9864c0cc3.gif,1000,piece,,1,in_stock,,,,,,37.4,linear,Y,"흙관,SS400,SS400/A36,SHN400,SS490,SS540,SM400A,SM400B,SHN490,SM490A,SM490B,SM490YA,SM490YB","국산,장기재고",,,,,N,Y,6,,,6,N,24,2025-09-30 11:39,
1109,ks-pipe,KS파이프,KS파이프 300A,,,/uploads/products/desc_1760335972_68ec9864c0cc3.gif,1000,piece,,1,in_stock,,,,,,48.5,linear,Y,"흙관,SS400,SS400/A36,SHN400,SS490,SS540,SM400A,SM400B,SHN490,SM490A,SM490B,SM490YA,SM490YB","국산,장기재고",,,,,N,Y,6,,,6,N,24,2025-09-30 11:39,
1110,ks-pipe,KS파이프,KS파이프 350A,,,/uploads/products/desc_1760335972_68ec9864c0cc3.gif,1000,piece,,1,in_stock,,,,,,58.48,linear,Y,"흙관,SS400,SS400/A36,SHN400,SS490,SS540,SM400A,SM400B,SHN490,SM490A,SM490B,SM490YA,SM490YB","국산,장기재고",,,,,N,Y,6,,,6,N,21,2025-09-30 11:39,
1111,ks-pipe,KS파이프,KS파이프 400A,,,/uploads/products/desc_1760335972_68ec9864c0cc3.gif,1000,piece,,1,in_stock,,,,,,69.92,linear,Y,"흙관,SS400,SS400/A36,SHN400,SS490,SS540,SM400A,SM400B,SHN490,SM490A,SM490B,SM490YA,SM490YB","국산,장기재고",,,,,N,Y,6,,,6,N,31,2025-09-30 11:39,
1112,ks-pipe,KS파이프,KS파이프 450A,,,/uploads/products/desc_1760335972_68ec9864c0cc3.gif,1000,piece,,1,in_stock,,,,,,78.8,linear,Y,"흙관,SS400,SS400/A36,SHN400,SS490,SS540,SM400A,SM400B,SHN490,SM490A,SM490B,SM490YA,SM490YB","국산,장기재고",,,,,N,Y,6,,,6,N,33,2025-09-30 11:39,
1113,ks-pipe,KS파이프,KS파이프 500A,,,/uploads/products/desc_1760335972_68ec9864c0cc3.gif,1000,piece,,1,in_stock,,,,,,87.7,linear,Y,"흙관,SS400,SS400/A36,SHN400,SS490,SS540,SM400A,SM400B,SHN490,SM490A,SM490B,SM490YA,SM490YB","국산,장기재고",,,,,N,Y,6,,,6,N,33,2025-09-30 11:39,
1114,ks-pipe,KS파이프,KS파이프 550A,,,/uploads/products/desc_1760335972_68ec9864c0cc3.gif,1000,piece,,1,in_stock,,,,,,96.6,linear,Y,"흙관,SS400,SS400/A36,SHN400,SS490,SS540,SM400A,SM400B,SHN490,SM490A,SM490B,SM490YA,SM490YB","국산,장기재고",,,,,N,Y,6,,,6,N,34,2025-09-30 11:39,
1115,ks-pipe,KS파이프,KS파이프 600A,,,/uploads/products/desc_1760335972_68ec9864c0cc3.gif,1000,piece,,1,in_stock,,,,,,105.52,linear,Y,"흙관,SS400,SS400/A36,SHN400,SS490,SS540,SM400A,SM400B,SHN490,SM490A,SM490B,SM490YA,SM490YB","국산,장기재고",,,,,N,Y,6,,,6,N,19,2025-09-30 11:39,
1116,conduit,전선관,전선관 16BC,,,/uploads/products/desc_1760335972_68ec9864c0cc3.gif,1000,piece,,1,in_stock,,,,,,0.63,linear,Y,"SS400,SS400/A36,SHN400,SS490,SS540,SM400A,SM400B,SHN490,SM490A,SM490B,SM490YA,SM490YB",국산,,,,,N,Y,6,3.6,3.6,3.6,N,47,2025-09-30 11:44,
1117,conduit,전선관,전선관 22BC,,,/uploads/products/desc_1760335972_68ec9864c0cc3.gif,1000,piece,,1,in_stock,,,,,,0.82,linear,Y,"SS400,SS400/A36,SHN400,SS490,SS540,SM400A,SM400B,SHN490,SM490A,SM490B,SM490YA,SM490YB",국산,,,,,N,Y,6,3.6,3.6,3.6,N,51,2025-09-30 11:44,
1118,conduit,전선관,전선관 28BC,,,/uploads/products/desc_1760335972_68ec9864c0cc3.gif,1000,piece,,1,in_stock,,,,,,1.13,linear,Y,"SS400,SS400/A36,SHN400,SS490,SS540,SM400A,SM400B,SHN490,SM490A,SM490B,SM490YA,SM490YB",국산,,,,,N,Y,6,3.6,3.6,3.6,N,31,2025-09-30 11:44,
1119,conduit,전선관,전선관 36BC,,,/uploads/products/desc_1760335972_68ec9864c0cc3.gif,1000,piece,,1,in_stock,,,,,,1.47,linear,Y,"SS400,SS400/A36,SHN400,SS490,SS540,SM400A,SM400B,SHN490,SM490A,SM490B,SM490YA,SM490YB",국산,,,,,N,Y,6,3.6,3.6,3.6,N,27,2025-09-30 11:44,
1120,conduit,전선관,전선관 42BC,,,/uploads/products/desc_1760335972_68ec9864c0cc3.gif,1000,piece,,1,in_stock,,,,,,1.67,linear,Y,"SS400,SS400/A36,SHN400,SS490,SS540,SM400A,SM400B,SHN490,SM490A,SM490B,SM490YA,SM490YB",국산,,,,,N,Y,6,3.6,3.6,3.6,N,35,2025-09-30 11:44,
1121,conduit,전선관,전선관 54BC,,,/uploads/products/desc_1760335972_68ec9864c0cc3.gif,1000,piece,,1,in_stock,,,,,,2.35,linear,Y,"SS400,SS400/A36,SHN400,SS490,SS540,SM400A,SM400B,SHN490,SM490A,SM490B,SM490YA,SM490YB",국산,,,,,N,Y,6,3.6,3.6,3.6,N,24,2025-09-30 11:44,
1122,conduit,전선관,전선관 70BC,,,/uploads/products/desc_1760335972_68ec9864c0cc3.gif,1000,piece,,1,in_stock,,,,,,3,linear,Y,"SS400,SS400/A36,SHN400,SS490,SS540,SM400A,SM400B,SHN490,SM490A,SM490B,SM490YA,SM490YB",국산,,,,,N,Y,6,3.6,3.6,3.6,N,32,2025-09-30 11:44,
1123,conduit,전선관,전선관 82BC,,,/uploads/products/desc_1760335972_68ec9864c0cc3.gif,1000,piece,,1,in_stock,,,,,,3.53,linear,Y,"SS400,SS400/A36,SHN400,SS490,SS540,SM400A,SM400B,SHN490,SM490A,SM490B,SM490YA,SM490YB",국산,,,,,N,Y,6,3.6,3.6,3.6,N,36,2025-09-30 11:44,
1124,conduit,전선관,전선관 104BC,,,/uploads/products/desc_1760335972_68ec9864c0cc3.gif,1000,piece,,1,in_stock,,,,,,5.68,linear,Y,"SS400,SS400/A36,SHN400,SS490,SS540,SM400A,SM400B,SHN490,SM490A,SM490B,SM490YA,SM490YB",국산,,,,,N,Y,6,3.6,3.6,3.6,N,15,2025-09-30 11:44,
1125,structural-pipe,구조관,구조관 15.9*1.4T,,,/uploads/products/desc_1760335972_68ec9864c0cc3.gif,1000,piece,,1,in_stock,,,,,,0.501,linear,Y,"흑관,SS400,SS400/A36,SHN400,SS490,SS540,SM400A,SM400B,SHN490,SM490A,SM490B,SM490YA,SM490YB","국산,장기재고",,,,,N,Y,6,5,12,6,N,25,2025-09-30 11:46,
1126,structural-pipe,구조관,구조관 19.1*1.4T,,,/uploads/products/desc_1760335972_68ec9864c0cc3.gif,1000,piece,,1,in_stock,중국산,,,,SS400,0.611,linear,Y,"흑관,SS400,SS400/A36,SHN400,SS490,SS540,SM400A,SM400B,SHN490,SM490A,SM490B,SM490YA,SM490YB","국산,장기재고",SS400:0;SS400/A36:0;SHN400:0;SS490:0;SS540:0;SM400A:0;SM400B:0;SHN490:0;SM490A:0;SM490B:0;SM490YA:0;SM490YB:0,중국산:0;국산:0,,,N,Y,6,5,12,6,N,39,2025-09-30 11:46,
1127,structural-pipe,구조관,구조관 22.2*1.4T,,,/uploads/products/desc_1760335972_68ec9864c0cc3.gif,1000,piece,,1,in_stock,,,,,,0.718,linear,Y,"흑관,SS400,SS400/A36,SHN400,SS490,SS540,SM400A,SM400B,SHN490,SM490A,SM490B,SM490YA,SM490YB","국산,장기재고",,,,,N,Y,6,5,12,6,N,30,2025-09-30 11:46,
1128,structural-pipe,구조관,구조관 25.4*1.4T,,,/uploads/products/desc_1760335972_68ec9864c0cc3.gif,1000,piece,,1,in_stock,,,,,,0.829,linear,Y,"흑관,SS400,SS400/A36,SHN400,SS490,SS540,SM400A,SM400B,SHN490,SM490A,SM490B,SM490YA,SM490YB","국산,장기재고",,,,,N,Y,6,5,12,6,N,25,2025-09-30 11:46,
1129,structural-pipe,구조관,구조관 31.8*1.4T,,,/uploads/products/desc_1760335972_68ec9864c0cc3.gif,1000,piece,,1,in_stock,,,,,,1.05,linear,Y,"흑관,SS400,SS400/A36,SHN400,SS490,SS540,SM400A,SM400B,SHN490,SM490A,SM490B,SM490YA,SM490YB","국산,장기재고",,,,,N,Y,6,5,12,6,N,25,2025-09-30 11:46,
1130,structural-pipe,구조관,구조관 38.1*1.4T,,,/uploads/products/desc_1760335972_68ec9864c0cc3.gif,1000,piece,,1,in_stock,,,,,,1.267,linear,Y,"흑관,SS400,SS400/A36,SHN400,SS490,SS540,SM400A,SM400B,SHN490,SM490A,SM490B,SM490YA,SM490YB","국산,장기재고",,,,,N,Y,6,5,12,6,N,19,2025-09-30 11:46,
1131,structural-pipe,구조관,구조관 50.8*1.4T,,,/uploads/products/desc_1760335972_68ec9864c0cc3.gif,1000,piece,,1,in_stock,,,,,,1.705,linear,Y,"흑관,SS400,SS400/A36,SHN400,SS490,SS540,SM400A,SM400B,SHN490,SM490A,SM490B,SM490YA,SM490YB","국산,장기재고",,,,,N,Y,6,5,12,6,N,18,2025-09-30 11:46,
1132,structural-pipe,구조관,구조관 63.5*1.4T,,,/uploads/products/desc_1760335972_68ec9864c0cc3.gif,1000,piece,,1,in_stock,,,,,,2.144,linear,Y,"흑관,SS400,SS400/A36,SHN400,SS490,SS540,SM400A,SM400B,SHN490,SM490A,SM490B,SM490YA,SM490YB","국산,장기재고",,,,,N,Y,6,5,12,6,N,29,2025-09-30 11:46,
1133,structural-pipe,구조관,구조관 76.2*1.4T,,,/uploads/products/desc_1760335972_68ec9864c0cc3.gif,1000,piece,,1,in_stock,,,,,,2.582,linear,Y,"흑관,SS400,SS400/A36,SHN400,SS490,SS540,SM400A,SM400B,SHN490,SM490A,SM490B,SM490YA,SM490YB","국산,장기재고",,,,,N,Y,6,5,12,6,N,22,2025-09-30 11:46,
1134,structural-pipe,구조관,구조관 101.6*1.4T,,,/uploads/products/desc_1760335972_68ec9864c0cc3.gif,1000,piece,,1,in_stock,,,,,,3.946,linear,Y,"흑관,SS400,SS400/A36,SHN400,SS490,SS540,SM400A,SM400B,SHN490,SM490A,SM490B,SM490YA,SM490YB","국산,장기재고",,,,,N,Y,6,5,12,6,N,14,2025-09-30 11:46,
1135,steel-pipe-pile,강관파일,강관파일 500*9T,,,/uploads/products/desc_1760335972_68ec9864c0cc3.gif,1000,piece,,1,in_stock,,,,,,109,linear,Y,"SS400,SS400/A36,SHN400,SS490,SS540,SM400A,SM400B,SHN490,SM490A,SM490B,SM490YA,SM490YB","국산,수입산,장기재고,중고",,,,,N,Y,6,8,25,10,N,34,2025-09-30 11:50,
1136,steel-pipe-pile,강관파일,강관파일 500*12T,,,/uploads/products/desc_1760335972_68ec9864c0cc3.gif,1000,piece,,1,in_stock,,,,,,144,linear,Y,"SS400,SS400/A36,SHN400,SS490,SS540,SM400A,SM400B,SHN490,SM490A,SM490B,SM490YA,SM490YB","국산,수입산,장기재고,중고",,,,,N,Y,6,8,25,10,N,26,2025-09-30 11:50,
1137,steel-pipe-pile,강관파일,강관파일 500*14T,,,/uploads/products/desc_1760335972_68ec9864c0cc3.gif,1000,piece,,1,in_stock,,,,,,168,linear,Y,"SS400,SS400/A36,SHN400,SS490,SS540,SM400A,SM400B,SHN490,SM490A,SM490B,SM490YA,SM490YB","국산,수입산,장기재고,중고",,,,,N,Y,6,8,25,10,N,28,2025-09-30 11:50,
1138,steel-pipe-pile,강관파일,강관파일 600*9T,,,/uploads/products/desc_1760335972_68ec9864c0cc3.gif,1000,piece,,1,in_stock,,,,,,131,linear,Y,"SS400,SS400/A36,SHN400,SS490,SS540,SM400A,SM400B,SHN490,SM490A,SM490B,SM490YA,SM490YB","국산,수입산,장기재고,중고",,,,,N,Y,6,8,25,10,N,24,2025-09-30 11:50,
1139,steel-pipe-pile,강관파일,강관파일 600*12T,,,/uploads/products/desc_1760335972_68ec9864c0cc3.gif,1000,piece,,1,in_stock,,,,,,174,linear,Y,"SS400,SS400/A36,SHN400,SS490,SS540,SM400A,SM400B,SHN490,SM490A,SM490B,SM490YA,SM490YB","국산,수입산,장기재고,중고",,,,,N,Y,6,8,25,10,N,24,2025-09-30 11:50,
1140,steel-pipe-pile,강관파일,강관파일 600*14T,,,/uploads/products/desc_1760335972_68ec9864c0cc3.gif,1000,piece,,1,in_stock,,,,,,202,linear,Y,"SS400,SS400/A36,SHN400,SS490,SS540,SM400A,SM400B,SHN490,SM490A,SM490B,SM490YA,SM490YB","국산,수입산,장기재고,중고",,,,,N,Y,6,8,25,10,N,20,2025-09-30 11:50,
1141,steel-pipe-pile,강관파일,강관파일 600*16T,,,/uploads/products/desc_1760335972_68ec9864c0cc3.gif,1000,piece,,1,in_stock,,,,,,230,linear,Y,"SS400,SS400/A36,SHN400,SS490,SS540,SM400A,SM400B,SHN490,SM490A,SM490B,SM490YA,SM490YB","국산,수입산,장기재고,중고",,,,,N,Y,6,8,25,10,N,21,2025-09-30 11:50,
1142,steel-pipe-pile,강관파일,강관파일 700*9T,,,/uploads/products/desc_1760335972_68ec9864c0cc3.gif,1000,piece,,1,in_stock,,,,,,153,linear,Y,"SS400,SS400/A36,SHN400,SS490,SS540,SM400A,SM400B,SHN490,SM490A,SM490B,SM490YA,SM490YB","국산,수입산,장기재고,중고",,,,,N,Y,6,8,25,10,N,21,2025-09-30 11:50,
1143,steel-pipe-pile,강관파일,강관파일 700*12T,,,/uploads/products/desc_1760335972_68ec9864c0cc3.gif,1000,piece,,1,in_stock,,,,,,204,linear,Y,"SS400,SS400/A36,SHN400,SS490,SS540,SM400A,SM400B,SHN490,SM490A,SM490B,SM490YA,SM490YB","국산,수입산,장기재고,중고",,,,,N,Y,6,8,25,10,N,21,2025-09-30 11:50,
1144,steel-pipe-pile,강관파일,강관파일 700*14T,,,/uploads/products/desc_1760335972_68ec9864c0cc3.gif,1000,piece,,1,in_stock,,,,,,237,linear,Y,"SS400,SS400/A36,SHN400,SS490,SS540,SM400A,SM400B,SHN490,SM490A,SM490B,SM490YA,SM490YB","국산,수입산,장기재고,중고",,,,,N,Y,6,8,25,10,N,20,2025-09-30 11:50,
1145,steel-pipe-pile,강관파일,강관파일 700*16T,,,/uploads/products/desc_1760335972_68ec9864c0cc3.gif,1000,piece,,1,in_stock,,,,,,270,linear,Y,"SS400,SS400/A36,SHN400,SS490,SS540,SM400A,SM400B,SHN490,SM490A,SM490B,SM490YA,SM490YB","국산,수입산,장기재고,중고",,,,,N,Y,6,8,25,10,N,23,2025-09-30 11:50,
1146,steel-pipe-pile,강관파일,강관파일 406.4*9T,,,/uploads/products/desc_1760335972_68ec9864c0cc3.gif,1000,piece,,1,in_stock,,,,,,88.2,linear,Y,"SS400,SS400/A36,SHN400,SS490,SS540,SM400A,SM400B,SHN490,SM490A,SM490B,SM490YA,SM490YB","국산,수입산,장기재고,중고",,,,,N,Y,6,8,25,10,N,26,2025-09-30 11:50,
1147,steel-pipe-pile,강관파일,강관파일 406.4*10T,,,/uploads/products/desc_1760335972_68ec9864c0cc3.gif,1000,piece,,1,in_stock,,,,,,97.8,linear,Y,"SS400,SS400/A36,SHN400,SS490,SS540,SM400A,SM400B,SHN490,SM490A,SM490B,SM490YA,SM490YB","국산,수입산,장기재고,중고",,,,,N,Y,6,8,25,10,N,24,2025-09-30 11:50,
1148,steel-pipe-pile,강관파일,강관파일 406.4*12T,,,/uploads/products/desc_1760335972_68ec9864c0cc3.gif,1000,piece,,1,in_stock,,,,,,117,linear,Y,"SS400,SS400/A36,SHN400,SS490,SS540,SM400A,SM400B,SHN490,SM490A,SM490B,SM490YA,SM490YB","국산,수입산,장기재고,중고",,,,,N,Y,6,8,25,10,N,21,2025-09-30 11:50,
1149,steel-pipe-pile,강관파일,강관파일 508*9T,,,/uploads/products/desc_1760335972_68ec9864c0cc3.gif,1000,piece,,1,in_stock,,,,,,111,linear,Y,"SS400,SS400/A36,SHN400,SS490,SS540,SM400A,SM400B,SHN490,SM490A,SM490B,SM490YA,SM490YB","국산,수입산,장기재고,중고",,,,,N,Y,6,8,25,10,N,28,2025-09-30 11:50,
1150,steel-pipe-pile,강관파일,강관파일 508*12T,,,/uploads/products/desc_1760335972_68ec9864c0cc3.gif,1000,piece,,1,in_stock,,,,,,147,linear,Y,"SS400,SS400/A36,SHN400,SS490,SS540,SM400A,SM400B,SHN490,SM490A,SM490B,SM490YA,SM490YB","국산,수입산,장기재고,중고",,,,,N,Y,6,8,25,10,N,33,2025-09-30 11:50,
1151,steel-pipe-pile,강관파일,강관파일 508*14T,,,/uploads/products/desc_1760335972_68ec9864c0cc3.gif,1000,piece,,1,in_stock,,,,,,171,linear,Y,"SS400,SS400/A36,SHN400,SS490,SS540,SM400A,SM400B,SHN490,SM490A,SM490B,SM490YA,SM490YB","국산,수입산,장기재고,중고",,,,,N,Y,6,8,25,10,N,20,2025-09-30 11:50,
1152,steel-pipe-pile,강관파일,강관파일 609.6*9T,,,/uploads/products/desc_1760335972_68ec9864c0cc3.gif,1000,piece,,1,in_stock,,,,,,133,linear,Y,"SS400,SS400/A36,SHN400,SS490,SS540,SM400A,SM400B,SHN490,SM490A,SM490B,SM490YA,SM490YB","국산,수입산,장기재고,중고",,,,,N,Y,6,8,25,10,N,24,2025-09-30 11:50,
1153,steel-pipe-pile,강관파일,강관파일 609.6*12T,,,/uploads/products/desc_1760335972_68ec9864c0cc3.gif,1000,piece,,1,in_stock,,,,,,177,linear,Y,"SS400,SS400/A36,SHN400,SS490,SS540,SM400A,SM400B,SHN490,SM490A,SM490B,SM490YA,SM490YB","국산,수입산,장기재고,중고",,,,,N,Y,6,8,25,10,N,23,2025-09-30 11:50,
1154,steel-pipe-pile,강관파일,강관파일 609.6*14T,,,/uploads/products/desc_1760335972_68ec9864c0cc3.gif,1000,piece,,1,in_stock,,,,,,206,linear,Y,"SS400,SS400/A36,SHN400,SS490,SS540,SM400A,SM400B,SHN490,SM490A,SM490B,SM490YA,SM490YB","국산,수입산,장기재고,중고",,,,,N,Y,6,8,25,10,N,20,2025-09-30 11:50,
1155,steel-pipe-pile,강관파일,강관파일 609.6*16T,,,/uploads/products/desc_1760335972_68ec9864c0cc3.gif,1000,piece,,1,in_stock,,,,,,234,linear,Y,"SS400,SS400/A36,SHN400,SS490,SS540,SM400A,SM400B,SHN490,SM490A,SM490B,SM490YA,SM490YB","국산,수입산,장기재고,중고",,,,,N,Y,6,8,25,10,N,20,2025-09-30 11:50,
1156,steel-pipe-pile,강관파일,강관파일 711.2*9T,,,/uploads/products/desc_1760335972_68ec9864c0cc3.gif,1000,piece,,1,in_stock,,,,,,156,linear,Y,"SS400,SS400/A36,SHN400,SS490,SS540,SM400A,SM400B,SHN490,SM490A,SM490B,SM490YA,SM490YB","국산,수입산,장기재고,중고",,,,,N,Y,6,8,25,10,N,19,2025-09-30 11:50,
1157,steel-pipe-pile,강관파일,강관파일 711.2*12T,,,/uploads/products/desc_1760335972_68ec9864c0cc3.gif,1000,piece,,1,in_stock,,,,,,207,linear,Y,"SS400,SS400/A36,SHN400,SS490,SS540,SM400A,SM400B,SHN490,SM490A,SM490B,SM490YA,SM490YB","국산,수입산,장기재고,중고",,,,,N,Y,6,8,25,10,N,24,2025-09-30 11:50,
1158,steel-pipe-pile,강관파일,강관파일 711.2*14T,,,/uploads/products/desc_1760335972_68ec9864c0cc3.gif,1000,piece,,1,in_stock,,,,,,241,linear,Y,"SS400,SS400/A36,SHN400,SS490,SS540,SM400A,SM400B,SHN490,SM490A,SM490B,SM490YA,SM490YB","국산,수입산,장기재고,중고",,,,,N,Y,6,8,25,10,N,21,2025-09-30 11:50,
1159,steel-pipe-pile,강관파일,강관파일 711.2*16T,,,/uploads/products/desc_1760335972_68ec9864c0cc3.gif,1000,piece,,1,in_stock,,,,,,274,linear,Y,"SS400,SS400/A36,SHN400,SS490,SS540,SM400A,SM400B,SHN490,SM490A,SM490B,SM490YA,SM490YB","국산,수입산,장기재고,중고",,,,,N,Y,6,8,25,10,N,17,2025-09-30 11:50,
1160,steel-pipe-pile,강관파일,강관파일 800*12T,,,/uploads/products/desc_1760335972_68ec9864c0cc3.gif,1000,piece,,1,in_stock,,,,,,233.2,linear,Y,"SS400,SS400/A36,SHN400,SS490,SS540,SM400A,SM400B,SHN490,SM490A,SM490B,SM490YA,SM490YB","국산,수입산,장기재고,중고",,,,,N,Y,6,8,25,10,N,19,2025-09-30 11:50,
1161,steel-pipe-pile,강관파일,강관파일 812.8*9T,,,/uploads/products/desc_1760335972_68ec9864c0cc3.gif,1000,piece,,1,in_stock,,,,,,178,linear,Y,"SS400,SS400/A36,SHN400,SS490,SS540,SM400A,SM400B,SHN490,SM490A,SM490B,SM490YA,SM490YB","국산,수입산,장기재고,중고",,,,,N,Y,6,8,25,10,N,23,2025-09-30 11:50,
1162,steel-pipe-pile,강관파일,강관파일 812.8*12T,,,/uploads/products/desc_1760335972_68ec9864c0cc3.gif,1000,piece,,1,in_stock,,,,,,237,linear,Y,"SS400,SS400/A36,SHN400,SS490,SS540,SM400A,SM400B,SHN490,SM490A,SM490B,SM490YA,SM490YB","국산,수입산,장기재고,중고",,,,,N,Y,6,8,25,10,N,19,2025-09-30 11:50,
1163,steel-pipe-pile,강관파일,강관파일 812.8*14T,,,/uploads/products/desc_1760335972_68ec9864c0cc3.gif,1000,piece,,1,in_stock,,,,,,276,linear,Y,"SS400,SS400/A36,SHN400,SS490,SS540,SM400A,SM400B,SHN490,SM490A,SM490B,SM490YA,SM490YB","국산,수입산,장기재고,중고",,,,,N,Y,6,8,25,10,N,31,2025-09-30 11:50,
1164,steel-pipe-pile,강관파일,강관파일 812.8*16T,,,/uploads/products/desc_1760335972_68ec9864c0cc3.gif,1000,piece,,1,in_stock,,,,,,314,linear,Y,"SS400,SS400/A36,SHN400,SS490,SS540,SM400A,SM400B,SHN490,SM490A,SM490B,SM490YA,SM490YB","국산,수입산,장기재고,중고",,,,,N,Y,6,8,25,10,N,19,2025-09-30 11:50,
1165,steel-pipe-pile,강관파일,강관파일 914.4*9T,,,/uploads/products/desc_1760335972_68ec9864c0cc3.gif,1000,piece,,1,in_stock,,,,,,201,linear,Y,"SS400,SS400/A36,SHN400,SS490,SS540,SM400A,SM400B,SHN490,SM490A,SM490B,SM490YA,SM490YB","국산,수입산,장기재고,중고",,,,,N,Y,6,8,25,10,N,19,2025-09-30 11:50,
1166,steel-pipe-pile,강관파일,강관파일 914.4*12T,,,/uploads/products/desc_1760335972_68ec9864c0cc3.gif,1000,piece,,1,in_stock,,,,,,267,linear,Y,"SS400,SS400/A36,SHN400,SS490,SS540,SM400A,SM400B,SHN490,SM490A,SM490B,SM490YA,SM490YB","국산,수입산,장기재고,중고",,,,,N,Y,6,8,25,10,N,21,2025-09-30 11:50,
1167,steel-pipe-pile,강관파일,강관파일 914.4*14T,,,/uploads/products/desc_1760335972_68ec9864c0cc3.gif,1000,piece,,1,in_stock,,,,,,311,linear,Y,"SS400,SS400/A36,SHN400,SS490,SS540,SM400A,SM400B,SHN490,SM490A,SM490B,SM490YA,SM490YB","국산,수입산,장기재고,중고",,,,,N,Y,6,8,25,10,N,19,2025-09-30 11:50,
1168,steel-pipe-pile,강관파일,강관파일 914.4*16T,,,/uploads/products/desc_1760335972_68ec9864c0cc3.gif,1000,piece,,1,in_stock,,,,,,354,linear,Y,"SS400,SS400/A36,SHN400,SS490,SS540,SM400A,SM400B,SHN490,SM490A,SM490B,SM490YA,SM490YB","국산,수입산,장기재고,중고",,,,,N,Y,6,8,25,10,N,18,2025-09-30 11:50,
1169,steel-pipe-pile,강관파일,강관파일 914.4*19T,,,/uploads/products/desc_1760335972_68ec9864c0cc3.gif,1000,piece,,1,in_stock,,,,,,420,linear,Y,"SS400,SS400/A36,SHN400,SS490,SS540,SM400A,SM400B,SHN490,SM490A,SM490B,SM490YA,SM490YB","국산,수입산,장기재고,중고",,,,,N,Y,6,8,25,10,N,19,2025-09-30 11:50,
1170,steel-pipe-pile,강관파일,"강관파일 1,016*9T",,,/uploads/products/desc_1760335972_68ec9864c0cc3.gif,1000,piece,,1,in_stock,,,,,,224,linear,Y,"SS400,SS400/A36,SHN400,SS490,SS540,SM400A,SM400B,SHN490,SM490A,SM490B,SM490YA,SM490YB","국산,수입산,장기재고,중고",,,,,N,Y,6,8,25,10,N,21,2025-09-30 11:50,
1171,steel-pipe-pile,강관파일,"강관파일 1,016*12T",,,/uploads/products/desc_1760335972_68ec9864c0cc3.gif,1000,piece,,1,in_stock,,,,,,297,linear,Y,"SS400,SS400/A36,SHN400,SS490,SS540,SM400A,SM400B,SHN490,SM490A,SM490B,SM490YA,SM490YB","국산,수입산,장기재고,중고",,,,,N,Y,6,8,25,10,N,24,2025-09-30 11:50,
1172,steel-pipe-pile,강관파일,"강관파일 1,016*14T",,,/uploads/products/desc_1760335972_68ec9864c0cc3.gif,1000,piece,,1,in_stock,,,,,,346,linear,Y,"SS400,SS400/A36,SHN400,SS490,SS540,SM400A,SM400B,SHN490,SM490A,SM490B,SM490YA,SM490YB","국산,수입산,장기재고,중고",,,,,N,Y,6,8,25,10,N,18,2025-09-30 11:50,
1173,steel-pipe-pile,강관파일,"강관파일 1,016*16T",,,/uploads/products/desc_1760335972_68ec9864c0cc3.gif,1000,piece,,1,in_stock,,,,,,395,linear,Y,"SS400,SS400/A36,SHN400,SS490,SS540,SM400A,SM400B,SHN490,SM490A,SM490B,SM490YA,SM490YB","국산,수입산,장기재고,중고",,,,,N,Y,6,8,25,10,N,17,2025-09-30 11:50,
1174,steel-pipe-pile,강관파일,"강관파일 1,016*19T",,,/uploads/products/desc_1760335972_68ec9864c0cc3.gif,1000,piece,,1,in_stock,,,,,,467,linear,Y,"SS400,SS400/A36,SHN400,SS490,SS540,SM400A,SM400B,SHN490,SM490A,SM490B,SM490YA,SM490YB","국산,수입산,장기재고,중고",,,,,N,Y,6,8,25,10,N,14,2025-09-30 11:50,
1175,deck-plate,테크플레이트,데크플레이트 614*50*1.2T,,,/uploads/products/desc_1760335972_68ec9864c0cc3.gif,1000,kg,,1,in_stock,,,,,,8.24,linear,Y,COLOR,"국산,장기재고",,,,,N,Y,6,2.4,12,6,N,37,2025-09-30 11:54,
1176,deck-plate,테크플레이트,데크플레이트 614*50*1.2T(GI),,,/uploads/products/desc_1760335972_68ec9864c0cc3.gif,1000,kg,,1,in_stock,,,,,,8.58,linear,Y,COLOR,"국산,장기재고",,,,,N,Y,6,2.4,12,6,N,29,2025-09-30 11:54,
1177,deck-plate,테크플레이트,데크플레이트 614*50*1.6T,,,/uploads/products/desc_1760335972_68ec9864c0cc3.gif,1000,kg,,1,in_stock,,,,,,10.99,linear,Y,COLOR,"국산,장기재고",,,,,N,Y,6,2.4,12,6,N,38,2025-09-30 11:54,
1178,deck-plate,테크플레이트,데크플레이트 614*50*1.6(GI),,,/uploads/products/desc_1760335972_68ec9864c0cc3.gif,1000,kg,,1,in_stock,,,,,,11.32,linear,Y,COLOR,"국산,장기재고",,,,,N,Y,6,2.4,12,6,N,34,2025-09-30 11:54,
1179,deck-plate,테크플레이트,데크플레이트 660*50*1.2T,,,/uploads/products/desc_1760335972_68ec9864c0cc3.gif,1000,kg,,1,in_stock,,,,,,8.61,linear,Y,COLOR,"국산,장기재고",,,,,N,Y,6,2.4,12,6,N,40,2025-09-30 11:54,
1180,deck-plate,테크플레이트,데크플레이트 660*50*1.2T(GI),,,/uploads/products/desc_1760335972_68ec9864c0cc3.gif,1000,kg,,1,in_stock,,,,,,8.96,linear,Y,COLOR,"국산,장기재고",,,,,N,Y,6,2.4,12,6,N,33,2025-09-30 11:54,
1181,deck-plate,테크플레이트,데크플레이트 660*50*1.6T,,,/uploads/products/desc_1760335972_68ec9864c0cc3.gif,1000,kg,,1,in_stock,,,,,,11.48,linear,Y,COLOR,"국산,장기재고",,,,,N,Y,6,2.4,12,6,N,33,2025-09-30 11:54,
1182,deck-plate,테크플레이트,데크플레이트 660*50*1.6T(GI),,,/uploads/products/desc_1760335972_68ec9864c0cc3.gif,1000,kg,,1,in_stock,,,,,,11.83,linear,Y,COLOR,"국산,장기재고",,,,,N,Y,6,2.4,12,6,N,27,2025-09-30 11:54,
1183,deck-plate,테크플레이트,데크플레이트 600*75*1.2T,,,/uploads/products/desc_1760335972_68ec9864c0cc3.gif,1000,kg,,1,in_stock,,,,,,9.38,linear,Y,COLOR,"국산,장기재고",,,,,N,Y,6,2.4,12,6,N,46,2025-09-30 11:54,
1184,deck-plate,테크플레이트,데크플레이트 600*75*1.2(GI),,,/uploads/products/desc_1760335972_68ec9864c0cc3.gif,1000,kg,,1,in_stock,,,,,,9.76,linear,Y,COLOR,"국산,장기재고",,,,,N,Y,6,2.4,12,6,N,33,2025-09-30 11:54,
1185,deck-plate,테크플레이트,데크플레이트 600*75*1.6T,,,/uploads/products/desc_1760335972_68ec9864c0cc3.gif,1000,kg,,1,in_stock,,,,,,12.4,linear,Y,COLOR,"국산,장기재고",,,,,N,Y,6,2.4,12,6,N,35,2025-09-30 11:54,
1186,deck-plate,테크플레이트,데크플레이트 600*75*1.6T(GI),,,/uploads/products/desc_1760335972_68ec9864c0cc3.gif,1000,kg,,1,in_stock,,,,,,12.8,linear,Y,COLOR,"국산,장기재고",,,,,N,Y,6,2.4,12,6,N,29,2025-09-30 11:54,
1187,deck-plate,테크플레이트,데크플레이트 600*75*2.3T,,,/uploads/products/desc_1760335972_68ec9864c0cc3.gif,1000,kg,,1,in_stock,,,,,,17.7,linear,Y,COLOR,"국산,장기재고",,,,,N,Y,6,2.4,12,6,N,43,2025-09-30 11:54,
1188,deck-plate,테크플레이트,데크플레이트 600*75*2.3T(GI),,,/uploads/products/desc_1760335972_68ec9864c0cc3.gif,1000,kg,,1,in_stock,,,,,,18.1,linear,Y,COLOR,"국산,장기재고",,,,,N,Y,6,2.4,12,6,N,31,2025-09-30 11:54,
1189,deck-plate,테크플레이트,데크플레이트 690*75*1.2T,,,/uploads/products/desc_1760335972_68ec9864c0cc3.gif,1000,kg,,1,in_stock,,,,,,10.21,linear,Y,COLOR,"국산,장기재고",,,,,N,Y,6,2.4,12,6,N,33,2025-09-30 11:54,
1190,deck-plate,테크플레이트,데크플레이트 690*75*1.2T(GI),,,/uploads/products/desc_1760335972_68ec9864c0cc3.gif,1000,kg,,1,in_stock,,,,,,10.62,linear,Y,COLOR,"국산,장기재고",,,,,N,Y,6,2.4,12,6,N,32,2025-09-30 11:54,
1191,deck-plate,테크플레이트,데크플레이트 690*75*1.6T,,,/uploads/products/desc_1760335972_68ec9864c0cc3.gif,1000,kg,,1,in_stock,,,,,,13.6,linear,Y,COLOR,"국산,장기재고",,,,,N,Y,6,2.4,12,6,N,38,2025-09-30 11:54,
1192,deck-plate,테크플레이트,데크플레이트 690*75*1.6T(GI),,,/uploads/products/desc_1760335972_68ec9864c0cc3.gif,1000,kg,,1,in_stock,,,,,,14,linear,Y,COLOR,"국산,장기재고",,,,,N,Y,6,2.4,12,6,N,39,2025-09-30 11:54,
1193,deck-plate,테크플레이트,데크플레이트 690*75*2.3T,,,/uploads/products/desc_1760335972_68ec9864c0cc3.gif,1000,kg,,1,in_stock,,,,,,19.3,linear,Y,COLOR,"국산,장기재고",,,,,N,Y,6,2.4,12,6,N,18,2025-09-30 11:54,
1194,deck-plate,테크플레이트,데크플레이트 690*75*2.3T(GI),,,/uploads/products/desc_1760335972_68ec9864c0cc3.gif,1000,kg,,1,in_stock,,,,,,19.7,linear,Y,COLOR,"국산,장기재고",,,,,N,Y,6,2.4,12,6,N,46,2025-09-30 11:54,
1195,sheet-pile,강널말뚝,강널말뚝(쉬트파일) 400*75*8.0T,,,/uploads/products/desc_1760335972_68ec9864c0cc3.gif,1000,piece,,1,in_stock,,,,,,36.5,linear,Y,"SS400,SS400/A36,SHN400,SS490,SS540,SM400A,SM400B,SHN490,SM490A,SM490B,SM490YA,SM490YB","국산,중국산,일본산,중고",,,,,N,Y,6,8,25,10,N,29,2025-09-30 11:59,
1196,sheet-pile,강널말뚝,강널말뚝(쉬트파일) 400*80*7.6T,,,/uploads/products/desc_1760335972_68ec9864c0cc3.gif,1000,piece,,1,in_stock,,,,,,35.5,linear,Y,"SS400,SS400/A36,SHN400,SS490,SS540,SM400A,SM400B,SHN490,SM490A,SM490B,SM490YA,SM490YB","국산,중국산,일본산,중고",,,,,N,Y,6,8,25,10,N,25,2025-09-30 11:59,
1197,sheet-pile,강널말뚝,강널말뚝(쉬트파일) 400*85*8.0T,,,/uploads/products/desc_1760335972_68ec9864c0cc3.gif,1000,piece,,1,in_stock,,,,,,35.5,linear,Y,"SS400,SS400/A36,SHN400,SS490,SS540,SM400A,SM400B,SHN490,SM490A,SM490B,SM490YA,SM490YB","국산,중국산,일본산,중고",,,,,N,Y,6,8,25,10,N,28,2025-09-30 11:59,
1198,sheet-pile,강널말뚝,강널말뚝(쉬트파일) 400*100*10.5T,,,/uploads/products/desc_1760335972_68ec9864c0cc3.gif,1000,piece,,1,in_stock,,,,,,48,linear,Y,"SS400,SS400/A36,SHN400,SS490,SS540,SM400A,SM400B,SHN490,SM490A,SM490B,SM490YA,SM490YB","국산,중국산,일본산,중고",,,,,N,Y,6,8,25,10,N,28,2025-09-30 11:59,
1199,sheet-pile,강널말뚝,강널말뚝(쉬트파일) 400*100*10.5T,,,/uploads/products/desc_1760335972_68ec9864c0cc3.gif,1000,piece,,1,in_stock,,,,,,48,linear,Y,"SS400,SS400/A36,SHN400,SS490,SS540,SM400A,SM400B,SHN490,SM490A,SM490B,SM490YA,SM490YB","국산,중국산,일본산,중고",,,,,N,Y,6,8,25,10,N,27,2025-09-30 11:59,
1200,sheet-pile,강널말뚝,강널말뚝(쉬트파일) 400*110*9.3T,,,/uploads/products/desc_1760335972_68ec9864c0cc3.gif,1000,piece,,1,in_stock,,,,,,43.2,linear,Y,"SS400,SS400/A36,SHN400,SS490,SS540,SM400A,SM400B,SHN490,SM490A,SM490B,SM490YA,SM490YB","국산,중국산,일본산,중고",,,,,N,Y,6,8,25,10,N,27,2025-09-30 11:59,
1201,sheet-pile,강널말뚝,강널말뚝(쉬트파일) 400*120*9.2T,,,/uploads/products/desc_1760335972_68ec9864c0cc3.gif,1000,piece,,1,in_stock,,,,,,43.2,linear,Y,"SS400,SS400/A36,SHN400,SS490,SS540,SM400A,SM400B,SHN490,SM490A,SM490B,SM490YA,SM490YB","국산,중국산,일본산,중고",,,,,N,Y,6,8,25,10,N,22,2025-09-30 11:59,
1202,sheet-pile,강널말뚝,강널말뚝(쉬트파일) 400*125*13.0T,,,/uploads/products/desc_1760335972_68ec9864c0cc3.gif,1000,piece,,1,in_stock,,,,,,60,linear,Y,"SS400,SS400/A36,SHN400,SS490,SS540,SM400A,SM400B,SHN490,SM490A,SM490B,SM490YA,SM490YB","국산,중국산,일본산,중고",,,,,N,Y,6,8,25,10,N,21,2025-09-30 11:59,
1203,sheet-pile,강널말뚝,강널말뚝(쉬트파일) 400*125*13.0T,,,/uploads/products/desc_1760335972_68ec9864c0cc3.gif,1000,piece,,1,in_stock,,,,,,60,linear,Y,"SS400,SS400/A36,SHN400,SS490,SS540,SM400A,SM400B,SHN490,SM490A,SM490B,SM490YA,SM490YB","국산,중국산,일본산,중고",,,,,N,Y,6,8,25,10,N,27,2025-09-30 11:59,
1204,sheet-pile,강널말뚝,강널말뚝(쉬트파일) 400*150*13.1T,,,/uploads/products/desc_1760335972_68ec9864c0cc3.gif,1000,piece,,1,in_stock,,,,,,58.4,linear,Y,"SS400,SS400/A36,SHN400,SS490,SS540,SM400A,SM400B,SHN490,SM490A,SM490B,SM490YA,SM490YB","국산,중국산,일본산,중고",,,,,N,Y,6,8,25,10,N,35,2025-09-30 11:59,
1205,sheet-pile,강널말뚝,강널말뚝(쉬트파일) 400*150*13T,,,/uploads/products/desc_1760335972_68ec9864c0cc3.gif,1000,piece,,1,in_stock,,,,,,60,linear,Y,"SS400,SS400/A36,SHN400,SS490,SS540,SM400A,SM400B,SHN490,SM490A,SM490B,SM490YA,SM490YB","국산,중국산,일본산,중고",,,,,N,Y,6,8,25,10,N,33,2025-09-30 11:59,
1206,sheet-pile,강널말뚝,강널말뚝(쉬트파일) 400*155*15.5T,,,/uploads/products/desc_1760335972_68ec9864c0cc3.gif,1000,piece,,1,in_stock,,,,,,76.1,linear,Y,"SS400,SS400/A36,SHN400,SS490,SS540,SM400A,SM400B,SHN490,SM490A,SM490B,SM490YA,SM490YB","국산,중국산,일본산,중고",,,,,N,Y,6,8,25,10,N,27,2025-09-30 11:59,
1207,sheet-pile,강널말뚝,강널말뚝(쉬트파일) 400*170*15.5T,,,/uploads/products/desc_1760335972_68ec9864c0cc3.gif,1000,piece,,1,in_stock,,,,,,76.1,linear,Y,"SS400,SS400/A36,SHN400,SS490,SS540,SM400A,SM400B,SHN490,SM490A,SM490B,SM490YA,SM490YB","국산,중국산,일본산,중고",,,,,N,Y,6,8,25,10,N,33,2025-09-30 11:59,
1208,sheet-pile,강널말뚝,강널말뚝(쉬트파일) 400*175*16.1T,,,/uploads/products/desc_1760335972_68ec9864c0cc3.gif,1000,piece,,1,in_stock,,,,,,74,linear,Y,"SS400,SS400/A36,SHN400,SS490,SS540,SM400A,SM400B,SHN490,SM490A,SM490B,SM490YA,SM490YB","국산,중국산,일본산,중고",,,,,N,Y,6,8,25,10,N,27,2025-09-30 11:59,
1209,sheet-pile,강널말뚝,강널말뚝(쉬트파일) 400*185*16.0T,,,/uploads/products/desc_1760335972_68ec9864c0cc3.gif,1000,piece,,1,in_stock,,,,,,74,linear,Y,"SS400,SS400/A36,SHN400,SS490,SS540,SM400A,SM400B,SHN490,SM490A,SM490B,SM490YA,SM490YB","국산,중국산,일본산,중고",,,,,N,Y,6,8,25,10,N,25,2025-09-30 11:59,
1210,sheet-pile,강널말뚝,강널말뚝(쉬트파일) 420*175*22.3T,,,/uploads/products/desc_1760335972_68ec9864c0cc3.gif,1000,piece,,1,in_stock,,,,,,105,linear,Y,"SS400,SS400/A36,SHN400,SS490,SS540,SM400A,SM400B,SHN490,SM490A,SM490B,SM490YA,SM490YB","국산,중국산,일본산,중고",,,,,N,Y,6,8,25,10,N,27,2025-09-30 11:59,
1211,sheet-pile,강널말뚝,강널말뚝(쉬트파일) 500*200*19.5T,,,/uploads/products/desc_1760335972_68ec9864c0cc3.gif,1000,piece,,1,in_stock,,,,,,105,linear,Y,"SS400,SS400/A36,SHN400,SS490,SS540,SM400A,SM400B,SHN490,SM490A,SM490B,SM490YA,SM490YB","국산,중국산,일본산,중고",,,,,N,Y,6,8,25,10,N,28,2025-09-30 11:59,
1212,sheet-pile,강널말뚝,강널말뚝(쉬트파일) 500*225*27.6T,,,/uploads/products/desc_1760335972_68ec9864c0cc3.gif,1000,piece,,1,in_stock,,,,,,120,linear,Y,"SS400,SS400/A36,SHN400,SS490,SS540,SM400A,SM400B,SHN490,SM490A,SM490B,SM490YA,SM490YB","국산,중국산,일본산,중고",,,,,N,Y,6,8,25,10,N,24,2025-09-30 11:59,
1213,sheet-pile,강널말뚝,강널말뚝(쉬트파일) 500*170*12.0T,,,/uploads/products/desc_1760335972_68ec9864c0cc3.gif,1000,piece,,1,in_stock,,,,,,69,linear,Y,"SS400,SS400/A36,SHN400,SS490,SS540,SM400A,SM400B,SHN490,SM490A,SM490B,SM490YA,SM490YB","국산,중국산,일본산,중고",,,,,N,Y,6,8,25,10,N,24,2025-09-30 11:59,
1214,sheet-pile,강널말뚝,강널말뚝(쉬트파일) 500*175*16.5T,,,/uploads/products/desc_1760335972_68ec9864c0cc3.gif,1000,piece,,1,in_stock,,,,,,86,linear,Y,"SS400,SS400/A36,SHN400,SS490,SS540,SM400A,SM400B,SHN490,SM490A,SM490B,SM490YA,SM490YB","국산,중국산,일본산,중고",,,,,N,Y,6,8,25,10,N,19,2025-09-30 11:59,
1215,sheet-pile,강널말뚝,강널말뚝(쉬트파일) 600*130*10.3T,,,/uploads/products/desc_1760335972_68ec9864c0cc3.gif,1000,piece,,1,in_stock,,,,,,61.8,linear,Y,"SS400,SS400/A36,SHN400,SS490,SS540,SM400A,SM400B,SHN490,SM490A,SM490B,SM490YA,SM490YB","국산,중국산,일본산,중고",,,,,N,Y,6,8,25,10,N,35,2025-09-30 11:59,
1216,sheet-pile,강널말뚝,강널말뚝(쉬트파일) 600*180*13.4T,,,/uploads/products/desc_1760335972_68ec9864c0cc3.gif,1000,piece,,1,in_stock,,,,,,81.6,linear,Y,"SS400,SS400/A36,SHN400,SS490,SS540,SM400A,SM400B,SHN490,SM490A,SM490B,SM490YA,SM490YB","국산,중국산,일본산,중고",,,,,N,Y,6,8,25,10,N,22,2025-09-30 11:59,
1217,scaffold-pipe,단관비계,단관비계 48.6T*2.3T,,,/uploads/products/desc_1760335972_68ec9864c0cc3.gif,1000,piece,,1,in_stock,,,,,,2.626,linear,Y,"아연,SS400,SS400/A36,SHN400,SS490,SS540,SM400A,SM400B,SHN490,SM490A,SM490B,SM490YA,SM490YB","국산,중고",,,,,N,Y,6,2,6,6,N,36,2025-09-30 12:03,
1218,pressure-pipe,압력배관,압력배관 15A,,,/uploads/products/desc_1760335972_68ec9864c0cc3.gif,1000,piece,,1,in_stock,,,,,,1.22,linear,Y,"흑관,SS400,SS400/A36,SHN400,SS490,SS540,SM400A,SM400B,SHN490,SM490A,SM490B,SM490YA,SM490YB","국산,장기재고",,,,,N,Y,6,5,12,6,N,27,2025-09-30 12:08,
1219,pressure-pipe,압력배관,압력배관 20A,,,/uploads/products/desc_1760335972_68ec9864c0cc3.gif,1000,piece,,1,in_stock,,,,,,1.63,linear,Y,"흑관,SS400,SS400/A36,SHN400,SS490,SS540,SM400A,SM400B,SHN490,SM490A,SM490B,SM490YA,SM490YB","국산,장기재고",,,,,N,Y,6,5,12,6,N,22,2025-09-30 12:08,
1220,pressure-pipe,압력배관,압력배관 25A,,,/uploads/products/desc_1760335972_68ec9864c0cc3.gif,1000,piece,,1,in_stock,,,,,,2.43,linear,Y,"흑관,SS400,SS400/A36,SHN400,SS490,SS540,SM400A,SM400B,SHN490,SM490A,SM490B,SM490YA,SM490YB","국산,장기재고",,,,,N,Y,6,5,12,6,N,24,2025-09-30 12:08,
1221,pressure-pipe,압력배관,압력배관 32A,,,/uploads/products/desc_1760335972_68ec9864c0cc3.gif,1000,piece,,1,in_stock,,,,,,3.25,linear,Y,"흑관,SS400,SS400/A36,SHN400,SS490,SS540,SM400A,SM400B,SHN490,SM490A,SM490B,SM490YA,SM490YB","국산,장기재고",,,,,N,Y,6,5,12,6,N,22,2025-09-30 12:08,
1222,pressure-pipe,압력배관,압력배관 40A,,,/uploads/products/desc_1760335972_68ec9864c0cc3.gif,1000,piece,,1,in_stock,,,,,,3.83,linear,Y,"흑관,SS400,SS400/A36,SHN400,SS490,SS540,SM400A,SM400B,SHN490,SM490A,SM490B,SM490YA,SM490YB","국산,장기재고",,,,,N,Y,6,5,12,6,N,22,2025-09-30 12:08,
1223,pressure-pipe,압력배관,압력배관 50A,,,/uploads/products/desc_1760335972_68ec9864c0cc3.gif,1000,piece,,1,in_stock,,,,,,5.2,linear,Y,"흑관,SS400,SS400/A36,SHN400,SS490,SS540,SM400A,SM400B,SHN490,SM490A,SM490B,SM490YA,SM490YB","국산,장기재고",,,,,N,Y,6,5,12,6,N,23,2025-09-30 12:08,
1224,pressure-pipe,압력배관,압력배관 65A,,,/uploads/products/desc_1760335972_68ec9864c0cc3.gif,1000,piece,,1,in_stock,,,,,,8.55,linear,Y,"흑관,SS400,SS400/A36,SHN400,SS490,SS540,SM400A,SM400B,SHN490,SM490A,SM490B,SM490YA,SM490YB","국산,장기재고",,,,,N,Y,6,5,12,6,N,26,2025-09-30 12:08,
1225,pressure-pipe,압력배관,압력배관 80A,,,/uploads/products/desc_1760335972_68ec9864c0cc3.gif,1000,piece,,1,in_stock,,,,,,10.67,linear,Y,"흑관,SS400,SS400/A36,SHN400,SS490,SS540,SM400A,SM400B,SHN490,SM490A,SM490B,SM490YA,SM490YB","국산,장기재고",,,,,N,Y,6,5,12,6,N,25,2025-09-30 12:08,
1226,pressure-pipe,압력배관,압력배관 90A,,,/uploads/products/desc_1760335972_68ec9864c0cc3.gif,1000,piece,,1,in_stock,,,,,,12.58,linear,Y,"흑관,SS400,SS400/A36,SHN400,SS490,SS540,SM400A,SM400B,SHN490,SM490A,SM490B,SM490YA,SM490YB","국산,장기재고",,,,,N,Y,6,5,12,6,N,24,2025-09-30 12:08,
1227,pressure-pipe,압력배관,압력배관 100A,,,/uploads/products/desc_1760335972_68ec9864c0cc3.gif,1000,piece,,1,in_stock,,,,,,14.98,linear,Y,"흑관,SS400,SS400/A36,SHN400,SS490,SS540,SM400A,SM400B,SHN490,SM490A,SM490B,SM490YA,SM490YB","국산,장기재고",,,,,N,Y,6,5,12,6,N,34,2025-09-30 12:08,
1228,pressure-pipe,압력배관,압력배관 125A,,,/uploads/products/desc_1760335972_68ec9864c0cc3.gif,1000,piece,,1,in_stock,,,,,,20.27,linear,Y,"흑관,SS400,SS400/A36,SHN400,SS490,SS540,SM400A,SM400B,SHN490,SM490A,SM490B,SM490YA,SM490YB","국산,장기재고",,,,,N,Y,6,5,12,6,N,22,2025-09-30 12:08,
1229,pressure-pipe,압력배관,압력배관 150A,,,/uploads/products/desc_1760335972_68ec9864c0cc3.gif,1000,piece,,1,in_stock,,,,,,25.82,linear,Y,"흑관,SS400,SS400/A36,SHN400,SS490,SS540,SM400A,SM400B,SHN490,SM490A,SM490B,SM490YA,SM490YB","국산,장기재고",,,,,N,Y,6,5,12,6,N,23,2025-09-30 12:08,
1230,pressure-pipe,압력배관,압력배관 200A,,,/uploads/products/desc_1760335972_68ec9864c0cc3.gif,1000,piece,,1,in_stock,,,,,,38.9,linear,Y,"흑관,SS400,SS400/A36,SHN400,SS490,SS540,SM400A,SM400B,SHN490,SM490A,SM490B,SM490YA,SM490YB","국산,장기재고",,,,,N,Y,6,5,12,6,N,30,2025-09-30 12:08,
1231,pressure-pipe,압력배관,압력배관 250A,,,/uploads/products/desc_1760335972_68ec9864c0cc3.gif,1000,piece,,1,in_stock,,,,,,54.55,linear,Y,"흑관,SS400,SS400/A36,SHN400,SS490,SS540,SM400A,SM400B,SHN490,SM490A,SM490B,SM490YA,SM490YB","국산,장기재고",,,,,N,Y,6,5,12,6,N,27,2025-09-30 12:08,
1232,pressure-pipe,압력배관,압력배관 300A,,,/uploads/products/desc_1760335972_68ec9864c0cc3.gif,1000,piece,,1,in_stock,,,,,,72.02,linear,Y,"흑관,SS400,SS400/A36,SHN400,SS490,SS540,SM400A,SM400B,SHN490,SM490A,SM490B,SM490YA,SM490YB","국산,장기재고",,,,,N,Y,6,5,12,6,N,31,2025-09-30 12:08,
1233,pressure-pipe,압력배관,압력배관 350A,,,/uploads/products/desc_1760335972_68ec9864c0cc3.gif,1000,piece,,1,in_stock,,,,,,87.72,linear,Y,"흑관,SS400,SS400/A36,SHN400,SS490,SS540,SM400A,SM400B,SHN490,SM490A,SM490B,SM490YA,SM490YB","국산,장기재고",,,,,N,Y,6,5,12,6,N,23,2025-09-30 12:08,
1234,pressure-pipe,압력배관,압력배관 400A,,,/uploads/products/desc_1760335972_68ec9864c0cc3.gif,1000,piece,,1,in_stock,,,,,,112,linear,Y,"흑관,SS400,SS400/A36,SHN400,SS490,SS540,SM400A,SM400B,SHN490,SM490A,SM490B,SM490YA,SM490YB","국산,장기재고",,,,,N,Y,6,5,12,6,N,23,2025-09-30 12:08,
1235,pressure-pipe,압력배관,압력배관 450A,,,/uploads/products/desc_1760335972_68ec9864c0cc3.gif,1000,piece,,1,in_stock,,,,,,141.3,linear,Y,"흑관,SS400,SS400/A36,SHN400,SS490,SS540,SM400A,SM400B,SHN490,SM490A,SM490B,SM490YA,SM490YB","국산,장기재고",,,,,N,Y,6,5,12,6,N,43,2025-09-30 12:08,
1236,pressure-pipe,압력배관,압력배관 500A,,,/uploads/products/desc_1760335972_68ec9864c0cc3.gif,1000,piece,,1,in_stock,,,,,,165.8,linear,Y,"흑관,SS400,SS400/A36,SHN400,SS490,SS540,SM400A,SM400B,SHN490,SM490A,SM490B,SM490YA,SM490YB","국산,장기재고",,,,,N,Y,6,5,12,6,N,24,2025-09-30 12:08,
1237,pressure-pipe,압력배관,압력배관 550A,,,/uploads/products/desc_1760335972_68ec9864c0cc3.gif,1000,piece,,1,in_stock,,,,,,193.3,linear,Y,"흑관,SS400,SS400/A36,SHN400,SS490,SS540,SM400A,SM400B,SHN490,SM490A,SM490B,SM490YA,SM490YB","국산,장기재고",,,,,N,Y,6,5,12,6,N,21,2025-09-30 12:08,
1238,pressure-pipe,압력배관,압력배관 15A,,,/uploads/products/desc_1760335972_68ec9864c0cc3.gif,1000,piece,,1,in_stock,,,,,,1.53,linear,Y,"흑관,SS400,SS400/A36,SHN400,SS490,SS540,SM400A,SM400B,SHN490,SM490A,SM490B,SM490YA,SM490YB","국산,장기재고",,,,,N,Y,6,5,12,6,N,22,2025-09-30 12:08,
1239,pressure-pipe,압력배관,압력배관 20A,,,/uploads/products/desc_1760335972_68ec9864c0cc3.gif,1000,piece,,1,in_stock,,,,,,2.1,linear,Y,"흑관,SS400,SS400/A36,SHN400,SS490,SS540,SM400A,SM400B,SHN490,SM490A,SM490B,SM490YA,SM490YB","국산,장기재고",,,,,N,Y,6,5,12,6,N,19,2025-09-30 12:08,
1240,pressure-pipe,압력배관,압력배관 25A,,,/uploads/products/desc_1760335972_68ec9864c0cc3.gif,1000,piece,,1,in_stock,,,,,,3.02,linear,Y,"흑관,SS400,SS400/A36,SHN400,SS490,SS540,SM400A,SM400B,SHN490,SM490A,SM490B,SM490YA,SM490YB","국산,장기재고",,,,,N,Y,6,5,12,6,N,22,2025-09-30 12:08,
1241,pressure-pipe,압력배관,압력배관 32A,,,/uploads/products/desc_1760335972_68ec9864c0cc3.gif,1000,piece,,1,in_stock,,,,,,4.2,linear,Y,"흑관,SS400,SS400/A36,SHN400,SS490,SS540,SM400A,SM400B,SHN490,SM490A,SM490B,SM490YA,SM490YB","국산,장기재고",,,,,N,Y,6,5,12,6,N,23,2025-09-30 12:08,
1242,pressure-pipe,압력배관,압력배관 40A,,,/uploads/products/desc_1760335972_68ec9864c0cc3.gif,1000,piece,,1,in_stock,,,,,,5,linear,Y,"흑관,SS400,SS400/A36,SHN400,SS490,SS540,SM400A,SM400B,SHN490,SM490A,SM490B,SM490YA,SM490YB","국산,장기재고",,,,,N,Y,6,5,12,6,N,20,2025-09-30 12:08,
1243,pressure-pipe,압력배관,압력배관 50A,,,/uploads/products/desc_1760335972_68ec9864c0cc3.gif,1000,piece,,1,in_stock,,,,,,6.83,linear,Y,"흑관,SS400,SS400/A36,SHN400,SS490,SS540,SM400A,SM400B,SHN490,SM490A,SM490B,SM490YA,SM490YB","국산,장기재고",,,,,N,Y,6,5,12,6,N,19,2025-09-30 12:08,
1244,pressure-pipe,압력배관,압력배관 65A,,,/uploads/products/desc_1760335972_68ec9864c0cc3.gif,1000,piece,,1,in_stock,,,,,,10.88,linear,Y,"흑관,SS400,SS400/A36,SHN400,SS490,SS540,SM400A,SM400B,SHN490,SM490A,SM490B,SM490YA,SM490YB","국산,장기재고",,,,,N,Y,6,5,12,6,N,21,2025-09-30 12:08,
1245,pressure-pipe,압력배관,압력배관 80A,,,/uploads/products/desc_1760335972_68ec9864c0cc3.gif,1000,piece,,1,in_stock,,,,,,13.98,linear,Y,"흑관,SS400,SS400/A36,SHN400,SS490,SS540,SM400A,SM400B,SHN490,SM490A,SM490B,SM490YA,SM490YB","국산,장기재고",,,,,N,Y,6,5,12,6,N,15,2025-09-30 12:08,
1246,pressure-pipe,압력배관,압력배관 90A,,,/uploads/products/desc_1760335972_68ec9864c0cc3.gif,1000,piece,,1,in_stock,,,,,,16.98,linear,Y,"흑관,SS400,SS400/A36,SHN400,SS490,SS540,SM400A,SM400B,SHN490,SM490A,SM490B,SM490YA,SM490YB","국산,장기재고",,,,,N,Y,6,5,12,6,N,18,2025-09-30 12:08,
1247,pressure-pipe,압력배관,압력배관 100A,,,/uploads/products/desc_1760335972_68ec9864c0cc3.gif,1000,piece,,1,in_stock,,,,,,20.48,linear,Y,"흑관,SS400,SS400/A36,SHN400,SS490,SS540,SM400A,SM400B,SHN490,SM490A,SM490B,SM490YA,SM490YB","국산,장기재고",,,,,N,Y,6,5,12,6,N,20,2025-09-30 12:08,
1248,pressure-pipe,압력배관,압력배관 125A,,,/uploads/products/desc_1760335972_68ec9864c0cc3.gif,1000,piece,,1,in_stock,,,,,,27.82,linear,Y,"흑관,SS400,SS400/A36,SHN400,SS490,SS540,SM400A,SM400B,SHN490,SM490A,SM490B,SM490YA,SM490YB","국산,장기재고",,,,,N,Y,6,5,12,6,N,24,2025-09-30 12:08,
1249,pressure-pipe,압력배관,압력배관 150A,,,/uploads/products/desc_1760335972_68ec9864c0cc3.gif,1000,piece,,1,in_stock,,,,,,37.92,linear,Y,"흑관,SS400,SS400/A36,SHN400,SS490,SS540,SM400A,SM400B,SHN490,SM490A,SM490B,SM490YA,SM490YB","국산,장기재고",,,,,N,Y,6,5,12,6,N,18,2025-09-30 12:08,
1250,pressure-pipe,압력배관,압력배관 200A,,,/uploads/products/desc_1760335972_68ec9864c0cc3.gif,1000,piece,,1,in_stock,,,,,,58.08,linear,Y,"흑관,SS400,SS400/A36,SHN400,SS490,SS540,SM400A,SM400B,SHN490,SM490A,SM490B,SM490YA,SM490YB","국산,장기재고",,,,,N,Y,6,5,12,6,N,16,2025-09-30 12:08,
1357,steel-plate-hr,HR철판,HR철판 1.6T×3'×6',,,/uploads/products/desc_1760335972_68ec9864c0cc3.gif,1000,kg,,1,in_stock,,,,,,21,sheet,Y,"SS400,SS400/A36,SHN400,SS490,SS540,SM400A,SM400B,SHN490,SM490A,SM490B,SM490YA,SM490YB",,,,,,N,Y,6,,,,N,30,2025-09-30 14:35,
1358,steel-plate-hr,HR철판,HR철판 2.0T×3'×6',,,/uploads/products/desc_1760335972_68ec9864c0cc3.gif,500,kg,,1,in_stock,바레인산,,,,SS400,26.3,sheet,Y,"SS400,SS400/A36,SHN400,SS490,SS540,SM400A,SM400B,SHN490,SM490A,SM490B,SM490YA,SM490YB","바레인산,장기재고",SS400:0;SS400/A36:0;SHN400:0;SS490:0;SS540:0;SM400A:0;SM400B:0;SHN490:0;SM490A:0;SM490B:0;SM490YA:0;SM490YB:0,바레인산:0;장기재고:0,,,N,Y,6,,,,N,31,2025-09-30 14:35,
1359,steel-plate-hr,HR철판,HR철판 2.3T×3'×6',,,/uploads/products/desc_1760335972_68ec9864c0cc3.gif,1000,kg,,1,in_stock,수입산,,,,1111,30.2,sheet,Y,"1111,SS400,SM490YA,SM490YB","수입산,베트남산,장기재고,11111",SS400:0;SM490YA:0;SM490YB:0;1111:0,수입산:0;베트남산:0;장기재고:0;11111:0,,,N,Y,6,,,,N,36,2025-09-30 14:35,
1360,steel-plate-hr,HR철판,HR철판 2.5T×3'×6',,,/uploads/products/desc_1760335972_68ec9864c0cc3.gif,1000,kg,,1,in_stock,,,,,,32.8,sheet,Y,"SS400,SS400/A36,SHN400,SS490,SS540,SM400A,SM400B,SHN490,SM490A,SM490B,SM490YA,SM490YB",,,,,,N,Y,6,,,,N,28,2025-09-30 14:35,
1361,steel-plate-hr,HR철판,HR철판 2.6T×3'×6',,,/uploads/products/desc_1760335972_68ec9864c0cc3.gif,1000,kg,,1,in_stock,,,,,,34.1,sheet,Y,"SS400,SS400/A36,SHN400,SS490,SS540,SM400A,SM400B,SHN490,SM490A,SM490B,SM490YA,SM490YB",,,,,,N,Y,6,,,,N,32,2025-09-30 14:35,
1362,steel-plate-hr,HR철판,HR철판 2.7T×3'×6',,,/uploads/products/desc_1760335972_68ec9864c0cc3.gif,1000,kg,,1,in_stock,,,,,,35.4,sheet,Y,"SS400,SS400/A36,SHN400,SS490,SS540,SM400A,SM400B,SHN490,SM490A,SM490B,SM490YA,SM490YB",,,,,,N,Y,6,,,,N,24,2025-09-30 14:35,
1363,steel-plate-hr,HR철판,HR철판 3T×3'×6',,,/uploads/products/desc_1760335972_68ec9864c0cc3.gif,1000,kg,,1,in_stock,,,,,,39.4,sheet,Y,"SS400,SS400/A36,SHN400,SS490,SS540,SM400A,SM400B,SHN490,SM490A,SM490B,SM490YA,SM490YB",,,,,,N,Y,6,,,,N,30,2025-09-30 14:35,
1364,steel-plate-hr,HR철판,HR철판 3.2T×3'×6',,,/uploads/products/desc_1760335972_68ec9864c0cc3.gif,1000,kg,,1,in_stock,,,,,,42,sheet,Y,"SS400,SS400/A36,SHN400,SS490,SS540,SM400A,SM400B,SHN490,SM490A,SM490B,SM490YA,SM490YB",,,,,,N,Y,6,,,,N,24,2025-09-30 14:35,
1365,steel-plate-hr,HR철판,HR철판 3.5T×3'×6',,,/uploads/products/desc_1760335972_68ec9864c0cc3.gif,1000,kg,,1,in_stock,,,,,,45.9,sheet,Y,"SS400,SS400/A36,SHN400,SS490,SS540,SM400A,SM400B,SHN490,SM490A,SM490B,SM490YA,SM490YB",,,,,,N,Y,6,,,,N,26,2025-09-30 14:35,
1366,steel-plate-hr,HR철판,HR철판 4T×3'×6',,,/uploads/products/desc_1760335972_68ec9864c0cc3.gif,1000,kg,,1,in_stock,,,,,,52.5,sheet,Y,"SS400,SS400/A36,SHN400,SS490,SS540,SM400A,SM400B,SHN490,SM490A,SM490B,SM490YA,SM490YB",,,,,,N,Y,6,,,,N,42,2025-09-30 14:35,
1367,steel-plate-hr,HR철판,HR철판 4.5T×3'×6',,,/uploads/products/desc_1760335972_68ec9864c0cc3.gif,1000,kg,,1,in_stock,,,,,,59.1,sheet,Y,"SS400,SS400/A36,SHN400,SS490,SS540,SM400A,SM400B,SHN490,SM490A,SM490B,SM490YA,SM490YB",,,,,,N,Y,6,,,,N,22,2025-09-30 14:35,
1368,steel-plate-hr,HR철판,HR철판 5T×3'×6',,,/uploads/products/desc_1760335972_68ec9864c0cc3.gif,1000,kg,,1,in_stock,,,,,,65.6,sheet,Y,"SS400,SS400/A36,SHN400,SS490,SS540,SM400A,SM400B,SHN490,SM490A,SM490B,SM490YA,SM490YB",,,,,,N,Y,6,,,,N,33,2025-09-30 14:35,
1369,steel-plate-hr,HR철판,HR철판 6T×3'×6',,,/uploads/products/desc_1760335972_68ec9864c0cc3.gif,1000,kg,,1,in_stock,,,,,,78.8,sheet,Y,"SS400,SS400/A36,SHN400,SS490,SS540,SM400A,SM400B,SHN490,SM490A,SM490B,SM490YA,SM490YB",,,,,,N,Y,6,,,,N,29,2025-09-30 14:35,
1370,steel-plate-hr,HR철판,HR철판 7T×3'×6',,,/uploads/products/desc_1760335972_68ec9864c0cc3.gif,1000,kg,,1,in_stock,,,,,,91.9,sheet,Y,"SS400,SS400/A36,SHN400,SS490,SS540,SM400A,SM400B,SHN490,SM490A,SM490B,SM490YA,SM490YB",,,,,,N,Y,6,,,,N,29,2025-09-30 14:35,
1371,steel-plate-hr,HR철판,HR철판 8T×3'×6',,,/uploads/products/desc_1760335972_68ec9864c0cc3.gif,1000,kg,,1,in_stock,,,,,,105,sheet,Y,"SS400,SS400/A36,SHN400,SS490,SS540,SM400A,SM400B,SHN490,SM490A,SM490B,SM490YA,SM490YB",,,,,,N,Y,6,,,,N,23,2025-09-30 14:35,
1372,steel-plate-hr,HR철판,HR철판 9T×3'×6',,,/uploads/products/desc_1760335972_68ec9864c0cc3.gif,1000,kg,,1,in_stock,,,,,,118,sheet,Y,"SS400,SS400/A36,SHN400,SS490,SS540,SM400A,SM400B,SHN490,SM490A,SM490B,SM490YA,SM490YB",,,,,,N,Y,6,,,,N,23,2025-09-30 14:35,
1373,steel-plate-hr,HR철판,HR철판 10T×3'×6',,,/uploads/products/desc_1760335972_68ec9864c0cc3.gif,1000,kg,,1,in_stock,,,,,,131,sheet,Y,"SS400,SS400/A36,SHN400,SS490,SS540,SM400A,SM400B,SHN490,SM490A,SM490B,SM490YA,SM490YB",,,,,,N,Y,6,,,,N,46,2025-09-30 14:35,
1374,steel-plate-hr,HR철판,HR철판 11T×3'×6',,,/uploads/products/desc_1760335972_68ec9864c0cc3.gif,1000,kg,,1,in_stock,,,,,,144,sheet,Y,"SS400,SS400/A36,SHN400,SS490,SS540,SM400A,SM400B,SHN490,SM490A,SM490B,SM490YA,SM490YB",,,,,,N,Y,6,,,,N,29,2025-09-30 14:35,
1375,steel-plate-hr,HR철판,HR철판 12T×3'×6',,,/uploads/products/desc_1760335972_68ec9864c0cc3.gif,1000,kg,,1,in_stock,,,,,,158,sheet,Y,"SS400,SS400/A36,SHN400,SS490,SS540,SM400A,SM400B,SHN490,SM490A,SM490B,SM490YA,SM490YB",,,,,,N,Y,6,,,,N,35,2025-09-30 14:35,
1376,steel-plate-hr,HR철판,HR철판 13T×3'×6',,,/uploads/products/desc_1760335972_68ec9864c0cc3.gif,1000,kg,,1,in_stock,,,,,,171,sheet,Y,"SS400,SS400/A36,SHN400,SS490,SS540,SM400A,SM400B,SHN490,SM490A,SM490B,SM490YA,SM490YB",,,,,,N,Y,6,,,,N,19,2025-09-30 14:35,
1377,steel-plate-hr,HR철판,HR철판 14T×3'×6',,,/uploads/products/desc_1760335972_68ec9864c0cc3.gif,1000,kg,,1,in_stock,,,,,,184,sheet,Y,"SS400,SS400/A36,SHN400,SS490,SS540,SM400A,SM400B,SHN490,SM490A,SM490B,SM490YA,SM490YB",,,,,,N,Y,6,,,,N,22,2025-09-30 14:35,
1378,steel-plate-hr,HR철판,HR철판 15T×3'×6',,,/uploads/products/desc_1760335972_68ec9864c0cc3.gif,1000,kg,,1,in_stock,,,,,,197,sheet,Y,"SS400,SS400/A36,SHN400,SS490,SS540,SM400A,SM400B,SHN490,SM490A,SM490B,SM490YA,SM490YB",,,,,,N,Y,6,,,,N,29,2025-09-30 14:35,
1379,steel-plate-hr,HR철판,HR철판 16T×3'×6',,,/uploads/products/desc_1760335972_68ec9864c0cc3.gif,1000,kg,,1,in_stock,,,,,,210,sheet,Y,"SS400,SS400/A36,SHN400,SS490,SS540,SM400A,SM400B,SHN490,SM490A,SM490B,SM490YA,SM490YB",,,,,,N,Y,6,,,,N,26,2025-09-30 14:35,
1380,steel-plate-hr,HR철판,HR철판 17T×3'×6',,,/uploads/products/desc_1760335972_68ec9864c0cc3.gif,1000,kg,,1,in_stock,,,,,,223,sheet,Y,"SS400,SS400/A36,SHN400,SS490,SS540,SM400A,SM400B,SHN490,SM490A,SM490B,SM490YA,SM490YB",,,,,,N,Y,6,,,,N,20,2025-09-30 14:35,
1381,steel-plate-hr,HR철판,HR철판 18T×3'×6',,,/uploads/products/desc_1760335972_68ec9864c0cc3.gif,1000,kg,,1,in_stock,,,,,,236,sheet,Y,"SS400,SS400/A36,SHN400,SS490,SS540,SM400A,SM400B,SHN490,SM490A,SM490B,SM490YA,SM490YB",,,,,,N,Y,6,,,,N,19,2025-09-30 14:35,
1382,steel-plate-hr,HR철판,HR철판 19T×3'×6',,,/uploads/products/desc_1760335972_68ec9864c0cc3.gif,1000,kg,,1,in_stock,,,,,,249,sheet,Y,"SS400,SS400/A36,SHN400,SS490,SS540,SM400A,SM400B,SHN490,SM490A,SM490B,SM490YA,SM490YB",,,,,,N,Y,6,,,,N,19,2025-09-30 14:35,
1383,steel-plate-hr,HR철판,HR철판 20T×3'×6',,,/uploads/products/desc_1760335972_68ec9864c0cc3.gif,1000,kg,,1,in_stock,,,,,,263,sheet,Y,"SS400,SS400/A36,SHN400,SS490,SS540,SM400A,SM400B,SHN490,SM490A,SM490B,SM490YA,SM490YB",,,,,,N,Y,6,,,,N,23,2025-09-30 14:35,
1384,steel-plate-hr,HR철판,HR철판 21T×3'×6',,,/uploads/products/desc_1760335972_68ec9864c0cc3.gif,1000,kg,,1,in_stock,,,,,,276,sheet,Y,"SS400,SS400/A36,SHN400,SS490,SS540,SM400A,SM400B,SHN490,SM490A,SM490B,SM490YA,SM490YB",,,,,,N,Y,6,,,,N,25,2025-09-30 14:35,
1385,steel-plate-hr,HR철판,HR철판 22T×3'×6',,,/uploads/products/desc_1760335972_68ec9864c0cc3.gif,1000,kg,,1,in_stock,,,,,,289,sheet,Y,"SS400,SS400/A36,SHN400,SS490,SS540,SM400A,SM400B,SHN490,SM490A,SM490B,SM490YA,SM490YB",,,,,,N,Y,6,,,,N,22,2025-09-30 14:35,
1386,steel-plate-hr,HR철판,HR철판 23T×3'×6',,,/uploads/products/desc_1760335972_68ec9864c0cc3.gif,1000,kg,,1,in_stock,,,,,,302,sheet,Y,"SS400,SS400/A36,SHN400,SS490,SS540,SM400A,SM400B,SHN490,SM490A,SM490B,SM490YA,SM490YB",,,,,,N,Y,6,,,,N,18,2025-09-30 14:35,
1387,steel-plate-hr,HR철판,HR철판 24T×3'×6',,,/uploads/products/desc_1760335972_68ec9864c0cc3.gif,1000,kg,,1,in_stock,,,,,,315,sheet,Y,"SS400,SS400/A36,SHN400,SS490,SS540,SM400A,SM400B,SHN490,SM490A,SM490B,SM490YA,SM490YB",,,,,,N,Y,6,,,,N,18,2025-09-30 14:35,
1388,steel-plate-hr,HR철판,HR철판 25T×3'×6',,,/uploads/products/desc_1760335972_68ec9864c0cc3.gif,1000,kg,,1,in_stock,,,,,,328,sheet,Y,"SS400,SS400/A36,SHN400,SS490,SS540,SM400A,SM400B,SHN490,SM490A,SM490B,SM490YA,SM490YB",,,,,,N,Y,6,,,,N,21,2025-09-30 14:35,
1389,steel-plate-hr,HR철판,HR철판 26T×3'×6',,,/uploads/products/desc_1760335972_68ec9864c0cc3.gif,1000,kg,,1,in_stock,,,,,,341,sheet,Y,"SS400,SS400/A36,SHN400,SS490,SS540,SM400A,SM400B,SHN490,SM490A,SM490B,SM490YA,SM490YB",,,,,,N,Y,6,,,,N,22,2025-09-30 14:35,
1390,steel-plate-hr,HR철판,HR철판 27T×3'×6',,,/uploads/products/desc_1760335972_68ec9864c0cc3.gif,1000,kg,,1,in_stock,,,,,,354,sheet,Y,"SS400,SS400/A36,SHN400,SS490,SS540,SM400A,SM400B,SHN490,SM490A,SM490B,SM490YA,SM490YB",,,,,,N,Y,6,,,,N,18,2025-09-30 14:35,
1391,steel-plate-hr,HR철판,HR철판 28T×3'×6',,,/uploads/products/desc_1760335972_68ec9864c0cc3.gif,1000,kg,,1,in_stock,,,,,,368,sheet,Y,"SS400,SS400/A36,SHN400,SS490,SS540,SM400A,SM400B,SHN490,SM490A,SM490B,SM490YA,SM490YB",,,,,,N,Y,6,,,,N,18,2025-09-30 14:35,
1392,steel-plate-hr,HR철판,HR철판 29T×3'×6',,,/uploads/products/desc_1760335972_68ec9864c0cc3.gif,1000,kg,,1,in_stock,,,,,,381,sheet,Y,"SS400,SS400/A36,SHN400,SS490,SS540,SM400A,SM400B,SHN490,SM490A,SM490B,SM490YA,SM490YB",,,,,,N,Y,6,,,,N,17,2025-09-30 14:35,
1393,steel-plate-hr,HR철판,HR철판 30T×3'×6',,,/uploads/products/desc_1760335972_68ec9864c0cc3.gif,1000,kg,,1,in_stock,,,,,,394,sheet,Y,"SS400,SS400/A36,SHN400,SS490,SS540,SM400A,SM400B,SHN490,SM490A,SM490B,SM490YA,SM490YB",,,,,,N,Y,6,,,,N,28,2025-09-30 14:35,
1394,steel-plate-hr,HR철판,HR철판 31T×3'×6',,,/uploads/products/desc_1760335972_68ec9864c0cc3.gif,1000,kg,,1,in_stock,,,,,,407,sheet,Y,"SS400,SS400/A36,SHN400,SS490,SS540,SM400A,SM400B,SHN490,SM490A,SM490B,SM490YA,SM490YB",,,,,,N,Y,6,,,,N,27,2025-09-30 14:35,
1395,steel-plate-hr,HR철판,HR철판 32T×3'×6',,,/uploads/products/desc_1760335972_68ec9864c0cc3.gif,1000,kg,,1,in_stock,,,,,,420,sheet,Y,"SS400,SS400/A36,SHN400,SS490,SS540,SM400A,SM400B,SHN490,SM490A,SM490B,SM490YA,SM490YB",,,,,,N,Y,6,,,,N,18,2025-09-30 14:35,
1396,steel-plate-hr,HR철판,HR철판 33T×3'×6',,,/uploads/products/desc_1760335972_68ec9864c0cc3.gif,1000,kg,,1,in_stock,,,,,,433,sheet,Y,"SS400,SS400/A36,SHN400,SS490,SS540,SM400A,SM400B,SHN490,SM490A,SM490B,SM490YA,SM490YB",,,,,,N,Y,6,,,,N,19,2025-09-30 14:35,
1397,steel-plate-hr,HR철판,HR철판 35T×3'×6',,,/uploads/products/desc_1760335972_68ec9864c0cc3.gif,1000,kg,,1,in_stock,,,,,,459,sheet,Y,"SS400,SS400/A36,SHN400,SS490,SS540,SM400A,SM400B,SHN490,SM490A,SM490B,SM490YA,SM490YB",,,,,,N,Y,6,,,,N,18,2025-09-30 14:35,
1398,steel-plate-hr,HR철판,HR철판 36T×3'×6',,,/uploads/products/desc_1760335972_68ec9864c0cc3.gif,1000,kg,,1,in_stock,,,,,,473,sheet,Y,"SS400,SS400/A36,SHN400,SS490,SS540,SM400A,SM400B,SHN490,SM490A,SM490B,SM490YA,SM490YB",,,,,,N,Y,6,,,,N,21,2025-09-30 14:35,
1399,steel-plate-hr,HR철판,HR철판 37T×3'×6',,,/uploads/products/desc_1760335972_68ec9864c0cc3.gif,1000,kg,,1,in_stock,,,,,,486,sheet,Y,"SS400,SS400/A36,SHN400,SS490,SS540,SM400A,SM400B,SHN490,SM490A,SM490B,SM490YA,SM490YB",,,,,,N,Y,6,,,,N,18,2025-09-30 14:35,
1400,steel-plate-hr,HR철판,HR철판 38T×3'×6',,,/uploads/products/desc_1760335972_68ec9864c0cc3.gif,1000,kg,,1,in_stock,,,,,,499,sheet,Y,"SS400,SS400/A36,SHN400,SS490,SS540,SM400A,SM400B,SHN490,SM490A,SM490B,SM490YA,SM490YB",,,,,,N,Y,6,,,,N,21,2025-09-30 14:35,
1401,steel-plate-hr,HR철판,HR철판 39T×3'×6',,,/uploads/products/desc_1760335972_68ec9864c0cc3.gif,1000,kg,,1,in_stock,,,,,,512,sheet,Y,"SS400,SS400/A36,SHN400,SS490,SS540,SM400A,SM400B,SHN490,SM490A,SM490B,SM490YA,SM490YB",,,,,,N,Y,6,,,,N,21,2025-09-30 14:35,
1402,steel-plate-hr,HR철판,HR철판 40T×3'×6',,,/uploads/products/desc_1760335972_68ec9864c0cc3.gif,1000,kg,,1,in_stock,,,,,,525,sheet,Y,"SS400,SS400/A36,SHN400,SS490,SS540,SM400A,SM400B,SHN490,SM490A,SM490B,SM490YA,SM490YB",,,,,,N,Y,6,,,,N,18,2025-09-30 14:35,
1403,steel-plate-hr,HR철판,HR철판 41T×3'×6',,,/uploads/products/desc_1760335972_68ec9864c0cc3.gif,1000,kg,,1,in_stock,,,,,,538,sheet,Y,"SS400,SS400/A36,SHN400,SS490,SS540,SM400A,SM400B,SHN490,SM490A,SM490B,SM490YA,SM490YB",,,,,,N,Y,6,,,,N,18,2025-09-30 14:35,
1404,steel-plate-hr,HR철판,HR철판 42T×3'×6',,,/uploads/products/desc_1760335972_68ec9864c0cc3.gif,1000,kg,,1,in_stock,,,,,,551,sheet,Y,"SS400,SS400/A36,SHN400,SS490,SS540,SM400A,SM400B,SHN490,SM490A,SM490B,SM490YA,SM490YB",,,,,,N,Y,6,,,,N,25,2025-09-30 14:35,
1405,steel-plate-hr,HR철판,HR철판 43T×3'×6',,,/uploads/products/desc_1760335972_68ec9864c0cc3.gif,1000,kg,,1,in_stock,,,,,,564,sheet,Y,"SS400,SS400/A36,SHN400,SS490,SS540,SM400A,SM400B,SHN490,SM490A,SM490B,SM490YA,SM490YB",,,,,,N,Y,6,,,,N,20,2025-09-30 14:35,
1406,steel-plate-hr,HR철판,HR철판 44T×3'×6',,,/uploads/products/desc_1760335972_68ec9864c0cc3.gif,1000,kg,,1,in_stock,,,,,,578,sheet,Y,"SS400,SS400/A36,SHN400,SS490,SS540,SM400A,SM400B,SHN490,SM490A,SM490B,SM490YA,SM490YB",,,,,,N,Y,6,,,,N,18,2025-09-30 14:35,
1407,steel-plate-hr,HR철판,HR철판 45T×3'×6',,,/uploads/products/desc_1760335972_68ec9864c0cc3.gif,1000,kg,,1,in_stock,,,,,,591,sheet,Y,"SS400,SS400/A36,SHN400,SS490,SS540,SM400A,SM400B,SHN490,SM490A,SM490B,SM490YA,SM490YB",,,,,,N,Y,6,,,,N,25,2025-09-30 14:35,
1408,steel-plate-hr,HR철판,HR철판 46T×3'×6',,,/uploads/products/desc_1760335972_68ec9864c0cc3.gif,1000,kg,,1,in_stock,,,,,,604,sheet,Y,"SS400,SS400/A36,SHN400,SS490,SS540,SM400A,SM400B,SHN490,SM490A,SM490B,SM490YA,SM490YB",,,,,,N,Y,6,,,,N,18,2025-09-30 14:35,
1409,steel-plate-hr,HR철판,HR철판 47T×3'×6',,,/uploads/products/desc_1760335972_68ec9864c0cc3.gif,1000,kg,,1,in_stock,,,,,,617,sheet,Y,"SS400,SS400/A36,SHN400,SS490,SS540,SM400A,SM400B,SHN490,SM490A,SM490B,SM490YA,SM490YB",,,,,,N,Y,6,,,,N,17,2025-09-30 14:35,
1410,steel-plate-hr,HR철판,HR철판 48T×3'×6',,,/uploads/products/desc_1760335972_68ec9864c0cc3.gif,1000,kg,,1,in_stock,,,,,,630,sheet,Y,"SS400,SS400/A36,SHN400,SS490,SS540,SM400A,SM400B,SHN490,SM490A,SM490B,SM490YA,SM490YB",,,,,,N,Y,6,,,,N,16,2025-09-30 14:35,
1411,steel-plate-hr,HR철판,HR철판 49T×3'×6',,,/uploads/products/desc_1760335972_68ec9864c0cc3.gif,1000,kg,,1,in_stock,,,,,,643,sheet,Y,"SS400,SS400/A36,SHN400,SS490,SS540,SM400A,SM400B,SHN490,SM490A,SM490B,SM490YA,SM490YB",,,,,,N,Y,6,,,,N,17,2025-09-30 14:35,
1412,steel-plate-hr,HR철판,HR철판 50T×3'×6',,,/uploads/products/desc_1760335972_68ec9864c0cc3.gif,1000,kg,,1,in_stock,,,,,,656,sheet,Y,"SS400,SS400/A36,SHN400,SS490,SS540,SM400A,SM400B,SHN490,SM490A,SM490B,SM490YA,SM490YB",,,,,,N,Y,6,,,,N,20,2025-09-30 14:35,
1413,steel-plate-hr,HR철판,HR철판 51T×3'×6',,,/uploads/products/desc_1760335972_68ec9864c0cc3.gif,1000,kg,,1,in_stock,,,,,,669,sheet,Y,"SS400,SS400/A36,SHN400,SS490,SS540,SM400A,SM400B,SHN490,SM490A,SM490B,SM490YA,SM490YB",,,,,,N,Y,6,,,,N,23,2025-09-30 14:35,
1414,steel-plate-hr,HR철판,HR철판 52T×3'×6',,,/uploads/products/desc_1760335972_68ec9864c0cc3.gif,1000,kg,,1,in_stock,,,,,,683,sheet,Y,"SS400,SS400/A36,SHN400,SS490,SS540,SM400A,SM400B,SHN490,SM490A,SM490B,SM490YA,SM490YB",,,,,,N,Y,6,,,,N,19,2025-09-30 14:35,
1415,steel-plate-hr,HR철판,HR철판 53T×3'×6',,,/uploads/products/desc_1760335972_68ec9864c0cc3.gif,1000,kg,,1,in_stock,,,,,,696,sheet,Y,"SS400,SS400/A36,SHN400,SS490,SS540,SM400A,SM400B,SHN490,SM490A,SM490B,SM490YA,SM490YB",,,,,,N,Y,6,,,,N,19,2025-09-30 14:35,
1416,steel-plate-hr,HR철판,HR철판 54T×3'×6',,,/uploads/products/desc_1760335972_68ec9864c0cc3.gif,1000,kg,,1,in_stock,,,,,,709,sheet,Y,"SS400,SS400/A36,SHN400,SS490,SS540,SM400A,SM400B,SHN490,SM490A,SM490B,SM490YA,SM490YB",,,,,,N,Y,6,,,,N,24,2025-09-30 14:35,
1417,steel-plate-hr,HR철판,HR철판 55T×3'×6',,,/uploads/products/desc_1760335972_68ec9864c0cc3.gif,1000,kg,,1,in_stock,,,,,,722,sheet,Y,"SS400,SS400/A36,SHN400,SS490,SS540,SM400A,SM400B,SHN490,SM490A,SM490B,SM490YA,SM490YB",,,,,,N,Y,6,,,,N,19,2025-09-30 14:35,
1418,steel-plate-hr,HR철판,HR철판 56T×3'×6',,,/uploads/products/desc_1760335972_68ec9864c0cc3.gif,1000,kg,,1,in_stock,,,,,,735,sheet,Y,"SS400,SS400/A36,SHN400,SS490,SS540,SM400A,SM400B,SHN490,SM490A,SM490B,SM490YA,SM490YB",,,,,,N,Y,6,,,,N,21,2025-09-30 14:35,
1419,steel-plate-hr,HR철판,HR철판 57T×3'×6',,,/uploads/products/desc_1760335972_68ec9864c0cc3.gif,1000,kg,,1,in_stock,,,,,,748,sheet,Y,"SS400,SS400/A36,SHN400,SS490,SS540,SM400A,SM400B,SHN490,SM490A,SM490B,SM490YA,SM490YB",,,,,,N,Y,6,,,,N,17,2025-09-30 14:35,
1420,steel-plate-hr,HR철판,HR철판 58T×3'×6',,,/uploads/products/desc_1760335972_68ec9864c0cc3.gif,1000,kg,,1,in_stock,,,,,,761,sheet,Y,"SS400,SS400/A36,SHN400,SS490,SS540,SM400A,SM400B,SHN490,SM490A,SM490B,SM490YA,SM490YB",,,,,,N,Y,6,,,,N,21,2025-09-30 14:35,
1421,steel-plate-hr,HR철판,HR철판 59T×3'×6',,,/uploads/products/desc_1760335972_68ec9864c0cc3.gif,1000,kg,,1,in_stock,,,,,,774,sheet,Y,"SS400,SS400/A36,SHN400,SS490,SS540,SM400A,SM400B,SHN490,SM490A,SM490B,SM490YA,SM490YB",,,,,,N,Y,6,,,,N,19,2025-09-30 14:35,
1422,steel-plate-hr,HR철판,HR철판 60T×3'×6',,,/uploads/products/desc_1760335972_68ec9864c0cc3.gif,1000,kg,,1,in_stock,,,,,,788,sheet,Y,"SS400,SS400/A36,SHN400,SS490,SS540,SM400A,SM400B,SHN490,SM490A,SM490B,SM490YA,SM490YB",,,,,,N,Y,6,,,,N,19,2025-09-30 14:35,
1423,steel-plate-hr,HR철판,HR철판 61T×3'×6',,,/uploads/products/desc_1760335972_68ec9864c0cc3.gif,1000,kg,,1,in_stock,,,,,,801,sheet,Y,"SS400,SS400/A36,SHN400,SS490,SS540,SM400A,SM400B,SHN490,SM490A,SM490B,SM490YA,SM490YB",,,,,,N,Y,6,,,,N,18,2025-09-30 14:35,
1424,steel-plate-hr,HR철판,HR철판 62T×3'×6',,,/uploads/products/desc_1760335972_68ec9864c0cc3.gif,1000,kg,,1,in_stock,,,,,,814,sheet,Y,"SS400,SS400/A36,SHN400,SS490,SS540,SM400A,SM400B,SHN490,SM490A,SM490B,SM490YA,SM490YB",,,,,,N,Y,6,,,,N,16,2025-09-30 14:35,
1425,steel-plate-hr,HR철판,HR철판 63T×3'×6',,,/uploads/products/desc_1760335972_68ec9864c0cc3.gif,1000,kg,,1,in_stock,,,,,,827,sheet,Y,"SS400,SS400/A36,SHN400,SS490,SS540,SM400A,SM400B,SHN490,SM490A,SM490B,SM490YA,SM490YB",,,,,,N,Y,6,,,,N,17,2025-09-30 14:35,
1426,steel-plate-hr,HR철판,HR철판 64T×3'×6',,,/uploads/products/desc_1760335972_68ec9864c0cc3.gif,1000,kg,,1,in_stock,,,,,,840,sheet,Y,"SS400,SS400/A36,SHN400,SS490,SS540,SM400A,SM400B,SHN490,SM490A,SM490B,SM490YA,SM490YB",,,,,,N,Y,6,,,,N,17,2025-09-30 14:35,
1427,steel-plate-hr,HR철판,HR철판 65T×3'×6',,,/uploads/products/desc_1760335972_68ec9864c0cc3.gif,1000,kg,,1,in_stock,,,,,,853,sheet,Y,"SS400,SS400/A36,SHN400,SS490,SS540,SM400A,SM400B,SHN490,SM490A,SM490B,SM490YA,SM490YB",,,,,,N,Y,6,,,,N,20,2025-09-30 14:35,
1428,steel-plate-hr,HR철판,HR철판 66T×3'×6',,,/uploads/products/desc_1760335972_68ec9864c0cc3.gif,1000,kg,,1,in_stock,,,,,,866,sheet,Y,"SS400,SS400/A36,SHN400,SS490,SS540,SM400A,SM400B,SHN490,SM490A,SM490B,SM490YA,SM490YB",,,,,,N,Y,6,,,,N,18,2025-09-30 14:35,
1429,steel-plate-hr,HR철판,HR철판 67T×3'×6',,,/uploads/products/desc_1760335972_68ec9864c0cc3.gif,1000,kg,,1,in_stock,,,,,,879,sheet,Y,"SS400,SS400/A36,SHN400,SS490,SS540,SM400A,SM400B,SHN490,SM490A,SM490B,SM490YA,SM490YB",,,,,,N,Y,6,,,,N,18,2025-09-30 14:35,
1430,steel-plate-hr,HR철판,HR철판 68T×3'×6',,,/uploads/products/desc_1760335972_68ec9864c0cc3.gif,1000,kg,,1,in_stock,,,,,,893,sheet,Y,"SS400,SS400/A36,SHN400,SS490,SS540,SM400A,SM400B,SHN490,SM490A,SM490B,SM490YA,SM490YB",,,,,,N,Y,6,,,,N,23,2025-09-30 14:35,
1431,steel-plate-hr,HR철판,HR철판 69T×3'×6',,,/uploads/products/desc_1760335972_68ec9864c0cc3.gif,1000,kg,,1,in_stock,,,,,,906,sheet,Y,"SS400,SS400/A36,SHN400,SS490,SS540,SM400A,SM400B,SHN490,SM490A,SM490B,SM490YA,SM490YB",,,,,,N,Y,6,,,,N,21,2025-09-30 14:35,
1432,steel-plate-hr,HR철판,HR철판 70T×3'×6',,,/uploads/products/desc_1760335972_68ec9864c0cc3.gif,1000,kg,,1,in_stock,,,,,,919,sheet,Y,"SS400,SS400/A36,SHN400,SS490,SS540,SM400A,SM400B,SHN490,SM490A,SM490B,SM490YA,SM490YB",,,,,,N,Y,6,,,,N,18,2025-09-30 14:35,
1433,steel-plate-hr,HR철판,HR철판 71T×3'×6',,,/uploads/products/desc_1760335972_68ec9864c0cc3.gif,1000,kg,,1,in_stock,,,,,,932,sheet,Y,"SS400,SS400/A36,SHN400,SS490,SS540,SM400A,SM400B,SHN490,SM490A,SM490B,SM490YA,SM490YB",,,,,,N,Y,6,,,,N,20,2025-09-30 14:35,
1434,steel-plate-hr,HR철판,HR철판 72T×3'×6',,,/uploads/products/desc_1760335972_68ec9864c0cc3.gif,1000,kg,,1,in_stock,,,,,,945,sheet,Y,"SS400,SS400/A36,SHN400,SS490,SS540,SM400A,SM400B,SHN490,SM490A,SM490B,SM490YA,SM490YB",,,,,,N,Y,6,,,,N,27,2025-09-30 14:35,
1435,steel-plate-hr,HR철판,HR철판 73T×3'×6',,,/uploads/products/desc_1760335972_68ec9864c0cc3.gif,1000,kg,,1,in_stock,,,,,,958,sheet,Y,"SS400,SS400/A36,SHN400,SS490,SS540,SM400A,SM400B,SHN490,SM490A,SM490B,SM490YA,SM490YB",,,,,,N,Y,6,,,,N,17,2025-09-30 14:35,
1436,steel-plate-hr,HR철판,HR철판 74T×3'×6',,,/uploads/products/desc_1760335972_68ec9864c0cc3.gif,1000,kg,,1,in_stock,,,,,,971,sheet,Y,"SS400,SS400/A36,SHN400,SS490,SS540,SM400A,SM400B,SHN490,SM490A,SM490B,SM490YA,SM490YB",,,,,,N,Y,6,,,,N,16,2025-09-30 14:35,
1437,steel-plate-hr,HR철판,HR철판 75T×3'×6',,,/uploads/products/desc_1760335972_68ec9864c0cc3.gif,1000,kg,,1,in_stock,,,,,,985,sheet,Y,"SS400,SS400/A36,SHN400,SS490,SS540,SM400A,SM400B,SHN490,SM490A,SM490B,SM490YA,SM490YB",,,,,,N,Y,6,,,,N,20,2025-09-30 14:35,
1438,steel-plate-hr,HR철판,HR철판 76T×3'×6',,,/uploads/products/desc_1760335972_68ec9864c0cc3.gif,1000,kg,,1,in_stock,,,,,,998,sheet,Y,"SS400,SS400/A36,SHN400,SS490,SS540,SM400A,SM400B,SHN490,SM490A,SM490B,SM490YA,SM490YB",,,,,,N,Y,6,,,,N,19,2025-09-30 14:35,
1439,steel-plate-hr,HR철판,HR철판 77T×3'×6',,,/uploads/products/desc_1760335972_68ec9864c0cc3.gif,1000,kg,,1,in_stock,,,,,,1011,sheet,Y,"SS400,SS400/A36,SHN400,SS490,SS540,SM400A,SM400B,SHN490,SM490A,SM490B,SM490YA,SM490YB",,,,,,N,Y,6,,,,N,17,2025-09-30 14:35,
1440,steel-plate-hr,HR철판,HR철판 78T×3'×6',,,/uploads/products/desc_1760335972_68ec9864c0cc3.gif,1000,kg,,1,in_stock,,,,,,1024,sheet,Y,"SS400,SS400/A36,SHN400,SS490,SS540,SM400A,SM400B,SHN490,SM490A,SM490B,SM490YA,SM490YB",,,,,,N,Y,6,,,,N,38,2025-09-30 14:35,
1441,steel-plate-hr,HR철판,HR철판 79T×3'×6',,,/uploads/products/desc_1760335972_68ec9864c0cc3.gif,1000,kg,,1,in_stock,,,,,,1037,sheet,Y,"SS400,SS400/A36,SHN400,SS490,SS540,SM400A,SM400B,SHN490,SM490A,SM490B,SM490YA,SM490YB",,,,,,N,Y,6,,,,N,16,2025-09-30 14:35,
1442,steel-plate-hr,HR철판,HR철판 80T×3'×6',,,/uploads/products/desc_1760335972_68ec9864c0cc3.gif,1000,kg,,1,in_stock,,,,,,1050,sheet,Y,"SS400,SS400/A36,SHN400,SS490,SS540,SM400A,SM400B,SHN490,SM490A,SM490B,SM490YA,SM490YB",,,,,,N,Y,6,,,,N,19,2025-09-30 14:35,
1443,steel-plate-hr,HR철판,HR철판 81T×3'×6',,,/uploads/products/desc_1760335972_68ec9864c0cc3.gif,1000,kg,,1,in_stock,,,,,,1063,sheet,Y,"SS400,SS400/A36,SHN400,SS490,SS540,SM400A,SM400B,SHN490,SM490A,SM490B,SM490YA,SM490YB",,,,,,N,Y,6,,,,N,18,2025-09-30 14:35,
1444,steel-plate-hr,HR철판,HR철판 82T×3'×6',,,/uploads/products/desc_1760335972_68ec9864c0cc3.gif,1000,kg,,1,in_stock,,,,,,1076,sheet,Y,"SS400,SS400/A36,SHN400,SS490,SS540,SM400A,SM400B,SHN490,SM490A,SM490B,SM490YA,SM490YB",,,,,,N,Y,6,,,,N,16,2025-09-30 14:35,
1445,steel-plate-hr,HR철판,HR철판 83T×3'×6',,,/uploads/products/desc_1760335972_68ec9864c0cc3.gif,1000,kg,,1,in_stock,,,,,,1089,sheet,Y,"SS400,SS400/A36,SHN400,SS490,SS540,SM400A,SM400B,SHN490,SM490A,SM490B,SM490YA,SM490YB",,,,,,N,Y,6,,,,N,20,2025-09-30 14:35,
1446,steel-plate-hr,HR철판,HR철판 84T×3'×6',,,/uploads/products/desc_1760335972_68ec9864c0cc3.gif,1000,kg,,1,in_stock,,,,,,1103,sheet,Y,"SS400,SS400/A36,SHN400,SS490,SS540,SM400A,SM400B,SHN490,SM490A,SM490B,SM490YA,SM490YB",,,,,,N,Y,6,,,,N,16,2025-09-30 14:35,
1447,steel-plate-hr,HR철판,HR철판 85T×3'×6',,,/uploads/products/desc_1760335972_68ec9864c0cc3.gif,1000,kg,,1,in_stock,,,,,,1116,sheet,Y,"SS400,SS400/A36,SHN400,SS490,SS540,SM400A,SM400B,SHN490,SM490A,SM490B,SM490YA,SM490YB",,,,,,N,Y,6,,,,N,16,2025-09-30 14:35,
1448,steel-plate-hr,HR철판,HR철판 86T×3'×6',,,/uploads/products/desc_1760335972_68ec9864c0cc3.gif,1000,kg,,1,in_stock,,,,,,1129,sheet,Y,"SS400,SS400/A36,SHN400,SS490,SS540,SM400A,SM400B,SHN490,SM490A,SM490B,SM490YA,SM490YB",,,,,,N,Y,6,,,,N,16,2025-09-30 14:35,
1449,steel-plate-hr,HR철판,HR철판 87T×3'×6',,,/uploads/products/desc_1760335972_68ec9864c0cc3.gif,1000,kg,,1,in_stock,,,,,,1142,sheet,Y,"SS400,SS400/A36,SHN400,SS490,SS540,SM400A,SM400B,SHN490,SM490A,SM490B,SM490YA,SM490YB",,,,,,N,Y,6,,,,N,17,2025-09-30 14:35,
1450,steel-plate-hr,HR철판,HR철판 88T×3'×6',,,/uploads/products/desc_1760335972_68ec9864c0cc3.gif,1000,kg,,1,in_stock,,,,,,1155,sheet,Y,"SS400,SS400/A36,SHN400,SS490,SS540,SM400A,SM400B,SHN490,SM490A,SM490B,SM490YA,SM490YB",,,,,,N,Y,6,,,,N,18,2025-09-30 14:35,
1451,steel-plate-hr,HR철판,HR철판 89T×3'×6',,,/uploads/products/desc_1760335972_68ec9864c0cc3.gif,1000,kg,,1,in_stock,,,,,,1168,sheet,Y,"SS400,SS400/A36,SHN400,SS490,SS540,SM400A,SM400B,SHN490,SM490A,SM490B,SM490YA,SM490YB",,,,,,N,Y,6,,,,N,19,2025-09-30 14:35,
1452,steel-plate-hr,HR철판,HR철판 90T×3'×6',,,/uploads/products/desc_1760335972_68ec9864c0cc3.gif,1000,kg,,1,in_stock,,,,,,1181,sheet,Y,"SS400,SS400/A36,SHN400,SS490,SS540,SM400A,SM400B,SHN490,SM490A,SM490B,SM490YA,SM490YB",,,,,,N,Y,6,,,,N,20,2025-09-30 14:35,
1453,steel-plate-hr,HR철판,HR철판 91T×3'×6',,,/uploads/products/desc_1760335972_68ec9864c0cc3.gif,1000,kg,,1,in_stock,,,,,,1194,sheet,Y,"SS400,SS400/A36,SHN400,SS490,SS540,SM400A,SM400B,SHN490,SM490A,SM490B,SM490YA,SM490YB",,,,,,N,Y,6,,,,N,18,2025-09-30 14:35,
1454,steel-plate-hr,HR철판,HR철판 92T×3'×6',,,/uploads/products/desc_1760335972_68ec9864c0cc3.gif,1000,kg,,1,in_stock,,,,,,1208,sheet,Y,"SS400,SS400/A36,SHN400,SS490,SS540,SM400A,SM400B,SHN490,SM490A,SM490B,SM490YA,SM490YB",,,,,,N,Y,6,,,,N,15,2025-09-30 14:35,
1455,steel-plate-hr,HR철판,HR철판 93T×3'×6',,,/uploads/products/desc_1760335972_68ec9864c0cc3.gif,1000,kg,,1,in_stock,,,,,,1221,sheet,Y,"SS400,SS400/A36,SHN400,SS490,SS540,SM400A,SM400B,SHN490,SM490A,SM490B,SM490YA,SM490YB",,,,,,N,Y,6,,,,N,15,2025-09-30 14:35,
1456,steel-plate-hr,HR철판,HR철판 94T×3'×6',,,/uploads/products/desc_1760335972_68ec9864c0cc3.gif,1000,kg,,1,in_stock,,,,,,1234,sheet,Y,"SS400,SS400/A36,SHN400,SS490,SS540,SM400A,SM400B,SHN490,SM490A,SM490B,SM490YA,SM490YB",,,,,,N,Y,6,,,,N,15,2025-09-30 14:35,
1457,steel-plate-hr,HR철판,HR철판 95T×3'×6',,,/uploads/products/desc_1760335972_68ec9864c0cc3.gif,1000,kg,,1,in_stock,,,,,,1247,sheet,Y,"SS400,SS400/A36,SHN400,SS490,SS540,SM400A,SM400B,SHN490,SM490A,SM490B,SM490YA,SM490YB",,,,,,N,Y,6,,,,N,18,2025-09-30 14:35,
1458,steel-plate-hr,HR철판,HR철판 96T×3'×6',,,/uploads/products/desc_1760335972_68ec9864c0cc3.gif,1000,kg,,1,in_stock,,,,,,1260,sheet,Y,"SS400,SS400/A36,SHN400,SS490,SS540,SM400A,SM400B,SHN490,SM490A,SM490B,SM490YA,SM490YB",,,,,,N,Y,6,,,,N,20,2025-09-30 14:35,
1459,steel-plate-hr,HR철판,HR철판 97T×3'×6',,,/uploads/products/desc_1760335972_68ec9864c0cc3.gif,1000,kg,,1,in_stock,,,,,,1273,sheet,Y,"SS400,SS400/A36,SHN400,SS490,SS540,SM400A,SM400B,SHN490,SM490A,SM490B,SM490YA,SM490YB",,,,,,N,Y,6,,,,N,17,2025-09-30 14:35,
1460,steel-plate-hr,HR철판,HR철판 98T×3'×6',,,/uploads/products/desc_1760335972_68ec9864c0cc3.gif,1000,kg,,1,in_stock,,,,,,1286,sheet,Y,"SS400,SS400/A36,SHN400,SS490,SS540,SM400A,SM400B,SHN490,SM490A,SM490B,SM490YA,SM490YB",,,,,,N,Y,6,,,,N,27,2025-09-30 14:35,
1461,steel-plate-hr,HR철판,HR철판 99T×3'×6',,,/uploads/products/desc_1760335972_68ec9864c0cc3.gif,1000,kg,,1,in_stock,,,,,,1299,sheet,Y,"SS400,SS400/A36,SHN400,SS490,SS540,SM400A,SM400B,SHN490,SM490A,SM490B,SM490YA,SM490YB",,,,,,N,Y,6,,,,N,19,2025-09-30 14:35,
1462,steel-plate-hr,HR철판,HR철판 100T×3'×6',,,/uploads/products/desc_1760335972_68ec9864c0cc3.gif,1000,kg,,1,in_stock,,,,,,1313,sheet,Y,"SS400,SS400/A36,SHN400,SS490,SS540,SM400A,SM400B,SHN490,SM490A,SM490B,SM490YA,SM490YB",,,,,,N,Y,6,,,,N,2,2025-09-30 14:35,
