MB_ID,MB_LOGNUM,MB_LOGDATE
lovearum,7,20150911151943
xton11,15,20120418112053
a7846289,1,20070811105041
japan7096,1,20070811234228
skyhyun747,2,20100514140246
kimjaeno,1,20070821114008
eoungkoo,5,20151204180032
kmjhikgh,1,20070902224343
suncorea7,1,20070904102800
ssug57,96,20130322093257
hsoo1515,7,20100414121802
yookeye,1,20070923102451
2jyc,2,20140415222538
kbh2188,1,20071017103217
ulbea83,1,20071017160229
kyu8799,2,20151215113934
winsyong,3,20111208094717
jooho7178,170,20210523065726
gjclghd,1,20071103220221
renger21kr,1,20071107174143
park5499,53,20211207142942
mun7777,1,20071113015124
kmjk,1,20071117233755
kjg1895,3,20071129215208
kch3909,4,20120112104505
dhstarys,1,20071124105546
ufhgd,1,20071125000034
choonpd,3,20071130114346
ggubungiy,1,20071201110335
plum65573,2,20071202142137
kfgyrws,1,20071204152716
maroo,1,20071205234658
aazencute,1,20071207175152
id2397,1,20071207190002
ujkhg,1,20071216232451
banhs79,2,20080103124413
kuihk,1,20071222234625
truek3,116,20250722062858
fe2020,5,20090319005118
wjwjchul,17,20150513081730
wjdtjdckd12,1,20071231222855
tjdnf0000,3,20080103231353
oneori,1,20080103130851
ssw0822,27,20090711135409
jsc56,6,20120208100021
altecs,1,20080110185520
bk1469,3,20080114181950
my7590,2,20080112204040
kmj0900,3,20090214172350
ijhgf,1,20080113233549
qp07,2,20110304144728
aldyd0319,1,20080118090249
mabaim,1,20080122133215
cd0223,1,20080123122241
clee09,5,20090620004233
shg1952,1,20080124172235
ez60,1,20080125112535
gna4333,1,20080125185912
psk441,4,20080213212643
hun1554,3,20150102113329
cnsteel,274,20201103160838
gurm25,9,20131223211736
ggairo,1,20080129145606
hkugjhdthc,1,20080129153504
zxcv3236,5,20100506111528
ask999,23,20110731141849
dskwood,1,20080203163350
twshs777,2,20080205103102
yahooba,1,20080204122609
jbk7471,1,20080205095227
j10582003,2,20080211084217
diflgidrl,1,20080210161433
yoojoy,1,20080211143036
phpj1004,33,20180308180657
idaxh,2,20080219093623
skcons,24,20181017175231
wanggun,1,20080219221414
skykeep,1,20080221152538
gilhoyu,107,20151201163523
dkfkgksrla,9,20111224110531
daegi4579,7,20100316102227
shop2580,2,20080228115233
scud2001,3,20090611015707
rkddnjs,1,20080305092012
rldyd1023,2,20080306092319
sos9114,1,20080306221728
kntom,1,20080307092507
murakill,1,20080310162726
pdh5114,1,20080310194252
sky2220,11,20130206145720
kuba9980,33,20130219100729
june0128,2,20080319094154
gjg000,17,20250103124947
jmh1129,1,20080319092829
hc7014,1,20080321081219
ctscom,15,20121126124629
joyhole9,1,20080324113603
mete8063,1,20080329085109
rohsy0597,1,20080401111012
eum630,1,20080401194711
2way,1,20101204151622
comddakko,3,20080407124751
UGSOONI,1,20080405102650
wjdeotjr,1,20080407183654
bonok3,1,20080408113224
chochun,1,20080410162617
cji1122,1,20080411134709
jchlee,1,20080412223343
shbchobo,3,20130507082929
david525us,1,20080415101303
0116783708,20,20170205064120
cam1472,1,20080421184807
hkmusic,91,20150215211851
jungair,1,20080426192111
redji51,1,20080427174925
kmoalee,5,20110318100853
solger,2,20080503003650
leemirda,2,20090227160556
hjleeg,2,20090320084706
ipoori,11,20100524172946
keuknam,11,20121123130752
sindock,1,20080515130124
jum68ok,1,20140124114543
olo5olo,1,20080521094032
kej7832,1,20080529175611
projokr,2,20080612223642
salt828,1,20080605183813
byung5969,8,20140519160121
pigmir,1,20080611142732
jcy6325,1,20080617102346
sae7333,5,20100224150838
ZXTYPHOON,2,20080625154646
mjbai,3,20101117180036
jcaotoz,8,20200129141110
euisungl,65,20180224123928
sunny1732,1,20080630122618
lcklck9642,10,20080712201954
denebelee,24,20130322110730
dorookko,2,20080704130637
cky4118,12,20250110115515
hanunim,6,20090526154118
asdf58,2,20080712110052
rhan000,1,20080712102958
lhscks1,1,20080717131926
jechounho,1,20080718233558
eqpower,5,20100513184917
akura04,16,20180104115938
tmc7811,2,20110901095756
nahoii,1,20080808141835
qkrtjddo,1,20080826154523
sjg7640,2,20161121065655
csc6801,1,20080827085908
boxyclee21,1,20080828220504
dol2529,6,20130722160059
003a,1,20080905103838
a12196128,5,20091111122142
lhc224,1,20080909185534
park18720,2,20080911105241
acm1615,2,20080918114318
jba21c,2,20080922155348
paulluap,2,20100325160818
yang1205,1,20080925174600
seoseoll,17,20180212104748
yusamsuon,3,20090306101929
gud0558,1,20081001185400
simjaeog49,1,20081014002613
chicky94,38,20130625161249
park196105,1,20081026212500
monom,91,20120109132554
HWA5461,1,20081028184509
kang5400,1,20081029220036
chkoko,1,20081103101123
chaeis,2,20081105121826
kih2524,90,20130306090915
parksuck,3,20090410133933
ggsteel21,7,20090803145833
jang1751,9,20090820174333
jphong11,1,20081112102709
inseol3333,3,20141029091235
jongkosan,2,20100225131052
eeer136,1,20081115224055
auser73,1,20081118101149
donki3176,1,20081119223449
pmj0070,1,20081125125348
leewoosik5,292,20200404035506
joks1213,1,20081127164411
tjdwp3223,1,20081128073011
jellfi,2,20081204160611
k06429,56,20220302185323
jgs120,1,20081205161624
tndus9219,479,20210506134032
lwo2100,4,20081229134714
gerizim7,48,20210610154524
phs6110837,2,20110421075725
fastel01,7,20170710151525
winnikbike,2,20130504095715
hana481121,1,20081230004212
s930s,1,20081230225853
yepp83,1,20090105133730
dre119,6,20090413183020
fszone,12,20170309191250
syemc,171,20240516102910
HA8681,245,20131028225408
yocto76,238,20191205212351
hjcdk,2,20090602081601
ds0119,2,20090121123510
psc8802,2,20090109100544
qordnjsxo,4,20090417141902
elic94,605,20221116163105
leesehun99,9,20120702141209
davidjsm,7,20110307160129
yeosu114,1,20090108194408
sunheeh,76,20111013210127
kea5195,42,20090326195432
jun4079,337,20190618082733
hp7122,8,20121203131201
orpheus2,26,20100622171541
99117001,109,20160911232622
rla5783,398,20170406144427
sth0203,4,20091106143309
domain21,16,20090524163234
neosun99,58,20171204183837
sdhsh1234,169,20220616112825
csbang68,26,20090326041723
ha0313,3,20100703121714
ces2924,10,20140806211605
yjj999,225,20241113091607
jtpatient,1,20090110111250
theloss,2,20090124125708
sjh5542,10,20090409161730
haxe123,209,20170912220538
presik,24,20090303134145
sanchojo,3,20101012234734
sarnara,27,20090415140647
ws6182,5,20130611121053
bear130v,370,20200104085830
psycho11,13,20151125154851
pjsna78,5,20120806111615
21jim,38,20090406102021
jone2008,16,20160803150252
aramch,148,20180418153945
sdark82,11,20091128115038
mks4122,38,20200331154332
jkbahn,2,20090121102804
kilwin,8,20090525212401
kjsele,7,20090204095950
ksn6696,60,20121203155357
tajo70,1,20090113143100
smin2740,1,20090113165027
ccs20000,10,20170526090421
kh5022,406,20180816060736
yyongsub,56,20180725161647
kazesj,1,20090114230348
dana9145,147,20150412135500
pole41,9,20100821145059
puppy2737,17,20120719055651
you4664,23,20180725113703
roxy20,1,20090116162055
hosuk1035,1,20090116183320
ycs0210,16,20120331134730
poh5907,34,20140811133519
p103040,93,20170608230135
ummapsch,1,20090118193548
poscometal,1,20090118205658
manu0413,2,20110404193446
an7062,6,20100615112847
choi7200,7,20130429215309
jjsa1515,1,20090119142844
sun741117,20,20190710125800
opt82,1,20090119182927
resistar,10,20090421115451
park9558,60,20101204010731
dmtech,25,20140127091009
qaz7923,40,20180124111131
wdbyun,2,20090128144057
kk444k2002,2,20110403161527
wisyou,115,20130807090455
newyork,3,20110628012410
jaguar1103,5,20090219135029
dk1353,44,20110607143521
sm6112,58,20091215103129
ol012,2,20090127205948
qazz,10,20090423102951
c4r01,51,20090422120549
zac4236,1,20090126185922
hju313,5,20090317041806
wangun71,10,20140209141104
ds2ltc,224,20200816130438
son1904,232,20201213121503
wfirehall,3,20090219204248
ktm2203,218,20170321104138
kwonhjun1966,99,20190228155407
kch8036,36,20101207144732
jae3142,1,20090128111040
hongp11,36,20110215094809
sinihuni,1,20090128114807
saeckddnjs,8,20120309135040
point119,1,20090128133139
perfumery01,1,20090128155739
choios219,5,20091227180352
k6663455,42,20120421113830
rtychlee,5,20100911063231
light3355,1,20090129094809
cuswoek,7,20090217153504
chungwoof,1,20090129113941
pak1044,15,20110304170537
pl3840,6,20090306152807
ywan4401,34,20250423013133
jbh6782,5,20090709220552
jubsss,43,20120803004517
1q11,1,20090129194808
p3114q,39,20220510105608
mjyun02,24,20090314092329
i7star,10,20220112004722
pooh72,1,20090130092800
ymild181,1,20090130100621
jky7312,7,20130701110603
jjj9330,38,20131031125403
hgh11,12,20150115130639
kmk0089,2,20090130143939
rayone,1,20090130145504
ungdd,206,20230520001131
hot6329,4,20090418191102
ksb9758,66,20170706115752
uqueen,8,20091102143519
lsyyy3,6,20101006143709
l8115ch,15,20140507121807
hoosam1962,5,20090611162525
cs8008,173,20100722151403
k2032203,98,20210929163851
hese70,3,20090901163700
sol004,66,20230405094805
par8840,31,20130331051350
hgb6630,4,20140128085130
one9880,19,20101231170216
sun02105,23,20210925132732
ldh2636,65,20200601064841
bak7310,25,20221111125505
ijbhee7577,50,20110311114310
dbwotz,8,20130827143245
dudxo000,11,20090828105218
kdhcks,203,20180710133418
lkt2009,1,20090303160241
soonho1472,41,20160918211455
ksh8957,2,20090207111344
jbsmile,23,20140508115211
bhjung61,8,20130904130054
weawea,15,20120328094947
wso2003,61,20121016092942
kngu3858,4,20091218150126
akdcleowkd,54,20191007133611
kaast,26,20220614232102
sks7705,12,20160919084049
akcy80,1,20090203183943
kjc0745,85,20130328180314
shss,25,20130205115950
sang9500,124,20210517133530
imjayd,1,20090204110551
ds3910,2,20090210141129
ram100,1,20090204133856
su2864,1,20090204140646
cleanjj,15,20140122231516
ok7788,5,20090903105110
jw3355,1,20090205090049
sangsa23,10,20130204130319
madrid001,24,20130812102055
shdmfqkek,14,20210531212405
j7573,1,20090205114909
moon0142,1,20090205115414
lhw0375,12,20181207092027
kjy9800,1,20090205143435
dudtkrhks,26,20150624113117
strfighter,4,20091210174507
ko0317,4,20090409191928
metalskin,1,20090205230459
jjj0307,3,20090224103145
qndud,27,20110110155817
2q22,2,20090206163121
kook5209,27,20120211173308
zayo,3,20090612123508
redface45,1,20090206205328
rla12203,1,20090206210113
engril,70,20180306084118
bmw3036,36,20101229130042
soon0828,259,20170114135952
kkk123,68,20210215133333
acompcs,14,20130327092147
alpha,375,20250520170137
lyy1117,7,20121109141029
dyddl88,2,20090212165534
leeth770,4,20090315150359
yonghchan,116,20250102131839
bp7789,4,20131013122921
aceyoung,12,20131126125846
donmury,3,20090211172035
hw2009,34,20140121145752
loveston,1,20090210102832
mlt0472,140,20181224181440
yy1067,12,20230321234616
jbykw,102,20210507110341
madoogi,1,20090210115616
kimminsuya,5,20091219193937
woong10,1,20140617141316
skysky9188,1,20090210160822
civil0125,5,20090910145421
loveangelro,2,20150605131037
angel892,62,20131011171424
chonghwa,1,20090210190944
jsi0720,12,20110803115407
semi93,22,20151019090657
airtive,6,20130524093050
pak5840,31,20120122081526
drekim,10,20100522100513
esdesign11,7,20100419094239
arch1992,3,20150709091421
dlcnstjd1414,12,20101007131501
kchichi,15,20150504151552
cmg811,5,20131103204330
mkj2719,7,20090212152321
redhong1027,5,20091113140951
juyeunet,25,20240913170105
iicheol,336,20230215100722
kglbs,7,20120601113747
sysiks,1,20090212155848
ksk7252,2,20090212162909
ksd5771,25,20160726165938
hcs9983,13,20120808132906
owner,1,20090213105548
sunny,1,20090213151837
wingsddd,5,20150706103838
battleboy,1,20090213164310
hippo5845,12,20120625095820
jamaka,3,20140519160657
jak750,4,20130618191842
jjp1100,13,20100823160116
sm5869,25,20180409142246
overtop,23,20120313173449
eland99,53,20170921102146
ygn4567,9,20090606213931
kimsy6402,1,20090214191120
wjdtkdrn72,119,20220105130820
ym5764,1,20090214193618
12jun32,5,20090318084150
hwjjoseph,18,20140609143049
jugmt,1,20090215181745
ookskoo,1,20090215235211
sizakplan,21,20101006152456
ysw7002,24,20150226164414
sonsuchun,11,20140312110247
jazzminor,6,20120703085923
showerlove79,1,20090216145310
chuljun1205,97,20240205142302
kimkaggue,5,20140421162834
nasang75,315,20180122182802
yde6707,13,20210906092049
ssay119,134,20160826105908
ckdwjs7737,143,20250721183243
hw4280,33,20170203143815
marl222,3,20090728115159
lovida,1,20090217143231
skylaw1000,1,20090217211208
jmkim6518,3,20090224160214
tree144,1,20090217162005
skin0703,3,20090316114823
ss721016,1,20090217211313
ojs5117,41,20211229060816
hyeon7031,3,20110610143436
nashkor,4,20101013100140
khyoung21,1,20090218105910
jan010714,4,20110214161430
kcfcc1000,2,20101110164846
tanks250,3,20100226153651
jc7697,4,20100910072558
plaza02,1,20090218160606
gusdkqlf,92,20180722112112
upl0213,3,20100825172409
box3772,6,20220622083123
gege2004,18,20160305223937
lk0694,9,20160921191129
s1397,25,20180510080720
pcy2402,1,20090219093706
hs66jeon,41,20120809102407
ys1010,1,20090219112848
m690606,294,20221117112334
pipimo2,5,20090826100348
pack2002,7,20110926133857
youngbum01,15,20131002174726
jsy1504,38,20120217164955
pase1004,11,20110802172012
hisfactory,1,20090220103428
kb2137,13,20100726191123
kthadron,6,20100213045735
eotkswhdgkqr,14,20100316143644
cnscodi,3,20090311143956
kimillim,5,20100620165857
kgw6863,14,20111129135002
dnjzk59,1,20090220201403
ryukorea,3,20090303164630
qas30000,82,20190731164134
nobleeye,424,20190703165748
twobrook,14,20110920141259
royyoung,3,20090222230248
kim6479,22,20131014095202
famecs,3,20090318100904
dmmdgo,2,20101020161140
limss113,1,20090223170933
aonekr,8,20130703135916
kiscale,1,20090223174811
ssj52,3,20090228085027
chldudeo,5,20090420234749
tswsj,1,20090224103335
iifateii,1,20090224132732
khsoo7522,5,20100820154032
peliuz,1,20090224123728
ts8890,2,20101103132720
bigbong73,1,20090224204646
tomatoyb,1,20090225001135
entermin,1,20090225103717
o0omacho,56,20130907100357
kiholee50,1,20090225113124
zino7518,34,20130107210013
wjddmlqhd,1,20090226094156
kyp715,5,20150525211319
skeyun0818,9,20090303100635
chinaleader1,4,20100119135248
klntbilly,1,20090226134050
kjw9302,4,20090918110901
hyojoong,10,20130117155016
tncjf1410,2,20120809093154
inkyo21,27,20160915131610
jungb0909,20,20121101184243
dada0713,15,20140916080910
dong7188,7,20110302170629
doam999,71,20171227175901
kyb2154,2,20090324163044
cham7179,1,20090301180258
bbograg,3,20090515111730
eoehdrhdtk,1,20090302094903
accessm,18,20120504135109
grayiori,14,20091103113422
SUKHAN22,3,20110718173915
jyun01,1,20090302161823
dheowl,1,20090302235658
sejong69,2,20090315130943
khm999,9,20090423133112
kssjccsign,2,20090305130314
bottle10,1,20090303105102
bandoeng1,3,20091201132012
osegi,57,20101222131157
kkag6054,4,20160627114827
pks5709,14,20180316124932
yaha202,45,20120918191718
ajy1206,6,20090724234948
saiyuki1,3,20090322224321
wjh61230,5,20090602093616
ekdgkdvh1,7,20090613121029
studioe,23,20160509162000
abakang,35,20150119165548
arthands,2,20160312101302
sunah0425,2,20090304104755
jskim121427,13,20160310103329
hsfence,1,20090304140350
lccc777,22,20110418143422
kinggold03,1,20090304215658
chmimul,4,20090317003131
gomhdd,3,20090309132826
hhjsw217,1,20090305164725
youndang,1,20090305165248
ralrlejr09,1,20090305210826
varion,1,20090305221153
pyongss,27,20110303223031
moiia09,17,20120521002915
hiplus12,1,20090306153720
hbt747,1,20090306140319
byoulee2000,4,20250427222224
kdhwwkd,3,20090325133230
yjy0308,3,20090321200949
jh227,8,20090415183200
bearryu,3,20090609141925
dbwogml1,3,20090401190422
cys0475,1,20090307002744
pia2004,44,20190128123644
pjb6409,334,20160706095145
hjw0604,26,20100107123439
nam8180,1,20090307213011
murphyic,1,20090308024117
kojang1111,1,20090308173752
travel73,1,20090309085624
intnet2004,2,20110519122545
nnixx11,9,20091128113750
051500,2,20090309173940
eob0404,8,20170303224052
sgirl2000,22,20111122145025
atloet2,26,20091102140531
love0122p,3,20111227174451
leemowon,4,20120801081202
ssdd2121,7,20220109112311
manmanyi,3,20110613093656
leehok,21,20170626163106
dromoshm,57,20091221124543
197820,22,20091031145413
kjhmaint,5,20100614180529
h6966,140,20160713112105
gidonbosco,1,20090311034001
choi5066,1,20090311101217
keon726,9,20120302102457
kimjongyul,1,20090311141316
twostones,90,20171222155831
smofe,11,20120831210147
gjaudtjd,10,20090821112652
rapajm,5,20091128214104
KBS1711,2,20090313102253
simon3314,8,20120529191203
jusung5613,342,20250514132733
kim3154,14,20110316090854
balbore,6,20140513141604
sds3540,13,20220217103852
jesive,7,20120214180245
dune1005,3,20110221214519
KTB1472,197,20230522101043
doolsan1,5,20100812095730
gospread,1,20090313153641
lnh9485,10,20200214171346
blacklistjoe,19,20151120114129
zeroniss,1,20090314093256
chy730505,1,20090314093423
syj8776,1,20090314122321
samchunlove,4,20090325125616
devils2960,17,20110502214459
kk6413961,133,20180808075831
shailove,3,20100427182808
erstkuss,1,20090316111119
wjswpqnd,4,20090506163838
ldj0373,1,20090316164324
0099oopp,27,20170916014214
lee3200,1,20090317105053
bys109,2,20090324125502
lmj3034,146,20140729143529
ijs729,4,20100123183746
lthskj1007,89,20210126094252
qnfrhccjfja,3,20090723095221
amgdking,1,20090318114532
winsoju,1,20090318130327
kkoma123456,1,20090318140044
yespoir,10,20120323104614
acac5858,1,20090318151957
kdj7886,1,20090318173547
clfdnjf8dlf,3,20090323162707
tkscodhkd,2,20090319224559
kgbs110,1,20090318204121
muitinet,1,20130624084830
admc495,11,20110516171139
proide1,4,20091210213426
k12kk2002,10,20110716144224
bomb7942,4,20090413124901
kimkkam,3,20090323102622
nnps,6,20090322174801
pc977777,1,20090319195331
dbtjswhd1,1,20090319203339
ksa5626,1,20090319231216
lhy2502,72,20250714081541
lj8900,36,20190621205610
rjs1216,13,20110413140704
mahatex,68,20200331154858
jds3671,23,20171014035515
ck1050,6,20090411101546
hsk1213,1,20090321120401
h111266,61,20150816161308
jjyydd63,1,20090321174000
ejwkfk,1,20090321233017
kgh3555,2,20091105102512
lshadow,1,20090323195843
lee8616,6,20100324143900
nhs1211,4,20131210131744
gyumina,76,20190107182120
hanhae19,4,20090717122144
ultrakuk,2,20090513091631
mkh0620,1,20090325003851
shindm,8,20230619213704
yacumo,2,20090326091440
dudcosla,1,20090325163230
city2541,1,20090325174945
f60511,1,20090325232227
sj9578,1,20090325233256
minsang86,1,20090325234421
sewha,116,20110422113147
come751,3,20090414222829
it432,1,20090326084457
hl2sor,9,20170526123120
nam1123,6,20200424171918
baboya0933,9,20210619131142
patrak,1,20090326213049
bj3747,3,20180803104216
yollu,3,20090428110309
artudio,1,20090327164408
dibs7116,1,20090327181009
kangag112,3,20100910124225
ivanm,5,20090506180002
qnwk59,130,20240408101201
tprlgus,8,20180619162801
archyam,2,20090329172900
kjj20002,1,20090329212127
kgbchoi00,1,20090329213238
hjspjr,231,20150427171012
imljs,1,20090330103540
hylokpr,11,20120220141841
kdhwkd,3,20130302195006
sonjs22,11,20091118144953
h23310657,8,20160410214625
lyankim007,1,20090331092640
varisk,1,20090331135627
yj5086,3,20090416102104
seadragon,7,20121031104854
janne3,1,20090401114221
sisop,6,20100331120208
thrfltks55,1,20090401192620
jbyslove1201,25,20111025070841
yujintd,1,20101020102952
archijang,1,20101020114758
kg10192,8,20101019113455
weonjin7928,14,20121031175200
groa1105,12,20090521111036
319131,4,20110211173656
duriaa1233,45,20100709213138
holy9727,1,20090402163921
ryul83,1,20090402170546
scpark22,1,20090402174313
cwgrc,13,20160720133731
njs7070,8,20140509120301
sung1672,6,20090428132059
yogasil1,17,20180213154945
omphalos21c,17,20111115100720
xxhunter,23,20130604160902
chk7220,14,20111123144445
yhdebak,1,20090406183315
jhh8159,74,20191014153116
jjunibu,24,20190320140904
ass0288,4,20111121115634
dada0346,4,20130227121832
nabbykhan,11,20110816105902
younguek,6,20151104153354
ekkaru,5,20090814101924
ss5142,3,20101006161024
wnddkd8089,5,20100514204319
4643480,1,20090409182430
JINODA75,2,20100615091742
steel00,5,20090616180519
choi675,2,20120424133636
bgcho,2,20090416134012
PACH4363,1,20090410171650
ahniyou,7,20090615205853
hkj8901,81,20180312120636
yousin7,234,20150422170412
bsj1119,3,20100921215035
jasoncha,1,20090412170356
ash1329,3,20090515211007
chacho4us,2,20181017171952
seaboat,28,20161101221517
haruki28,16,20111129151312
omj4433,6,20111022161448
kjs0612,1,20090413131457
sm3560,69,20150609171212
jjlee1198,1,20090413151814
bluefin79,5,20101007104656
sgihang0820,20,20120204094035
hhm1880,1,20090414020838
phk5205,82,20180505145106
neon76,25,20181114132016
dleodud,1,20090414122424
jht0131,14,20090416172900
qkrrbdlf8891,4,20090918115536
hkgb,2,20090415120752
eb1429,1,20090415121102
sinsco,2,20090416103837
cyb5179,1,20090415161938
9708sws,35,20170530135936
ldh5866,155,20250212164221
yoo9795,2,20101130210401
kimbj03,5,20140714115222
bae3536,4,20110213122010
msmisung,1,20090416142117
l19961110,2,20110119160918
dawon04,2,20090420120235
kuen775,5,20090526190631
kang537,1,20090416211202
moovak,1,20090417094608
oldboy76,1,20090417140124
iiij89,1,20090417172834
sjdkr,3,20100118142013
gudgml84,2,20090426085148
wlsrn81,1,20090419225242
sdc1000,7,20210524173947
su3610431,48,20120806173244
kkykyh,29,20160207162643
j26182618,8,20090526211159
natty19,1,20090421135213
mishell328,1,20090421202402
bitend,6,20120825101138
bujok,4,20150618134146
mir8635,1,20090422153010
ts5222,1,20090422165901
yuu1,2,20090610134350
la4585,1,20090422182231
isbn83,1,20090422200602
bsw000,5,20100405011151
kch511220,2,20090422223457
karmapro,33,20220211165538
j00813,10,20110615112420
a2010627,3,20090525144100
picayune,1,20090423210447
kkl3379,4,20091028163412
aussiee,3,20100603030804
kim123,1,20090424140318
shineng,2,20090424204614
jihun0908,1,20090424153618
kwon1230,1,20090424221231
hyang6662,5,20140218111950
123ljj,3,20100823163813
hp8088,7,20140409151421
DNFNTK,2,20130329160225
ktk4836,1,20090427120222
taem2000,11,20150127112800
kjjooo7,22,20140120115644
song4657,1,20090427162008
idkmtm,4,20090925135030
metal1004,4,20120308093803
mugikiss,1,20090427170911
ohohho5050,12,20160308100037
gisan20,17,20091021135910
paranbanana,2,20090429091321
ljy4157,8,20110415151414
kyh9809,5,20091013100602
kisaju,5,20090519055728
kennyllg,1,20090430161255
nanmola71,7,20181212093116
ddong2177,1,20090430195047
jsong71,4,20091231134017
satto8269,2,20101217134823
bjs5849,1,20090502124410
jjdws,5,20090516092952
ddbr15,8,20140519195851
dharch,1,20090503095450
csh2783,4,20150810131912
kuedols,2,20100218174911
j031120,1,20090505090808
ymt0630,1,20090505143301
bj5722,156,20170530140751
kumdojjoon,3,20100507141510
ksi5653,2,20090511111217
global5131,1,20090506121833
eunsik68,1,20090506162227
youbu2,1,20090506211947
loen13,191,20210202100506
idksh,2,20090514165311
sisco1998,5,20120223153937
justerlove,3,20110221170307
kyc0534,5,20111010085640
sinsangho,1,20090508101010
jang3676,1,20090508123735
pgchan,2,20111214112257
lim4337,1,20090508191854
tjsqudrn,2,20091009120404
firbirdkun,1,20090509110639
nam7412,29,20161110161054
khybhknh,8,20110330203500
podory100,1,20090509155105
kckc1022,23,20110516213152
pagal9942,6,20110518161536
victoryimm,26,20190613231218
dinowing,9,20100507143337
khwony,13,20090804172717
pbh5000,1,20090511124442
munsan3003,2,20120621163708
allbank2000,1,20090511145430
jun8088,2,20090512094817
jangwon7kr,3,20141014125136
gil7590,48,20130822065507
seungilh,3,20090518092305
wnsltjdb,2,20090818144538
zeezoo,34,20140105153034
masjeokan,4,20090601154418
yjn3758,12,20090921114245
terry5828,1,20090513014652
ssyun1025,2,20090513103600
psj2u,3,20161026194013
boardebe,1,20090513145235
choyb5,23,20120627013013
molra138,2,20090513203947
tantanhouse,2,20090515082906
ycec007,40,20110722205102
dkbksh,29,20171018120055
y2kkia,8,20090901225348
guseodhr,1,20090515012805
acekorea119,2,20090610140457
apache69,14,20100827142213
ksp0dake,1,20090515165336
000ho00,11,20100718195358
fallman2002,2,20090518084431
j3yin,6,20211220103900
chan632,24,20210517235910
wsenter,3,20091029091805
samilinsu,4,20121012141807
sangin9313,1,20090518142302
gustn1434,1,20090518172922
bulerainx,1,20090519005812
aceforever77,5,20090624092744
hmoh7349,4,20090520130956
kms310,1,20090519111523
hassul,28,20130805175343
choeys,1,20090519183438
hyekkim,12,20111007162956
hanle,3,20090612230814
jam790,1,20090520102506
wondie5,58,20190228171848
knw8026,8,20150810131720
jinijina,108,20151215181537
dkaldksk,2,20090525151341
lsj2200,11,20140610142947
btz911,1,20090521064341
jiwoocon,1,20090521112318
ejrwodb,2,20090525193644
artbongs,20,20221227131929
na400,26,20110721150741
koryo918,3,20111117093514
renoos,116,20170522173141
sejeenkr,1,20090521215022
rlawlsdud,19,20091112185417
hjh855,24,20100609123955
ydy0330,2,20090602102744
topsp,1,20090523153656
chan6299,2,20100730051453
pasyoung21,74,20240824065057
t0sky0h,30,20180904163958
lekyu11,14,20111122105651
asi7567,2,20200211105503
basara98,6,20130703174531
toodory,1,20090525140049
haeinslove,1,20090526092257
rhtn0204,91,20130213085953
ljw5133,7,20110404102943
chokr22,8,20200221130030
bsh990711,4,20090528225108
qwqw777,2,20090604003813
jsteel,2,20091010114258
gmkim5642,1,20090528093628
kogs7919,1,20090528113831
hunt0317,1,20090528114644
ch4712,1,20090528231336
ps3513,16,20131224112147
stdream1,2,20090530081118
gameekr,1,20090530131001
cagreen,1,20090530145347
s0u8n15,1,20090530192652
kys0155,95,20230315165138
sunghwaz,1,20090531000219
jsoju63,59,20211104171242
snakelover,13,20131009105050
kantos2000,1,20090531233805
bms33,1,20090601093429
kdy2783,1,20090601192652
ij0910,10,20091013150858
pj2010,6,20090907113939
gjs0978,3,20100127130900
3319ks,1,20090604033453
ksc12,5,20130619183303
siboria,3,20120529222333
qooqpoop,6,20120419161420
emileok,3,20091029143932
cessna78,3,20160229183551
enoch75,1,20090606201740
soohacc,3,20150822190653
rnjseekd,1,20090608031801
arch9793,42,20210722063430
kkh0705,1,20090608113814
shuijian,3,20100316093032
hiham73,1,20090608175909
k640812,2,20110829120930
ab630115,1,20090609000234
kjd1114,5,20100308184939
chae6305,4,20110427164306
skhong64,4,20090701200553
kjs9618,1,20090609221959
landia,30,20131103221527
ywg4333,1,20120214215245
unibooks,1,20090611101830
hyuisoo,20,20210823161504
shshsh5947,1,20090612130456
gofyd333,10,20110417205503
bbongc,1,20090612141705
cn0005,74,20140804112358
oar007,7,20170330103934
start22c,32,20201222044718
jongkchae,4,20100117160204
ybymir25,1,20090614032634
daehanst,1,20090614150748
romistudio,5,20120430163115
wmusso,4,20190102105753
soam8880,13,20110516203611
kym7844,4,20090930101029
kwangshin258,2,20110421065846
hjp50,2,20110104170108
noksu012,14,20120223223449
hg098,34,20190730142426
99sinbu,103,20101203154013
lds6603,11,20130115081228
qkrdncjf5970,1,20090617164641
cool9r,2,20091103001950
ajk2006,1,20090618210541
star1,3,20090625000842
housing,105,20171114154729
choi3021,13,20150209120240
jooho83,2,20090828104621
archi92,1,20090619144305
leekiee,1,20090619181441
gembaek,2,20090624082821
babank,3,20090622092708
hananim415,2,20190108135314
eowlsrhddjq,1,20090620133739
hshaha,11,20120217100815
folra,10,20140717171350
only1102,15,20121024140615
dnjsej2020,1,20090621001610
cjdtks62,3,20090712191504
cjfrmsaksxhs,51,20130215093955
yjkanggb,23,20201016095919
gjs2929,7,20140319142157
ppittagi83,1,20090622141905
whddhksll,1,20100209094537
tdr0427,5,20090925205446
backhowoo,41,20110422214652
36hk,2,20101007075937
indycar,14,20121207141106
qkrckdwn,2,20090702115420
prison78,5,20121205093205
haeunsys,6,20141216132419
kjh18,5,20111118213714
yoomo7,8,20141023112843
gsr12v,17,20150513143026
sex1597,1,20090624114301
dm8255,4,20110421111145
gs37437,2,20140210094308
waxxii,15,20090826170903
cury1970,2,20090625150038
sos4888,2,20110228175228
mclee3232,4,20101103204604
boydo,125,20210423190432
rrkdttm,1,20090627000005
yr3156,3,20090730102239
chks007,6,20230215102229
BEAM,3,20121004182522
kiss3896,2,20090730142143
baegihan,3,20091116103223
namdu8,2,20090701104702
sexymanc,1,20090629155931
go6939,17,20090811211151
yhb1415,1,20090630112453
sik7803,1,20090630144401
yys956,1,20090630211911
inku01,3,20090701202703
geun6191,22,20151019101801
hidong0119,1,20090701092007
dykang7878,1,20090701164731
swj1634,2,20101220181443
jgs0817,1,20090702170556
gd41181,1,20090702175423
ti0282,32,20180314164448
ajtwuqmfj,2,20090713104534
goo2964,2,20110615094722
kbsc0462,14,20211014220909
anna2518,5,20100626154135
khs6606,2,20101111122446
awanayti,4,20110424115103
constwel,4,20171222131627
hoonino1,2,20091125075743
moon11031,10,20140729090236
lanvin1,4,20090709164014
bgc1379,27,20191014140729
dlqudtlr7607,5,20090718181648
qkrenduf,28,20150107095441
rlackdtmd,149,20190805151423
zenmen,2,20090710021408
kevin8800,1,20090708111121
kimbyunghee,1,20090708204007
ssip20,23,20180406135735
sonjch,5,20130404090146
stillblues,1,20090709101021
pjmjm0616,1,20090709112029
fog120,2,20101024143434
ssk25,1,20090710091857
alsTm2926,39,20200527134827
bin01004,23,20220406102547
hno267,1,20090710225934
saabba,2,20090713114154
DWR750303,1,20090711134845
rockwork,1,20090712114256
anamoho,7,20120823220346
gaosil3803,4,20111222233739
ch412gur,2,20090727064617
rkfrntmf,76,20120822233714
ptskss,12,20160224115029
uto02,3,20091014154224
soo5885,11,20130104094907
sumac1992,1,20090714083322
mong1114,28,20140330222102
jong7985,17,20141001141451
ktc1964,2,20100106123612
u69103,2,20100117105902
ygoolee,1,20090715120349
kty7429,1,20090715133036
skwhd4923,1,20090715181345
sscargo,1,20090715224410
vcl1995,6,20120329110251
jjboki,3,20090718081810
usuk97,4,20111031135001
sangminowo,1,20090716203107
suhwany,8,20241103183324
srssang,1,20090717102321
zinzzzz,10,20120921125205
khbear,1,20090717232441
WITHUSHB,1,20090717233336
whrownqk,1,20090718075749
dmemr,6,20141105124412
grinder94,35,20160411182943
choco0722,2,20090723022022
ykl3627,9,20101008150450
jounmet,12,20130206182303
gisiman,1,20090722125122
chang467,10,20110125080354
soungwin,6,20110924120533
stleeto337,21,20130807135649
warrior001,13,20220319100950
kth6211,7,20140718181711
hayanparan,1,20090725172445
ttblue38,1,20090727092422
cdw1298,3,20101124141220
baebum88,4,20090808102915
dadacall1,2,20090728172046
seokoyja777,1,20090727203553
han98980,5,20110131091515
galvalume,1,20090728090313
scsoo007,5,20140705093251
zzangkyu,3,20091001162902
bookdu,5,20111031200744
kisddol,12,20151117144831
rrhakdnjsrb,9,20110630145744
ynt0630,1,20090730095942
akrtks1118,12,20110822102905
whdwls3749,4,20100715145235
sparao9,1,20090731194922
kindlykim,1,20090801111417
yckim2121,2,20110419085956
cd0611,1,20090803101622
ssagajida3,1,20090803155922
jjb0927,2,20130409173134
skyallsky,1,20090804085423
liftkorea,9,20150403180505
yyo2002,4,20091009155401
tcoin,5,20101229003011
yyt0929,5,20150611111547
expo,5,20100311140034
papaya30,20,20160726211829
taeshun,26,20240511153557
dycy0112,1,20090807110017
risingsun,1,20090807171308
hosuho,30,20230427165434
jasonko,5,20090827071340
eunsam33,1,20090809155617
kooksoo,3,20091223194421
s0565,1,20090810171655
hs0411,105,20160418124354
DOC4004,2,20121023131423
tmdfl7,1,20090812102929
jung4566,1,20090812120848
fkdrhkd12,1,20090812184354
hgjang2002kr,1,20090812213442
jsd0112,1,20090812222712
skrup27,1,20090813113322
han158866,47,20150925121432
jarik3,1,20090813130641
ahvopuc,1,20090813141017
flqpfh123,10,20101226181147
smilesw,20,20220411175152
l4407,89,20220330163101
chlack,1,20090814003908
jos5133,1,20090814093606
saltta,2,20090814160328
lck1788,19,20220930165134
gyoulee,14,20160514153148
worud2928,3,20100204100357
jsg8761,1,20090816090141
hotttyy,5,20090921160545
gl6049,6,20240323134448
loveysya,1,20090816192911
khs3499,19,20220823095230
lookimini,1,20090817120152
ssbds2003,3,20091202101950
umdd21,18,20170215161345
jungki1982,3,20150420170423
dgsoya,1,20090818163351
qazx8966,133,20180910142408
yuzin4u,1,20090818182824
hsyeul7,2,20110114151708
gang6569,30,20160513102117
k0318,1,20090819124856
okjava,1,20090819234034
min6744,2,20110223084234
cat0000,12,20210525101951
ksgyun,1,20090821134909
acesjk,1,20090821142105
omjsung,5,20110222100304
ks2053,2,20100626122032
dainto,1,20090825174607
uptown,5,20090826021353
sharkpsj,12,20140408184309
skswo6710,2,20090831115928
damoolu,2,20090828204824
akbell,20,20150203134117
mate2000,1,20090827103506
css6166,2,20090828171114
jung450,20,20111019073814
parkyb65,1,20090828211355
armdaunnal,1,20090828163239
shchokr,8,20091110163648
jd2247,2,20160307163802
blackhawk2,6,20130102111102
rhkdtjr20,2,20090909111153
imax666,1,20090901135408
khhan3361,2,20110511174054
sds6755,1,20090901221618
wjstls1234,3,20180405162730
ko9668,107,20181223085939
thoma27,2,20100208101249
gwlee,21,20140619152503
hj8213,2,20100128205643
daara,2,20090903150038
key103,4,20110923180049
tony724,1,20090906203724
magul2,2,20090907173644
wangdda3,5,20100205132702
lhw6368,1,20090908105419
seokgyung,1,20090908115310
yangukil,39,20160929100332
ryc1004,2,20090908145618
nopu2000,1,20090908184702
kong3475,1,20090909070907
jsyjang,3,20101012125629
kck5577,1,20090910082318
bluejay9,1,20090910102725
jprea,1,20090910114431
lsbang72,21,20190219120035
refarm,3,20100517201523
k86333kth,1,20090911115357
yekun200,3,20130228130420
qazw2500,2,20091121200016
ss55352000,2,20091005214425
agabang111,4,20110317140727
kin0496,3,20090915085927
yeol101,3,20090918084627
gtman21c,1,20090914102240
toni7173,1,20090914161309
yongary,1,20090915171619
tadaokim,18,20150102140235
aorl7573,39,20130306204002
okj2288,3,20091007192723
ch4410,1,20090916110252
gggcld,108,20150318175653
rhkddlr3903,1,20091123220401
645pro,1,20090917173637
eemal,1,20090917190811
amolevole,47,20100302162437
yjs9848,1,20090918110104
ss5330445,2,20120505205656
dlcldn5,19,20100121061202
kjt0100,16,20120607105834
topgag,1,20090925091458
changjlee,233,20240704084733
wook0507,1,20090921123920
yyaannkr,4,20110503095444
ace217,15,20111119211533
dg7646,1,20090922143722
dnttma,2,20090922211500
meteora,2,20110323074725
yangpaul79,1,20090923135820
jys06281,2,20090923141004
mokmoon,1,20090923184538
ok2380,1,20090924094650
jklfds,1,20090925120232
minki8983,2,20091005140416
suh1478,34,20200110112709
jpj0420,2,20091005102110
goodhoony,5,20110217114258
yuts7895,1,20090928161753
moveout11,24,20180625131207
minimi4444,2,20090930132931
aquamarch,1,20090929152412
woori6675,13,20111028225054
sanullica,1,20090929162911
ydocean,1,20130209145157
tglee0606,1,20130210082712
lostprophets,1,20090930031240
bobo2589,1,20090930101702
cbk5869kr,9,20100807123229
hajun,1,20091001110037
wei0104,1,20091001135725
tower8089,3,20121009064632
swt55,1,20091002105908
ckdwls,5,20100323120929
choigm2000,37,20101119115853
leekongan,42,20180228133623
hodong0963,2,20110212190514
kti02,1,20091006182015
kimhs231,9,20140427110330
pcs3673,1,20091007105752
bizzari92,6,20120403115910
rorasia,25,20161120192917
freem76,12,20160527101546
sunlovely123,13,20110810215117
bbuckss80,1,20091008140136
yc4465,1,20091008152235
lkyh6267,24,20141218091516
najihun,2,20091130134310
drumer70925,112,20150512111056
popogod,1,20091009155859
hds1226,2,20091111154031
jaedp,16,20210518094635
khtsanta,2,20091011171101
midaskwj,6,20120306191051
kimbho,1,20091012104913
ybparkk,1,20091012111958
rnstl7,1,20091012180844
dlsejrdk11,1,20091013102452
oppa4288,1,20091013113006
logiplus,19,20140518125519
bdj118152,14,20130319120412
limpbasket,1,20091014143054
esdragon,2,20110502183926
puhaa1,1,20091015094526
ldp0202,63,20161115102328
sunbear,2,20120506111720
apro2001,1,20091016085629
yukang2000,2,20100209000245
kk1328,2,20171013165835
puncture3,1,20091017122412
immoondog,2,20091021140645
rigoutat,1,20091019124924
kj1217,2,20091027093047
hanilarch,2,20091019214321
lgb1517,2,20091020144302
humansnt,3,20100414144547
ireh22,4,20170522183255
kimsg4924,1,20091020221339
bluecck,3,20091023155959
kdexp1783,2,20091022094130
wingcrow,6,20100804160756
recorn2c,2,20100513101224
docomo0703,11,20110825193146
corneskr,2,20091026163214
chayh33,1,20091023141002
ihdc,16,20170124090908
zz098,1,20091023162137
hansockac,5,20091104161553
at0715,1,20091024152932
scs2682,1,20091025165741
cyh817,2,20091105114207
skysuhan90,1,20091026101350
jjeonjjo,22,20110221140314
yoon4890,83,20191217094002
daetop,27,20220916121134
youngp20,114,20200707135926
ycj1108,1,20091027153757
silk48,5,20210712103353
hj33,4,20191216153337
lki1800,1,20091028154635
popo,2,20110715103856
ggachi77,3,20091104183917
tcll,1,20091029153412
ysk9778,44,20211015123356
dhfl5555,1,20091030114827
k2077y,1,20091030212912
jwlee9418,2,20110623131839
kokgi486,7,20100527154444
phon2141,3,20091106173457
8504114,1,20091101195059
fx66,1,20091102102659
jysasm,28,20130206145628
pppwin,11,20160822080628
yeominhoon,10,20110808115841
hanju0301,2,20091120101049
kongkam,1,20091103091755
cjs2106,8,20100122093242
gnd8185,2,20100414102640
egg0821,46,20220609100012
ohksy,1,20091103222528
soj510,1,20091103224346
lee8622121,1,20091104092114
hcs5687,1,20091104102319
sin11345,3,20091104124637
stopms29,3,20100609113312
bluedayangel,1,20091104143709
ding0322,6,20151014105140
jungjj7777,44,20110808121128
kke5,1,20091104180937
tlsgurwl,1,20091105114609
yjw1117,19,20130416102800
kmc0606,28,20241106092957
pko2,6,20160706111127
jbg1025,1,20091106163905
theday10,18,20140107102452
kkt0004,47,20231101061219
bagku109,1,20091108214658
cctvjosim,4,20100302190850
hyena0465,3,20100201135346
lkj650,9,20110808000549
sky920113,2,20091109173023
soto555,13,20120614123750
ahnkisu,1,20091110101444
puripax1,1,20091110115636
keitilim,1,20091110120353
sodo4850,4,20091115222452
yoosw57,14,20111107235854
crazyscr,1,20091110212115
rosenine,82,20150602114255
jaoman,1,20091111091347
sungho86,1,20091111121619
mjc64,1,20091111140835
pdw3256,1,20091111145542
rlarudtjr3,5,20110705110817
khw0725,5,20100401144821
sim7987,62,20181123160714
dmlckd,1,20091111214858
bh5083,5,20140824094248
hm0445,1,20091112095554
kkkkkk1203,7,20100211122757
ansimlee,74,20211223124856
lsn5589,3,20091113092246
max2811,1,20091113102357
sarang2287,18,20210517144559
chaeyeon72,1,20091113134828
sjw2004kr,9,20091123185548
ksj0220,3,20111121065537
leejihyung,1,20091116105126
wsjun,1,20091116142242
call5415,1,20091116143526
jeoungsoun,6,20110824143733
lms8416,1,20091117035518
dgaozima,3,20091213031754
budel2002,3,20100323133102
warart,1,20091117092250
ms6212,17,20170120100609
ssang3121,1,20091117112607
sharp5896,1,20091117151950
saha30,2,20100119174800
tjxodndzzng,3,20091214023000
zozozocr,14,20140516110736
gkgjstlr,2,20091202024829
ljg1047,4,20100727051807
sammi7766,25,20210520160553
godoeng,1,20091123143356
msh0610,1,20091124084555
78787k,1,20091124100835
computer8342,31,20250116170735
han00007,10,20160301164836
bs3852,24,20160119141503
sooc7,4,20121101143224
anaconda007,1,20091125113429
jhyj119,8,20100315012536
cartel4,1,20091126094232
forum21,1,20091126171850
james610,18,20231012093628
steelzone,15,20110806154412
fronsws,3,20121016163826
yiy0203,2,20091223025507
oty752,1,20091127220045
leelee5305,2,20100217114724
luvysm,2,20110228115558
dswan,22,20230403140411
shinunhappy,1,20091130145208
jincyber,1,20091130160855
freechanan,1,20091201164137
goodtkdgh,4,20091202042845
casinodealer,2,20120106101739
drcare,3,20100629152512
dnst1875,18,20140806141347
orum04,16,20110330113831
oseyo,1,20091204203527
sae5200,3,20091205143353
bhkks128,368,20200805225646
kedo1004,1,20091208084020
kimjan01,8,20210527162807
jjk1274,23,20121008105810
ongunpapa,1,20091208170957
civil0818,1,20091209103933
arru,3,20150305121741
rlaks1022,1,20091209202320
jheecool,5,20130531175321
nohungsup,1,20091216133235
cleverness,1,20091210114657
anjizzang,35,20180319094833
bun72,10,20130125142906
sezzasd,1,20091213224205
cjf6602,6,20100122174725
captjeon,1,20091214142406
lyj6323a,3,20091217130149
mcs7879,61,20210929185705
thdwnsrlf123,2,20091228105306
woorose0417,1,20091216114641
kbluesky,1,20091216142510
samjinst,1,20091217083935
cryingyo,2,20091217090531
lion1974,14,20100113152409
skyuk,2,20100124122320
kjc1068,6,20141227111256
cshto3324,1,20091218171102
pjw6888,1,20091219172115
ehdrlf3383,2,20101019225551
leely51,1,20091221101026
gjfzm119,2,20091230100427
ryang11,1,20091221214828
ehdwlsll,1,20091222101711
lyk153,1,20091222182808
iychoi1961,4,20100422141335
qw4847,1,20091223184715
jin2059,344,20151229134156
bhyun333,1,20091226153030
mhrules,1,20091226171635
ysy664,2,20091227232624
bassjang,3,20100527162715
dugerbi72,2,20091231120838
cocomi03,57,20200609013616
autotro0,1,20091228151911
soju4jan,10,20120917141408
wutek,1,20091229135114
bobo4703,19,20210426134927
kimootae,14,20160520153302
chmimul1,4,20101019200231
joonkb,6,20120105095250
heons01,1,20091231112350
rlaalswl,1,20091231120948
wrhc2816,12,20151228144306
animokiki,1,20100102101301
psj008,24,20170126141534
rlackdwl,1,20100103015121
fate77711,16,20201205065224
ljs8944,3,20100209112637
yje8017,2,20100113174232
arugos,1,20100104144415
gilihan,1,20100104171355
rlatpdud486,1,20100104222550
nowart,5,20100130095317
nicehb,1,20100105171232
rkdghwls00,152,20170512202346
horn96,1,20100106131356
sd5457,1,20100106181517
mndcmh,1,20100107092302
kds7086,74,20200404080506
onetwo34,4,20160605153601
hodge,1,20100107162050
nectar11,3,20100120110724
evenstar,217,20120720140153
signt21,3,20100209184826
yjw0580,4,20100112133633
r1100s,1,20100109164449
rlaclwo,3,20100111111339
lee10kr2001,16,20111004072835
gogylar,1,20100111114714
ccman21,1,20100111115549
moon711k,6,20120503111155
furrk,1,20100111162309
soo2010,6,20100423175022
mudhan,3,20101111201638
keepguard,5,20100303114533
candyteam,1,20211104142543
greenleaf,1,20211104204518
thank71,1,20100112145539
lmk8493,12,20141116171039
shsuhujang,7,20110208145140
su3084,47,20240412065808
ck199100,2,20100219093804
dowon,1,20110825084702
dhsodh,2,20110825092034
steelman2222,2,20111203000728
qlss1122,9,20150605212616
smartway,1,20100114150508
duck,1,20100114151200
rlaaudtjr79,1,20100114180313
wjdqn2000,7,20110206201622
camam,1,20100116032255
chunwoozz,1,20100116084640
kim77kim,1,20100116200654
dnjsdbaks,1,20130201174441
sik0303,1,20100118091505
kbo2044,3,20100412164902
s1051004,17,20131113173808
k2001k2001,21,20200224162537
a18silo,2,20120118170445
hometoy,1,20100119125851
bdh560,1,20100119174021
naong13,3,20130131104726
shjeon0109,7,20100208090056
hoon5856,1,20100121094508
seotaeseong,3,20170911101101
khgi7777,3,20120112095903
bi1000,5,20110124151917
ssc88,5,20140605114207
cym0124,1,20100121190553
als911016,1,20100121230424
lightman,2,20100122132833
yonggyeon,2,20110108095704
jason2020,6,20100304223244
4550a,3,20100123135420
withg65,1,20100123140054
rktjffkanso,1,20100123143154
jungsan,1,20100125160723
huh3232,13,20111229091337
yoobi687,3,20101003073328
yds790702,1,20100125143349
baekunik79,1,20100125162217
guulim,1,20100125214333
rokmc77,2,20100125221432
sonih,1,20100126121104
uyes,4,20100201161914
dalsung,1,20100126152504
nohks,1,20100126144100
sagoo,11,20131118204114
kimhs0727,2,20110111151704
sokhwi,14,20170206171220
com1972,13,20190830154300
gumbok34,2,20100208103258
seryu237,65,20221014101154
toki71,3,20101206135926
cskim74,15,20171012085908
thjy66,1,20100129125719
ok0333,2,20110517232516
totolo3322,1,20100201153014
pso6273,16,20151016172400
ds110,6,20150126155451
mik5790,7,20160602034213
hdy6110,5,20111219114851
ahk6776,1,20100202175225
jeonine,1,20100203113000
adinos,2,20100203124120
8jja,2,20110331113349
sign500,1,20100203155859
cadhakh,2,20101007112036
okayy,1,20100204183526
einsvill,1,20100204200038
sea2010,4,20150130202917
oukin1,24,20141023081955
any670,146,20180226081803
alstnpql,6,20111005110047
kdh2128,5,20150610173444
wjsgnswo1215,88,20130720104203
tookkang,3,20100225111446
simona0626,7,20100714085750
woon0018,41,20150406144201
cjwsjh1007,2,20100610194808
eoaud,3,20100313140311
dngnrn,1,20100209160334
yido,1,20100209172516
lch3182,2,20110824162704
jobking,1,20100209185707
pac1234,2,20100223115711
bytouch1,3,20100211083416
hd5387,2,20100210155237
cvt2580,1,20100210223421
jesus0099,1,20100211154354
zirocol,2,20100211153832
heyhoward,4,20121105134944
cjfdnjs27,1,20100211201113
phg9334,1,20100212132424
sitech98,15,20150416140319
hpung2,2,20100326093501
kwon6799,2,20100216162501
youn9,9,20101210080602
jimusang,1,20100218011849
mavas9,17,20111011181849
kbsang,1,20100218152203
ssd567,3,20100218171017
eveassa,25,20170315152111
her6318,2,20100219173349
choi564,17,20110617160714
mkyung,10,20100908140117
yy3579,17,20191211181845
whh1946,1,20100219151229
drealove,1,20100219155651
ghkdwjdrnr12,1,20100220092129
ryu3743,1,20100220104205
kjw1206,12,20110620144632
kjh8172001,3,20100323105052
leejg1967,10,20130820184158
seoddong,5,20161228104112
ydsong,23,20150515115100
sinakrkr,2,20131126121147
iousub,1,20100223140109
ycsmlee,1,20100224112121
akimoto,3,20110316183927
deckingman,1,20100224173426
t680ba,1,20100225232031
kkll7890,24,20160115101051
lg8915,41,20240527172840
paju123,1,20100226110610
splay,1,20100226132805
yjin109,33,20210323105144
ks0095,3,20100609213309
namsyskr,1,20100227125747
cheon1901,3,20170109154313
ysomi,1,20100302092610
clrb1949,1,20100302125813
s22jun,3,20130722142437
hyung7304,90,20250130090611
buildwin,7,20100412111755
bakhyo,1,20100304195834
leedoosun,2,20100319111232
kcs2481,1,20100305120140
mun308304,3,20100311123457
bitech,4,20100507125856
khl0009,1,20100306164317
hongrice,8,20100401035200
ss6791hms,12,20120320121214
kangriver21,2,20100310154738
uomo1816,2,20110607092858
hinte67,3,20100309113528
lenalove,3,20100520112059
jcastle100,1,20100309191010
acura,2,20100312223228
gu9176,1,20100310155524
ak0347,5,20110326143848
head3392,8,20110428160141
eyagi5,1,20100312101612
leehan620,2,20101023091006
lee4441,1,20100312125306
fforf,125,20201102193205
pky0668,9,20131016104227
wktjffla,4,20110323172243
cdb881115,1,20100313103848
myo77,3,20220329101203
eoung49,6,20110301001232
daeo109,5,20110511053732
saxophonic,1,20100315133045
leedyhss,1,20100315121320
yyh1022,4,20140219162921
yleekor,1,20100315151017
syj1217,1,20100315202504
ccs1946,1,20100316104117
dufeodj63,1,20100316134050
jjsteel2003,1,20100317093820
kksddd,1,20100317094102
yonmi22,6,20100409105054
fool2000a,2,20100318174341
han9345912,1,20100317212803
kjc7575,1,20100317182641
jcnation,1,20100318003756
s2hjb,1,20100318165249
cmj402000,3,20100609170435
kyi76,6,20100506102411
jk1414,3,20110212132513
sisan12,2,20100611142022
ss9326,1,20100319175512
kjuy31,55,20221215210822
ljh5373,15,20110129161720
inyun4,3,20100323102211
iron6232,5,20100514112755
maje11,1,20100322153844
chel1127,1,20100322204807
oneking4,7,20150306104212
gogobjh,2,20100719100606
kahn20,1,20100323143628
bluejack,1,20100323154021
anabakr,14,20130116181932
s4459h,1,20100324085843
yjb6171,1,20100324133856
wecansteel,2,20101110152855
airgrow,1,20100324165812
rnjsdnsrud,1,20100324165934
k9911201,45,20240104094019
posscor,2,20100329135920
ad0442,1,20100325101841
chung100,16,20121019124507
speed4865,3,20100419090321
SEAN,4,20100327151419
nsb9,1,20100326104219
sajjini,1,20100328002306
maximoose,1,20100329135758
cjil2002,1,20100330105022
minb510,3,20110408181400
os6870,2,20100415111207
csj447082,3,20120326085245
chae1914,36,20171121224421
pk1929,16,20130826110255
hongizima,34,20220219081422
pho1116,2,20100620220101
eomrim,11,20131015111102
jin114119,27,20181014230421
cholo75,2,20100405161844
chajaja,1,20100402105228
minbydo,1,20100401134920
sjaqjone,6,20150619163532
kth4112,1,20100402183804
laguns,1,20100403014331
changsunny,1,20100405173058
qqhtjd75,24,20171012094053
heo9103,1,20100405084251
nail,9,20111017103408
oros,10,20110520193840
air78,1,20100406093547
subnaeya,9,20170607155222
csc1667,1,20100406172451
kimhg1004,2,20100410190339
magiceyes,6,20150129112118
ksjy3576,1,20100407111536
rlarla0524,1,20100407113951
skyluckyman,109,20250320084147
hs2799,58,20130410094431
zookdo7,6,20100426145326
timax82,3,20100409103738
yuilpro,17,20120504175133
mariny55,1,20100408145402
dhksl0102,4,20100621150620
rkh5712,5,20100609151136
nk2020,2,20120109125445
kwkw,195,20120522091410
browneye82,3,20150623133806
kyu0229,67,20160215150044
twomins,3,20100412164420
moons108,1,20100410200027
st2482,5,20100514212311
art5630,1,20100413120123
kceparking,1,20100413130330
MouseBell,3,20150528032409
hrs2566,1,20100415132243
ssjj00,1,20100415142532
dntjd700,5,20101116132259
park7131,3,20100416092422
pkskygnzm,12,20130610082443
bypikim,1,20110824141535
erbion44,1,20100416132404
despito21,4,20100803132423
hosaneng,2,20100420163553
h3854,96,20220707134554
ssdongu,4,20150120170414
lucky8943,12,20130128123358
kmhg3513,86,20110614085512
ai3344,2,20100614094900
sylph993,1,20100419202837
alru23,17,20161005140630
khan114,1,20100420114709
adplan,1,20100420144830
holidays12,3,20120112213728
msw1983,1,20100421091322
loehoo9,26,20111101190125
anar9817h,72,20231222151845
younny00,23,20110803100156
wouki,1,20100910125026
qawqq,1,20100421131527
kr88,1,20100421135331
d83201,3,20200708153307
bjheater,3,20210203102703
az0828,1,20100423001630
macgaber,1,20100425182957
sunghc20,29,20130806092721
star77j,57,20120201100307
jhseo6,6,20120528194309
hjiyagi,1,20100426135448
sup6262,1,20100426153847
h12290,1,20100426205228
yong1830,14,20131107183915
wksrma82,1,20100427094607
lee1870540,5,20101212223430
pjinsun,4,20101126171945
ajy3400,16,20100831130055
floppy9,1,20100427202145
dharma07,1,20100428053157
nogolila,1,20100428093517
ignatmog,1,20100428094128
sun0010,3,20100430130913
jds1581,1,20100428112657
sys5928,3,20120307130204
rho21c,2,20110426172422
monocho2,1,20100429214324
najeca,16,20110716063837
samilfnc,1,20100430161302
hyun0112kr,19,20210418145712
pizza5425,3,20120103115507
dduckdori,2,20111102180735
garoora,1,20100503191053
motor583,3,20100609084232
lwolwo22,1,20100504100822
hankook2ek,1,20100504103809
uwas2947,1,20100504113428
yhb33333,7,20190711095454
rokmc0751,19,20200830220303
mustaki7,3,20160701161749
thisisthat,11,20151201144739
knowsu,1,20100504201248
kgd1148,1,20100506102924
mgsst,1,20100506145300
jhs7239,1,20100506144006
daekoun0908,1,20100506155322
namshik123,16,20120309161041
ghdi032,1,20100507112738
chae6201,23,20220801105516
haruka73,3,20100709075225
playkbj,24,20170622101000
h1946,1,20100510124033
steelboy,3,20101006130833
dladnjstjq,1,20100510152252
sang1587,11,20140106101148
ljs1254,3,20120202165317
hokilove77,2,20100511155828
qw123,1,20100511173527
78271222,1,20100512055117
gksrofud,4,20110424092638
addin,2,20110707115445
pcg5325,2,20100514124132
okshinji,1,20100512170131
j2h2008,2,20121015113835
yjs986,3,20100513091934
blue7500,4,20121210173314
wng91,1,20100513112107
ji1015wl1015,1,20100513104614
kjm00112,1,20100513152944
whdrms740,1,20100513160723
jeon2004,1,20100513160734
sjson2010,5,20130208180113
iknowbut2,2,20100514112030
gyp1031,7,20100908073731
an2go,7,20141114141205
cjsgkwp1,1,20100514175359
htenawolf,1,20100514164621
sk051,1,20100516140012
c1161shin,1,20100517092159
coroof,2,20150328182802
lysdo1,10,20110628093942
kyw12411,1,20100517132724
paku123,6,20100521201553
kh18000,55,20180402090619
magicclo,1,20100517182043
kdm4494,3,20101210094648
bnw1118,2,20100518173709
zapser,1,20100518113407
whdnrms1,35,20140514163537
sung1809,6,20100528104959
kyh1491,1,20100518201724
ghdruddl77,1,20100519035147
a2960,2,20100520095729
c21czar,1,20100519100624
jjm1208,1,20100521154404
jinsoo706,1,20100523005349
sammasa,8,20140207210800
rkdtmdgh,1,20100523032138
blue0252,1,20100523114618
shak,1,20100524130250
ckera,7,20160902071450
gunsul04,13,20131014161830
lg6721,6,20101206134802
conz,1,20100525191443
as17388,1,20100525201445
rushms,4,20100526151633
kh001,1,20100526112222
miss725,3,20140526091043
yjj0216,1,20100526173524
ha0179,3,20100621212215
nan8do,3,20100916174610
jhpak72,14,20180618135750
jjp9940,5,20160301182437
single1777,20,20180218163636
shadc,1,20100528151531
ljs2506,2,20100621161229
khkimse,4,20101215171259
in04,10,20161014144155
eterminal,34,20221222163036
kmw8841,1,20100530113300
sojoonghan2,18,20110701174002
plqaks,7,20100607110211
hydesign7,4,20100617073217
rosydawn,4,20110402113741
sh100100,2,20100601103516
park2967vr,1,20100601175542
pack31018,1,20100601200239
syc262,3,20130820011812
goyoontae,35,20140603170236
cho4255016,4,20121226160845
lhj750,42,20200408175929
kjw8897,1,20100603202917
tonyblue1,1,20100605104720
fastone2,1,20101222095746
krha1234,1,20100606185526
graylain,3,20100607140344
moolpas,1,20100607085532
hjs10205,2,20100607170238
kimyoooo,1,20100607145153
sgabga,3,20100609102237
gaja0486,1,20100609131457
david2580,7,20100716133801
wojs203,4,20100615121812
mandible,48,20230914113540
sdesd13,1,20100610153143
dongwon3954,1,20100610175414
myhl33,1,20100611174158
koy5656,1,20100611180356
abbulssa123,5,20141111112515
macsign,8,20100928071734
eogks3164,1,20100613212217
yesiman,12,20170508141049
wjdtjr2006,3,20100708161503
jinwoo2003,7,20111119151729
eod001,8,20100817133521
cjfdls007,1,20100614170112
pfauter,2,20100623183921
yangachee80,42,20250521175452
eunjinmm,4,20100616165131
kkuull,2,20100616151944
rladydals11,172,20240306004354
toughdun,6,20110219173910
choone2,1,20100618105307
steelkim77,109,20220620071450
needcar,10,20111129081227
gidongc,15,20150205162758
leekyuseab,123,20160818180835
kok8358,3,20100707142705
llllllllll,1,20100621131324
kdk3420,2,20100621124703
bbagaji,7,20140430124555
meinbxe,1,20100621160435
kimtg011,1,20100621180529
jung7302,1,20100622094803
yym1032,1,20100622225400
avr456,1,20100623150848
gwpark9409,3,20110517101007
kiker2002,5,20130524092652
uh7123,1,20100624152031
suma008,1,20100624155119
myhaha197,11,20111206101709
dlrjs8308,7,20110216105216
force919,3,20111011105227
rudcjfl83,1,20100625102158
kingpyobum,4,20100701115242
jjj3313,1,20100625171031
yhs227,15,20180411191253
naui002,1,20100627212820
luxury91,1,20100628085026
zztope5,1,20100629145343
coolzaza,1,20100629121010
phj1440,1,20100705155752
msk6327,1,20100706054944
sgtm,6,20130516160602
qm4804,12,20121025161054
dwsun,4,20100811191842
whrlgus82,1,20100701144111
ahawa88,1,20100702131803
salsinsh,17,20230226143315
osh4433,1,20100703111313
kak1110,3,20120307094920
hwj2580,9,20130122132040
msn1469,10,20150911175453
seraph7,37,20140728105656
soma3824,1,20100707131556
pumatg,2,20100707172807
koreakjp,3,20110415192940
leeshrpc,5,20100713160016
nanceo,1,20100708191138
shin3s,5,20110223124719
cyc7199,1,20100710110140
kgh0723,1,20100711235049
djrdl8437,15,20210517133753
waypgp,2,20120622130730
obluechip,12,20170310104512
dwsr89,2,20100723101543
bhchung,5,20110330171454
saad1,1,20100713113622
lob0510,1,20100713113950
papersea,1,20100714110340
iiounine,3,20100813163418
kim5271,2,20100714155336
ds3jgy,12,20110128204404
goodech,1,20100714112408
dasan1964,31,20220903141456
dudwns29,14,20191125141638
soddong,1,20100715092003
1228hys,8,20180802161547
longuman,1,20100715110045
genojj,1,20100715111918
hwto6278,9,20110630130958
drhwangs,1,20100715161001
hsc3085,2,20110528143630
skywhddnr,1,20100716133138
cdher,2,20100831132617
positic,21,20140106112124
ylhd0000,5,20101206181613
datadank,5,20100726111927
love24hh,5,20100903203821
bambooangel,18,20110523080839
wh1004,4,20130212120829
nga79,8,20111006140415
jin681,1,20100722113519
onlyjin72,242,20180315140007
jinzang1,1,20100722133141
nogis71,17,20230508205956
onryj,1,20100722155953
bjglg,1,20100725134621
shiri003,6,20110906133253
annachun,8,20110219220444
yl6685,3,20110614095232
tjgurwn1212,1,20100726234105
sunriseday,20,20171027211255
ksh8479,1,20100727134427
skarc,1,20100728074012
cool2590,1,20100728134718
kst8054,26,20140113064052
cjy1229,1,20100729094720
sss851201,1,20100729105213
swariz,5,20110118162648
exile29,3,20100809112203
rksel0,1,20100729142259
bin9277,23,20121029080252
jsunuk,6,20140902170408
bojogae78,5,20211125110229
choo1572,1,20100802155838
jude4u,1,20100802173856
likefor99,1,20100803130459
sim11312,1,20100803190125
sjt0510,1,20100805092339
parksjcj,5,20100901112153
skj02,3,20100811143400
cowboy02,2,20100805161127
purity804,6,20100812124522
lee8780,1,20100806124944
lcb3020,2,20100806142123
ILETT33,1,20100806142103
munjh74,7,20110406120442
anyoho1693,2,20100806152322
seaka7,2,20101208102617
korea7hk,2,20131123095142
regain0202,60,20170328145644
ahasi,1,20100807214250
kkarch1975,1,20100809135651
cch1983,1,20100809115341
SF1313,4,20101015115843
niajong,11,20151019125741
dlgh01,7,20130129131717
tokya,2,20100813150843
park681015,1,20110804114028
wntjddo5464,1,20100816105021
kjhst,1,20100816114342
kykbys,32,20140204104923
maro116,2,20150805091830
skros,2,20100818165457
nakyung1,3,20101011181328
jykim3000,3,20100817142051
wjd4746,1,20100817144530
doohan,1,20100817231111
lhmjj,1,20100818152656
flykhj,9,20140328155013
panda11,1,20100819162942
bigclon,1,20100819165740
KJUNI2000,33,20250104140406
hhshin2978,1,20100819223006
tjtkdtn12,2,20100824193333
kjmin,7,20140103154846
yongchan,1,20100820140345
gomul1472,4,20100821140921
landrover,2,20101021100232
arch94,1,20100821132414
impulse1092,3,20100831081434
jkb0102,17,20150725212731
ed2bb,6,20151105112923
itouch78,1,20100823131556
CN999CN,1,20100823120502
sukam,1,20100824124109
pj3036,1,20100824102643
hkm9656,2,20100825132200
joomking,1,20100824192110
mjs9508,3,20120102163157
ragekids,5,20100913115345
wsjgsi,1,20100825140859
madanga,15,20201007181903
backlim2002,3,20110201144403
gytlrdl123,6,20110304090129
jcm4333,1,20100826184202
w31335,2,20100827082508
lsk2584,4,20101012192428
coals7010,1,20100827100447
jjrbs,20,20130713151048
baragy44,1,20100829130308
enbhyco,15,20121212231256
free1577,1,20100827165809
lovetojh,1,20100830103317
tntnfltnfl,20,20220609120148
seobkok,1,20100831133633
jjong0108,1,20100831144503
jiyong0302,1,20100831154312
pencuri,1,20100831170826
ohkiyuul,1,20100901100654
koreason,2,20100910114640
ach1979,4,20130809180756
choun0071,2,20101019151902
finehy,1,20100901125838
akila99,3,20160927094001
qja978,2,20100902135944
soom,67,20250521152641
hoho22,23,20190902104107
aprilia7,1,20100903080727
jjujju6,1,20100903141519
nyu5779,1,20100903151028
kmk0037,3,20120712143118
x2446,113,20240404082709
ssmlee7,2,20100906100839
yonha1204,1,20100907124727
gate114,15,20141021235851
cgw114,3,20140306065850
skawnd78,3,20101208152739
sukeun1004,6,20120328210738
realbss,1,20100910175640
wdvrgn,9,20160428204144
rlarkdtn,1,20100911115243
73feel,20,20220427093501
sbkang216,2,20120409085442
nhs2058,8,20150808123239
samahui,6,20131224104823
eyg8211,13,20180318180036
yanus9546,1,20100914134542
welli3000,1,20100914160358
thundew,1,20100915124643
hong1514,6,20110521162314
rhksdyd1,2,20101005162812
jhl51135,2,20100917080018
dark3102,1,20100917125451
jollipda8,2,20100920110934
adwon5001,2,20100922180549
choinho31,10,20121101132412
ldgspp,1,20100920151527
9p4210,17,20140311155813
themarine880,1,20100925101230
aimhigh,1,20100925113805
khnam2920,5,20110114104943
chyuns65,5,20210215171304
ceoyun78,1,20100927225543
aniteo,90,20150417082536
pama1014,1,20100929110718
yiu8888,1,20100929141707
hgbae2003,5,20121019115308
glory3070,1,20100929162131
cidkorea,13,20220310020322
su861110,4,20110526114043
ryugs6,2,20131213103341
qorentks4414,1,20101002095410
yabess4375,3,20150107091441
idview,1,20101002112123
kys610357,19,20230130115727
cap0808,26,20180327224716
acedrone,4,20181008150828
noppinalja,1,20101004103154
shs4900,3,20121224155701
llbshll,1,20101004122603
gkdldpsk2006,1,20101004205337
rnrhsxm,6,20131106010903
tkaghrjsdjq,11,20120629084403
famcd,3,20110228160802
kjm5789,1,20101006142338
kyuni82,1,20101007164447
hyojoong0427,3,20101128235959
asd302010,1,20101008122345
uyc6817,3,20121026101220
h6690328,7,20151224152029
ojsu4967,3,20101011195353
pkh0608,46,20211230111755
patio,4,20120227170201
mmm2970,1,20101011113635
sungjin5322,1,20101011121933
tpgh27,4,20121204165001
95obs,5,20110524115658
highrancer,2,20101012151901
ccamacho,116,20190109155041
gytjdcjfrkd,3,20120221080852
sh3503,15,20120218111621
roscal,1,20101013174147
snsug,3,20101021112310
wish01,3,20120724170838
kmcmomo,4,20110404174456
breakradio,1,20101015095656
goodluke,2,20130220162120
hy640804,1,20101015181443
humanlsi,4,20170221160949
hchs2643,1,20101016153021
ayb70000,4,20120531105434
gagori201,18,20140410201031
hj1318,1,20101018131557
kirae528,5,20130319125431
dlgudtjr8282,1,20101020120012
ilsoadj52,6,20101130073501
kmn7308,1,20101021094427
kns4811,1,20101021133415
ehdgus45,8,20110113184654
ykktom2002,4,20110404132905
5hamma,1,20101022145158
camring,1,20101023131001
eng2100,17,20220314154205
wogudsnla,2,20101024231643
owooww,1,20101023215202
sangeun6710,7,20101206014853
kyi57,32,20211021095218
aguji2,1,20101025110624
mss4996,8,20210106213046
kej250,24,20210623160122
jinu80,1,20101026102353
k6171,4,20131007164117
tslee10,2,20150121160000
dleofhd,2,20101028093730
dragonbyb,2,20101028130647
junwoo0081,6,20120612135106
ibuy,1,20101028123331
sinjong333,10,20131209115851
sansam30,3,20101212165839
rlatns0120,9,20111031113310
cy222,31,20160604151519
bluecatseye,1,20111219121136
k2h1010,8,20101213170155
qazx7788,8,20101207102850
gusaneng,2,20110312133746
dtkim628,1,20101029175454
ytslucky,4,20220427150320
we2772,2,20101103104905
ok5686,2,20101101155753
perfect,1,20101101135951
psw7022,1,20101101163141
sungky0123,1,20101102130751
kjpp2432,2,20101125150736
ahnsangjin,4,20101222095627
kbackhoe,2,20111130092303
korea113,5,20110402200316
nohsan,7,20120323005131
yjk0211,1,20101104155211
kjo111,2,20101204152215
pinches,17,20191111153655
ysj1019,10,20110618223222
lds393704,3,20110205230353
cws1113,2,20101106143459
lij4391,1,20101106151253
yznm,3,20120322121114
bombbi,14,20220216102641
21sangsu,70,20210416075842
shs0009,1,20101109115236
chcho4456,1,20101108203515
omega10,3,20140205115726
dokiidog,1,20101109233709
kth982201,2,20101115213639
bbaawwoo,1,20101111095254
hyeon010,1,20101111105923
bass0239,2,20110524150242
coramde1,1,20101111165122
pgl1004,9,20120103183902
answing,1,20101112093528
phszip,5,20110728164512
yea3489,1,20101112110953
gh7457,1,20101115092418
wpcokr,34,20231229135708
naengmyun,1,20101112132502
e18noma2,1,20101115144731
rokafk47,22,20130210191014
ds5kpn,5,20101222213420
aaaqqq22,1,20101115224009
zhtmvm,5,20101117162531
bbaggom,6,20110517115252
sujin4125,45,20131016105854
sson6653,1,20101117095020
poseidon1201,3,20101212092209
wwitch1,1,20101119045800
jcsik072,1,20101122143359
kim8045,1,20101123113233
hanwook7,1,20101122151647
choi9998,94,20160826100617
kimbk0522,3,20101209085106
porscheag100,2,20101124083355
dltkdwo007,1,20101123201021
rgj2000,3,20110209145747
nicedg,7,20220523125216
clean8281,11,20121218131641
sky6544,2,20110527151259
hs0440,22,20120402131153
pr7007,10,20180423112414
sjw0421,1,20101127114138
endloven,3,20101130212923
kkahee,6,20101206122442
ojj6812,56,20150109083414
smc0361,104,20150605091119
chsun7112,2,20101130105836
sss8741,52,20150604184819
justone82,1,20101130185111
qwer1234,1,20101130211322
psycho2992,15,20131202141353
step8911,1,20101201144355
iy572,3,20101213155245
sink6900,12,20120511103034
kkh5052,14,20220207093125
kbk302,1,20101203145942
ndteng,1,20101203165738
kuei3414,6,20150915223515
lovereill,1,20101204204217
gold,3,20110808152447
ggk333,2,20101211133654
jeon1872,9,20130611143905
wkd7478,1,20101206185002
lim202,1,20101206173700
bools20,1,20101207124402
loverefill,84,20221103104015
parao22,1,20101207164640
ggomy99,7,20101229122323
saekdarn,1,20101208113433
tkdlzy,1,20101209204655
asas6769,2,20101208134407
jinseo63,1,20101208134044
lcm1021,15,20160910184901
rlagytjd84,2,20101210143440
clef,1,20101210131933
wooju2253,1,20101211163802
asdf1381,1,20101210155222
ninja1129,3,20110830161855
qjrgudska,17,20110401051840
ces4912,1,20101213163000
59hch,3,20110223105948
ukyumi,3,20150907155359
topad98,2,20101215110930
james889,3,20110328104102
today75,34,20180824135239
kbiman,3,20101214181515
likedicon,2,20110228173707
assariyea,3,20110412092056
123456,4,20110512100425
woolison,8,20210818151131
jbj0620,1,20101215165704
nason1004,2,20190816134513
stopeople,2,20101231130459
sg0443,2,20101217164309
maki11,1,20101217143106
ksk9301,14,20160709121727
ktk6800,4,20200331174908
smawoo0037,1,20101220095755
jnw8206,1,20101220125010
jung11212000,5,20130322174037
ldyland,4,20110110102853
vkfvkf55,1,20101220133358
gudrnjs11,1,20101220175724
kbd7312,26,20170821142416
sin0074,6,20131021171250
mind78,1,20101222120624
won218,19,20150204162159
csk81,2,20110113113153
felixj,6,20240215152436
kij1988,2,20131224111536
jaja72,5,20111013131054
dkdllin,1,20101222185733
raemiin,6,20110722100154
jjbyjba9,24,20150318161925
smsjh2,10,20120210111723
kwh1582,1,20101224005640
dh3836,2,20101224131315
yk7545,2,20101224142138
lds1230,1,20101224164214
good6462,1,20101227101725
wealth,1,20101227131759
ggokjji,2,20131212122314
sapal63102,3,20110225143133
tajinida,1,20101227160216
this8922,2,20101227173934
arena76,2,20101229160757
jolee112,3,20110112115803
bjs0746,4,20110713095709
popororo,1,20101231091936
msroom171,1,20101231120939
leeyk21c,15,20200729151209
junhee6036,5,20121209092655
ddh6397,5,20110831195952
6608jo,40,20140410080252
bangyeh,1,20110103165424
bal528,17,20160211075218
area000,4,20190628091208
yunbh0407,7,20110324175607
junh76,14,20110315162520
cbk105,1,20110104173443
earthstar,2,20110105184754
lhh6944,17,20120618110335
jungmy01,7,20120716193053
jh1052kh,1,20110105084516
david83hwang,1,20110105100652
baewooht,6,20150115150743
wooky2006,25,20150311103206
jungchuri,3,20110106172038
khjkhj0828,2,20110105204336
jsk1998,8,20120706084558
ksjun0301,1,20110106111528
sonta10,4,20120208101636
skawkra,2,20120103130351
guylk9,1,20110106150324
smizzr,1,20110106172135
royalar,3,20110517140918
boys5204,1,20110107122538
sonky0727,1,20110107133345
kkk2335,1,20110107160429
boosisi,11,20120102164823
j0473,1,20110110111523
gksdud77,1,20110108095606
amigored21,1,20110108110310
udttr,5,20110114083406
sscc1210,4,20110926165414
gil0930,2,20110113122200
khmoon77,2,20110117163153
gaedae,2,20110111125749
eunho0511,2,20120128154129
youmoosun,2,20110111162250
emi302,1,20110111200737
buy2222,1,20110112090012
r4r4r4,9,20130606094447
lee9541,1,20110112133451
hlincor0607,3,20110615143035
aza454,5,20110214082820
gyqls777,4,20110303192427
kwhee9,1,20110113092503
haigon58,7,20130213190533
tdtdtdson,25,20110613115445
udttr0482,1,20110113114031
tgfgdg,3,20110928144316
wjs3420,2,20110113150241
ljmlgs,1,20110113162813
oh5893,2,20110411133806
sang6411,7,20110128110141
kim683,1,20110114203133
qhdwn0433,1,20110115102910
jcpp6829,1,20110115103235
woosu21,1,20110115125246
si6135,8,20140702100315
auto11971,1,20110115163812
8504,1,20110115164521
lej4759,1,20110115165903
sdeng,4,20190402065411
kumodo,10,20130426190012
goqud836,1,20110117143410
young3man,21,20150427230344
wjddidrms,7,20110207172843
kj8261,2,20110216085530
teresso32,31,20140619144100
hsw1188,18,20230331074817
sjstk,1,20110118123433
perquint,1,20110118130809
ruby072109,4,20130219132640
aamen14,1,20110118142550
y2k0318,8,20120908144431
ktjdwls,1,20110118172127
ddkang,2,20110516172448
rlatnslaskfk,1,20110119135447
yss4320,3,20110207100741
con1756,35,20250127102415
9051004,8,20130111131241
rlawjdxo12,2,20120910164306
tepcon,4,20120917110148
ij5225,4,20110214141014
schggg,3,20110212174730
neo2610,40,20170515142152
kwjyyy,1,20110121100652
jbmi77,1,20110121104735
hcu90,147,20230515164512
kyi4765,44,20230504142500
shrkek7,1,20110121193938
civil0813,1,20110122122748
thqkdtj1,5,20130816073618
hiwsik70,2,20110124171603
megibess,1,20110124230817
yantaa,1,20110125140411
gdj769,2,20110125105607
gene90,4,20110208163319
tovedesign,1,20110125140859
kim1704s,1,20110125152128
indywork,1,20110125154948
topjuil,52,20250624140824
jjj8465,2,20110128164227
khmiscool,1,20110126121337
jinacho021,2,20110126155901
eocjs7924,4,20110314101258
no1link,2,20110128162217
sbsultra,19,20110413083133
2316rokcp20,2,20110126164108
kas3800,18,20210503154222
diony100,5,20110321115224
ljww6602,1,20110126200945
fa5975,59,20140820175735
wmhhdjwc,1,20110127133651
m5204,8,20120103170402
painhbk,6,20110328184637
life4704,4,20110211094543
victorinox,3,20110216151954
psc0209,6,20130510100329
jpc225,21,20170203094437
mch1410,3,20130228195800
ccs3190,1,20110129094155
kk9392,6,20180605113800
steel1515,85,20201224161406
kjg1964kr,1,20110129134043
okgood7,13,20161218111530
bangjo0502,1,20110131114311
wks0217,1,20110131125702
jco5070,7,20130515102410
choi870619,1,20110131184223
wksrmasodur0,1,20110201061040
ksy1011,1,20110201131749
kbg1966,18,20150207142023
gemini59,1,20110206071731
09kns,6,20191007160933
gosdon,1,20110206211449
royal9931,1,20110206232536
jasty,2,20120731132938
phil89,34,20140505201953
hung1210,2,20110212110306
sangho9149,1,20110207112247
bjs0177,4,20130117144941
seapark7,4,20110212101600
free3138,1,20110208095534
mj3488,10,20140515135428
king1012,1,20110208114434
tyko62,1,20110208115609
cookj76,1,20110208144504
kiweon64,1,20110208160504
kyona,4,20110214105021
unixmen,1,20110208180428
feelnine,1,20110209080421
imseed,1,20110209112201
tandoory,1,20110209160551
mgri,31,20160415150909
kan1500,21,20230414112127
jeejee79,1,20110210102043
gmrvndrjaror,2,20110404175439
kch14720,38,20150619091612
dgsa21kr,1,20110210155754
starmong,24,20130403080542
ksms96,1,20110211110342
limtee,22,20210319165502
leebg70,1,20110211161041
dog1987,5,20110701121240
joungmin4856,2,20110516191825
kmyang0724,64,20250723170048
honey116,1,20110213104702
uhpson,3,20110217160932
bebespeed,1,20110213193238
archilab,1,20110214102717
hanbari,3,20110812095220
hayunjj,3,20110303124646
pink0310,1,20110214121349
damasmt,2,20120625120422
jb6938,14,20170118130203
njc0920,2,20120105154921
aki5867,34,20170424113348
ksk6060,6,20131014195118
toto3167,3,20110415175806
aq0125,3,20250707161331
koalla201,5,20120113100531
air0978,11,20120210101505
changyeon,1,20110215133102
jjp2302,1,20110215162142
fkind,23,20211016091137
dmfwl5070,1,20110215202246
coramdeo58,1,20110216091858
sssss1,1,20110216134318
asadal8110,1,20110216234707
ciperj1,1,20110217102814
ick72,18,20150818084829
jas7248,1,20110217155240
trinity0191,49,20160506171253
bmhpro,4,20110225094204
seumcon,4,20110722211736
kangsink,1,20110221155710
ytr654,2,20110218134622
bbchang,1,20110218132405
chowang1,1,20110218164134
asmvpw,1,20110218183335
ldwdream,5,20110422215829
chocle66,1,20110219132115
hanam753,1,20110219143035
keh7518,15,20110420200238
gumutiti,2,20120208195343
dspark21,59,20160204143824
zikine,49,20220609111935
hysuu,15,20210708131101
seonha62,2,20111224160325
jtkoo52,3,20120424175904
oopsneda,3,20160623175718
bird2200,1,20110222101251
sang9527,5,20140522083829
zhffk69,10,20130924010709
lkitaek,10,20121107135627
kji3100,2,20140606063119
lcb5870,16,20110704113809
PRO2920,3,20131014140629
rkdanwns,3,20110224132521
futurewjb,19,20150402072000
ohryongk,6,20110718110658
yeonig3,9,20130412123547
woof990,1,20110223140233
edwardbach,3,20110404093455
hajud,16,20200122110406
hmg5510,13,20210831113247
cacophen,14,20140319094147
kyk0708,1,20110223194839
jsi2984,1,20110223214843
cbistar,2,20130822090343
smartauto,1,20110224141737
youkjm,3,20160430131702
hdp9938,1,20110224213536
park2835,1,20110225100747
alrod82,2,20110228105535
mhan0531,2,20120211174037
cs21soo,2,20110314154038
kwh6769,25,20120720143503
bsm0607,1,20110226193511
marine695,39,20210322105452
soug6872,37,20160601093224
yjn0307,1,20110227132116
ryck1125,2,20110228101109
kskh85,1,20110228072724
k9442725,1,20110228094143
aksrud222,2,20190824093826
pacscool,2,20110425104322
sogkr,5,20140402035148
rumble3,5,20220310182218
kimdgu,1,20110301100105
can0812,5,20140220110523
khd3211,1,20110301170556
kijd0910,2,20110301182026
khs2830,1,20110302114150
ryu278,1,20110302121627
sinji79,12,20150506175740
ASG3232,1,20110302162324
navigate53,8,20130205115608
money0073,1,20110303172650
signaloff,13,20121107105035
wy5757,3,20160927124459
higherdior,6,20110726091511
woowoo,1,20110304131559
barc,1,20110304135424
yhgene,24,20120707114814
hanwoaini,13,20190623145329
cjhuny,4,20150101190327
ehddydtjd,1,20110305094737
sh0443,16,20130308085312
hj7904,1,20110306133616
oneid,4,20110407090000
zmfsik,2,20110531161007
hb33033,4,20111121155517
w0322,1,20110307172318
deeply99,1,20110307181039
enjoy1105m,1,20110308113445
pjca8339,1,20110308113453
junghop,4,20110323104331
qkrtpdyd,1,20110308133524
calerina,1,20110308134220
srmb333,2,20110309131052
skagud2001,4,20120103122003
suk60kr,5,20160405205532
yu7354,2,20110601115638
goldenlamp,35,20181219174228
ndansepo,1,20110310091515
zero10000,4,20120611120503
jdw4045,9,20110401223921
ljack,54,20181105113415
agioman,1,20110311110232
hanju777,2,20110311142948
jhhoon70,47,20180501144132
land5250,1,20110311144925
strangergo,1,20110311150451
salange,19,20121023210948
s3443,3,20240423091048
jenita007,1,20110312214033
berlin00,3,20140308164906
ppbyh,1,20110314100204
nurigroup,1,20110314103847
khj05088,3,20140415174917
kimjun30,6,20120425023737
mobumkim,2,20120421124007
tangaaa,5,20111028173501
ljwkja,1,20110315103825
bbogri998,1,20110315110439
hyo1065,70,20201020085631
cbc0070,3,20110329092839
lee007sun,1,20110315140149
bci0013,1,20110315231522
kooxism,1,20110316100325
dry2030,1,20110316101513
kyjj1124,2,20110522124119
kidchoosee,12,20120803180227
ajh4620,2,20110316213742
chs70,2,20110316145032
2527782,2,20110516211614
myungtaemh,3,20110317234220
modo124,3,20110503091730
dongmi82,5,20110411143037
ehpark,3,20120627141230
foru7x,2,20120515100129
iriver99,1,20110317153140
yaho1tal,1,20110317180752
k2k77,32,20140712110213
ekzmsp,1,20110318130608
sbc7899,5,20110722183313
kjh0754,1,20110319095024
conanhaha,2,20110320130052
hyeon0209,5,20141016145826
zetli,1,20110321082543
sooandi1966,7,20110527073712
hsc6055,2,20110411173256
ohykms,22,20131223083359
kjlove007,1,20110321121802
cig2113,2,20110321183111
pboleson,41,20140108112426
kma030,3,20110422143326
mawoonteen,1,20110322100657
zions2000,7,20130617161617
dhjs11,4,20110323164334
jj3632,1,20110322144820
pmmsok,60,20121011101834
happify8,1,20110323102203
dal189,2,20130125204338
iesd,1,20110323145853
huhjongdo,5,20130820081331
kmpapa35,1,20110324151239
eeno0714,1,20110324105326
njs5826,1,20110324162052
lsy6803,1,20110324202726
cjf21,1,20110325102834
limjs0928,8,20150706105023
a880367,1,20110325104115
nh6205,5,20110924212300
kkkdyou,5,20121031110337
zeronixer,1,20110325222625
lee1966,3,20140115205443
eco0716,1,20110326135746
feel7905,1,20110326192657
inflation7,1,20110328071703
qkrrhksduf,1,20110328091252
llelpg,4,20110415121747
hsn2514,14,20170721101246
wkatn1090,1,20110328171228
lsn4369,1,20110328172044
m11141,2,20110329133432
cmk5600,1,20110329153117
whsj2001,6,20111219132110
sk8082,1,20110330001659
urimanie,3,20110401171447
jang4768,1,20110330155620
pml5879,1,20110330133337
jheil00,15,20170704141657
rlatkddls,1,20110330162101
jigukhs,1,20110331140633
jinbu8003,1,20110331153448
kostya,1,20110331160242
topadh,3,20111129102751
kim032,10,20111125113506
kabbbabb,1,20110331183345
minkimsky,3,20241015095817
cgn3453,1,20110401133217
clicmaru,1,20110401143840
lejben,2,20110404092004
debt20,4,20120904152308
pkskkh,8,20170501212503
tgtg2211,1,20110402165108
skfkdenfl,1,20110404092737
sf5119,1,20110404095532
mileshomes,1,20110405091335
xyz1020,10,20121221151704
rkdaksdhr,1,20110404181327
kook942,2,20110405110226
jkhc777,1,20110405141156
hyon68,25,20190207113310
rare799,5,20110524180032
ljw0525,1,20110405113201
fb4236,15,20170301075530
ppopo08,1,20110405144730
hatzini,6,20140328150712
sound87,1,20110405170755
bike3,5,20110828162537
san6789,11,20130222111636
ddanggry,1,20110406104458
plan1782,2,20130417183737
ga6301,4,20130129114132
ljun6425,1,20110407095004
chany75,17,20141014104428
jhk2129,7,20130416175215
vinch70,11,20170325175510
ykj8413,1,20110407214442
4790683,6,20120221082618
hnh5241,4,20110419140737
kh2182,1,20110409212301
subin0928,12,20210603122020
dong7167,1,20110411103134
lsg0317,2,20110411131258
ilgigi,15,20140204083335
rkdxotlr,1,20110419170527
parkjt08,36,20221102231554
p208506,2,20121017113304
hcs3233,1,20110412102433
stonedagari,1,20110412113519
kdhbang,6,20150710094107
pskk1212,1,20110412150902
dbhousing,1,20110412181614
kangk2002,1,20110412171341
park6704,2,20110518100029
dasol7799,1,20110413112454
tlqkfrmwl,26,20190902140818
zxcv3121,2,20110716091255
jsr3434,2,20110927182636
west72,1,20110414134712
apehwang,5,20110426081229
shimtong3,4,20130819101851
gkagytlr,44,20170816200706
huanxi4650,3,20121008210118
minali201,4,20241018160307
gi5029,8,20120620103501
jtw0037,1,20110414232145
yim321,2,20110415025348
hoon8589,4,20110823094451
paiks00,19,20110808175636
sblee00kr,2,20110415130237
joy030girl,1,20110415214100
hgoun2106,3,20140127174243
true0441,3,20150304150235
fusionjazz,4,20140729111401
jaerico,1,20110419134828
skk121317,1,20110419031738
badjs,1,20110420102835
plus7,1,20110420105612
suna1233,8,20110511100335
steel45,1,20110420135440
lee9100,163,20161027135743
ojk1000,1,20110421132021
jsc662000,1,20110422091858
ksi09222002,58,20221010104934
jw80111,3,20110422173045
micro620,1,20110422135059
sadwave12,46,20200624155819
yetokim,2,20110423130524
comsun,5,20110615170229
yoghurt401,3,20110506172744
jinyounghop,3,20130313095905
tmdgk98,4,20110428100805
k635,19,20180616170235
kyd0153,1,20110425145854
howard28,3,20110426133203
fd1150,1,20110426085529
han135537,23,20130615103052
ggskos,2,20110426143818
dg7924,9,20110720075741
alexfor,20,20140603104428
tjs7771129,46,20220501053734
daniel605,1,20110427092637
santape1111,2,20141129162340
leems3467,10,20130820214020
ethnic,2,20110512102158
gywjdwn,6,20210511092622
lk4555,2,20180806122202
jspark,1,20110428120852
adultbj,2,20110607110517
imkiky,20,20240806151447
sin7595,2,20110429143333
kbk7245,19,20130709134840
parkjmjm,1,20110502091438
innocent99,7,20150107185501
okwp85k,1,20110502112900
kds0634,1,20110502132029
ssm222,3,20110506100248
dudtjrqkd,4,20140502075515
uoipe00,3,20110919180609
lecobioeng,2,20110503131732
tenpromi,1,20110503151259
soo2099,7,20140425194029
cheonji0107,5,20190513213031
forkman2001,1,20110504162635
chj580,11,20210525204352
pyobeom,1,20110506100645
rodine,1,20110506115437
tjdcltn,69,20150815091515
pds9528,2,20110509162353
ahaladi,1,20110509135624
jky6469,1,20110509163230
hangil,5,20111125075524
protech1,1,20110510140747
yj883,1,20110510112603
anggco,1,20110510172035
gustlr01,1,20110510173349
kangdw11,1,20110511101233
jk8686,1,20110511103813
jjhg1,1,20110511123002
han611226,1,20110511200422
dp5757,2,20110512105126
bs9750,1,20110512173200
halcyonian,3,20150904143818
zepp99,2,20110524144855
dongwooalt,4,20110516100909
goocho,14,20141128121939
msl7949,34,20170110174757
tkfkd,1,20110513131957
bae9078,7,20130313093023
bh7107,2,20110514133102
dnel92,1,20110515172232
sskook11,1,20110516090403
kys2916,1,20110516095439
jungyw55,3,20130108112556
enclfdl,6,20120405111713
ttbnwp,4,20110609163154
ssamee,1,20110517113854
sesil123,2,20111124104901
eptlqpf,2,20110517153240
luv0philter,1,20110518083109
funxury,1,20110518092420
expendable,1,20110518124827
yu671116,1,20110518152027
kwyiii,7,20110613105906
areare604,1,20110518154626
nojib,1,20110518180347
ko0000,2,20110825102552
dwchoi,4,20110527205609
opop3034,2,20110610140633
korhs0808,3,20120717155917
kck20776,1,20110520132239
kimdl05,9,20120703103732
ksmknight,1,20110520171544
kjw3290,4,20111021184853
htksk,1,20110521095637
dmstj7188,13,20120227190131
yse3006,1,20110523143601
bluescreen77,4,20130624190518
ljhyo0510,1,20110523145237
dhbrain,1,20110523161547
ejaeyeol,3,20110921105826
dkrdkfl,3,20111006101944
troy0512,17,20120607112525
hjhioi,1,20110524131530
gaggag88,1,20110524171522
jssj1600,8,20130117122301
spikefaye,1,20110525144711
edc2464,1,20110525160944
sad9819,16,20131126112216
cfstr,18,20200814093224
jeon0825,12,20250514103628
tjddnjs9096,3,20150113151021
eturboc4,1,20110530100447
yumyum,191,20241118142347
eui5603,3,20120907181955
artbang,1,20110531112000
kyc0406,4,20120829150447
heychzh,2,20110531172106
focerman1,2,20110614184250
csc0221,1,20110601190105
lhwook,1,20110603112242
cswv84,1,20110603172346
j550116,5,20151215125651
shamash88,1,20110604213148
cth305,1,20110605141732
spear103,10,20130504091926
songkl123,1,20110606164004
duhwan,1,20110607014517
bjhtch,4,20181212115248
kauli,4,20110612233902
ycbadboy,28,20141030234202
silver0569,1,20110608162905
minjoob,5,20110609180534
yoni85,13,20110704182125
knh4902,46,20161117100540
polk19,6,20110614223851
jun6461,3,20110711114411
ojh5623,4,20110825201859
wodudqkr15,1,20110611095532
scar86,1,20110611122731
minu1467,1,20110612125850
ki0424,1,20110613122512
bliss0235,4,20110803085503
kim1000,2,20120502111513
jshgazet,4,20110614154830
papa10v2,2,20110811163325
hihi5004,13,20131111112021
hhj6227,1,20110614073208
liebea0613,10,20170925091851
reddog7,1,20110614091942
hyeonjae1974,3,20110615110826
john1202,1,20110614095922
jyjkyk19,2,20110614153203
wgss4,7,20130817170922
allth,2,20110621075924
yks6465,4,20120423083619
eapt894,3,20110616113155
sinsact1,1,20110616111548
8257kkj,6,20130516222045
aeim1234,1,20110616155122
gnxla2,1,20110617020512
nhr6401c,1,20110617090253
pdcrub,199,20250722141601
y0109s,4,20160614134804
h7729717,2,20120307163459
minhop1,1,20110617130902
kt3725945,2,20110618182708
imf3739,1,20110617171415
mainsystem,9,20121211095408
todayplus,5,20110920094918
kensaebuk,4,20130424104840
chung3232,1,20110619175943
bjh1020,15,20150625213604
lovejm1,16,20201228142851
agape72,6,20120130153849
yalgae0,7,20180710111325
msk071777,10,20110808171956
nba1007,1,20110621220617
suwon963,2,20110622133218
eunhai89,1,20110622090837
sujen0312,4,20111115111038
airokh,2,20110623171412
harin66,3,20110623114227
sky41y,1,20110623095246
deper2020,4,20160316062046
coco8948,8,20111121104843
hongki1030,1,20110623173005
dkfqka70,1,20110624101336
kent7485,6,20220607121025
izone0316,8,20150814143856
eve2923,3,20131223181534
qorghk100,1,20110624152649
leem4745,1,20110625111217
whskawns58,2,20110625144425
wndnjs2207,11,20120224175159
woo120,1,20110627122947
ryu843,1,20110627135504
spiritjh,3,20120731173149
killburn77,15,20170922112418
dotting,7,20160130032654
dumbung,1,20110628093429
parkcj6,1,20110628122834
hippoman,8,20121206172000
sjd928,7,20111006121029
yj3823,2,20130220120956
os5292,2,20120127133452
hwata1,1,20110629150449
kce1419,1,20110629162610
1212lid,1,20110629201408
ksungk,1,20110630170524
mchansu,60,20210324160927
phju2518,7,20131206150608
sbkj5,2,20110705152850
honol38,5,20110820075111
otm0193,33,20220301110826
cck0515,1,20110801095219
mychl1004,1,20110701162454
cmss9511,3,20110831131540
asue00,5,20180116104712
dbsdud0704,1,20110703100558
grave51,2,20110703160125
okr1492,1,20110703154227
ymge0605,1,20110703180042
sharp3cho,27,20160120093531
habr2006217,12,20121031051209
saminsan,1,20110705150919
leeminsun3,43,20250124105554
byc5208,1,20110706120643
sryang,3,20130105140718
2032lys,4,20221216152142
lkhsky605,1,20110706150950
phs0950,2,20110720133419
kimyb,4,20140626075305
ghksgml,2,20110708213008
ad4men,5,20140612160924
bae5802,10,20120529162730
lbw3377,2,20110710225819
junoara,3,20190412121507
art6972,2,20110710120107
twosides,1,20110711024121
cct002,1,20110711112247
tangame,2,20110714115451
gnxintl,2,20110712165144
rkd56,2,20110712093200
yussteel,2,20111008100021
nes1023,1,20110711152831
o5bin,5,20120820150007
bhjo480,1,20110712125127
joodesign,10,20151026150223
shinssam,2,20110816173906
khs18,3,20120318171112
nudigile,7,20110729165714
dbsxoxo,1,20110713094253
yyhwkk,1,20110713101739
bbbb2011,11,20210505163710
multae,1,20110713124913
sjiha180,2,20120906162018
asim805,1,20110714115419
jg2lim,1,20110714130730
cnd0630,9,20140403163005
elitager,2,20110715085608
kimys2304,4,20111219083220
bigbell38,1,20110715143816
sj09252000,1,20110715152039
r2leaders,15,20140623092324
yyh7069,18,20210122120845
cac21c,6,20180324072039
top1831,6,20190503102558
k1789,3,20140724221349
takeoff22,1,20110718172153
hhu2842,1,20110718225743
jkkk77,3,20130516223748
mrlek76,8,20120604173514
y3394416,2,20110719160710
harim7777,1,20110720095909
ces2834,3,20110816114547
kwak5225,2,20120103101018
cong68,3,20110720175303
wjd4569,5,20120125112429
rlsls,1,20110721082417
ncs8583,3,20110721101528
bsrnd,2,20110725125806
pswlo,1,20110721171043
lim1056,1,20110721174312
mankkk,1,20110721201959
jusin6809,4,20110801150619
luffy01,1,20110725085849
lee3m1862,1,20110725141618
joelee903,14,20151216215412
ekrmaqkfl,1,20110726095852
yong9980,2,20110913130037
motsala,1,20110727121239
psi00,9,20111214103000
jsh2127,1,20110728092922
badboot,1,20110728093542
affluence9,1,20110728100355
aodlf1001,2,20200417102909
meari,1,20110728113237
dongwonst,3,20110806102111
sij6328,3,20110803101857
oska2811,1,20110728173737
honghhh,12,20160630175513
qaqawsz,1,20110729112035
age0801,1,20110729165536
ppp1205,1,20110729171808
ching510,15,20190209150231
BAEG7778,1,20110801140224
kkpyo66,10,20121025100853
eunungkim,1,20110801165324
outsea,1,20110802093622
dona2033,7,20170626093913
ds4pde,2,20120124230637
loveink,16,20121211181324
han8119,16,20111208234041
dud0295,2,20110803113008
gildong06,2,20130122093043
gkfn,2,20180423135240
lazzetti,1,20110803150753
dhgs2000,14,20160228125016
ds5dse,4,20140325210726
CHUNHA,3,20110808094936
euyhwan,3,20110804185842
acecjj,1,20110803204850
sd9707,36,20160527155823
wlfltks,1,20110804144942
kimdongguck,1,20110804173319
dolmong85,1,20110805150826
sky7171,3,20120203133121
bjw9464,2,20140316161748
anscnstjs,13,20140503134530
qkrwodn1212,1,20110808092103
yobe0414,1,20110808100403
cc3umate,1,20110808114644
tutllelee,1,20110808201440
dc6205,1,20110808164324
akrso354,1,20110808171936
yongbam,1,20110809133144
ssk2857,3,20120216112741
ipne0522,1,20110809160917
tmxlfdkxm,1,20110809203650
rose8788,1,20110810104016
mabeach,6,20110923091655
udu0115,4,20140403233008
dfg587,3,20140607172102
kwhjks,10,20141020152606
hansol,2,20111007095837
zerodd33,1,20110811201635
sudal330,5,20140704150952
ansi007,1,20110812135344
gajatop,1,20110814140542
ppjs7753,1,20110815091012
ksec0909,6,20110830145039
ksuppcts,2,20110819002345
gwhan2002,1,20110816095911
sjlcd,1,20110816134918
atm0,35,20200103132028
york452536,3,20111221105020
t4550,2,20110831132455
sanggoo429,1,20110818135758
ehotl68,1,20110818142626
dns6207,1,20110819145254
morelo1112,1,20110820172915
godoree55,1,20110821141334
threetec,6,20150924234454
heyonp,2,20110906223104
jsm0351,7,20110824053953
babo4972,55,20230107092154
skehdirksek1,7,20111014070528
ahbai2,1,20110822150821
tw0414,1,20110822151322
sdream99,8,20110929094127
ckfid79,4,20120110121355
sky20026,2,20110823120907
daechan,1,20110823125555
a9647b,8,20130508113456
kaiserpr,1,20110823152412
aju1773,2,20150308123216
gogomsh,3,20130901225247
kim4134,1,20110824093928
solkr1,2,20120808123321
ssu012,49,20180118115637
enittas,1,20110825161643
rokafkdh,16,20150805012329
3366,3,20120511164800
sky5297,1,20110825213639
121015,1,20110826092957
pjmlove75,3,20111012155314
cjusj,20,20210730094445
scomo,1,20110826171928
ckim1570,4,20110829141926
xlaws123,1,20110827183412
sws65kr,6,20111014184128
pcdigital,1,20110829172615
oil1098,2,20110830155718
pilot17,11,20170222113222
utilut,1,20110830145107
yjm1020,2,20110830160554
4268mnb,1,20110830160013
ghornl,1,20110830180248
pseowkd,1,20110831112139
homefinder,1,20110901094619
jaeng2vision,1,20110901230847
cjdfo486,2,20110902110122
jsjoung2,2,20110902160326
1046514,4,20220608110845
chy365,2,20120427151044
med23,3,20121226092331
asdfg7302,6,20140626151440
pjs1972,5,20111108130948
sibizangi,2,20110906154813
jtoyoung,1,20110906170349
holyeng,1,20110907092532
chosh0877,1,20110907134322
sw0424,1,20110907104111
rhtn1919,14,20130514060502
sybshim,2,20120222080046
yunheahea,1,20110908183840
esctab1,20,20141213062150
dla0025,31,20180219171045
chunhajeil,1,20110909152618
hh6000,5,20120821232011
choiyoi,5,20121218173347
busang68,3,20110914121934
posuk52,5,20111007081516
ntkb,1,20110914123717
gonanuri,1,20110914170251
hl4hms,7,20121201110846
suedesmiths,10,20120116145347
ttr9595,2,20110919064213
bulls290,1,20110915114034
flexn,2,20110915122810
tlsskfkatoy,2,20110915140957
SYI9111,3,20120201121638
011jinhee,1,20110915150347
defzin,16,20170215163143
chopilsalki,1,20110916102421
gyoung01,2,20110923174151
mhw6076,2,20110919233119
hanpunch,4,20180830094153
hshak0212,1,20110917110311
dlfkalsdk,1,20110917110740
ykc21,16,20150402141008
ch5081,2,20110919235318
ssi25,3,20140227104710
lshcaa,2,20220315102646
kun0209,2,20110920005412
luckydhl,4,20120416161641
jacl55,2,20130707213636
zizibe0429,1,20110920082750
ncjung,1,20110920160948
dhoh1324,1,20110920174834
pponco,3,20150313075711
logixpen,2,20110921113932
greenspo,5,20111125180555
lwh68,1,20110921130658
1004kfc,5,20150804233426
yjl4194,3,20110925072547
corea711,1,20110922181127
rlagkdtnf1,12,20111231081907
yune68q,1,20110923033939
KORAH000,1,20110923093645
21opus,3,20120303171326
holian,14,20190122083934
jun7704,8,20121031100631
pj2402,4,20110923162923
apple2581,2,20110926085446
side707,2,20110924103743
cskang1234,2,20110927171758
mg8572,13,20140101180202
hyunsam33,2,20120628152803
eun12518,1,20110926184156
k9511016,2,20110928110808
parknme,2,20110927172010
blackdole,1,20110927182811
savagez,3,20140625102526
jangj33,2,20130924074159
ghktlsdkvkxm,55,20170313102834
lhs0210,1,20110928160046
kdosa00,6,20120306000243
ctarjan,1,20110928180132
bhs3114,50,20210714144839
hk159159,1,20110929123228
ina868,1,20110929132659
pybae58,1,20110929174534
kdo1219,1,20110930083002
hwangjuy,2,20110930114444
cres13,1,20111001143453
lnd1216,1,20111001174822
yagober,16,20160518135140
myband16,4,20111014101141
dlll1,6,20120904171416
k3y2k1,1,20111004111104
wnsdkqkqh,1,20111004113527
freeshow,1,20111004140206
paranst,1,20111005084731
hyo8873,1,20111005124113
manzz,13,20130928193510
dlatkddls,1,20111005120027
kh8989,27,20171211155512
ohji0000,1,20111005132101
cbc0605,1,20111005145914
amlsys,1,20111005153240
s145zxy,1,20111005175829
kos5533,7,20141124145118
ptsun6802,4,20240302030226
ghiho,164,20220412155227
lsj1944,1,20111006154052
chosbpark,1,20111006185352
bskiller88,1,20111007103048
shinis1980,1,20111007175624
lss5567,9,20150302100859
hoon3656,6,20150707180547
yss1486,4,20111227100903
pps1212,13,20220903112417
mars8014,1,20111011080616
happybae,2,20150217211532
honey66a,7,20120117145007
iskra30,2,20111011170927
dbgus222,1,20111011162722
blessedpoet,2,20111012103204
mintluv,21,20170628094542
quffla22,1,20111012101403
leejs2416,1,20111012103304
derikashi,55,20200203152954
hanadul17,1,20111012175755
senecor,1,20111013122157
magicmind,4,20111020121634
sun3775,12,20130308220414
eogus1003,6,20111201173643
homin2785,3,20120809200128
maruss,1,20111014135006
sonseo,6,20210415110847
saxophone777,2,20111017090317
jck1616,1,20111015102133
ljky1230,11,20160823082821
wooam22,61,20250409221254
minosong,1,20111017141725
parkyoan,3,20130221190503
toto114go,20,20180413180238
finechem77,6,20120227160132
chltkdejr,1,20111018155059
iloveu7814,1,20111019105754
odin43,4,20111019172025
ganggaye,1,20111019151958
mana34,7,20170220161222
kkd1111,1,20111020103126
schmacher9,1,20111021092906
joystar10,1,20111021094050
opal5757,1,20111021110756
hyohung,1,20111022102530
zhflkdz,1,20111022153858
ksk2783,5,20131120140340
kdoha,7,20120220205120
ks0227,1,20111024124312
sa3000,13,20170306150146
kolaser,1,20111024160717
harrybyun,4,20120906094921
ursamajor0,2,20111106100248
bmw5411,1,20111025094418
ecalus00,1,20111025103501
ams1676,3,20120213163638
player1313,1,20111025142257
asy7113,3,20111031110229
sount28,1,20111025180153
steve,1,20111025230823
yoosungill,2,20121113141420
noma78,1,20111026124536
edrm22,1,20111026125114
dshf2010,1,20111027105159
tg6803,1,20111027115059
ksca3502,3,20120712094109
l1004fsh,5,20111214084112
leeyho205,1,20111027170650
hjsnick,4,20111214104811
kimsc02,1,20111028130110
katiun,1,20111028141101
bh115b,1,20111028164728
dashi333,1,20111028170917
apose,1,20111030100435
kjy9770,4,20130621193547
tlsalsgk18,1,20111031093032
killguss,1,20111031145018
dud01410,4,20111210134218
welcome7801,24,20120629190327
mdbm0729,218,20160824093743
mjmyung,4,20170330224859
khjgoguma,1,20111101170737
jdsim70,2,20111120115537
pjh5452,1,20111101212340
jjj9920,1,20111102001117
I0042002,1,20111102110654
boramcnl,1,20111102132455
db2080,2,20111105154558
irin8241,31,20210628110758
purplecrew,42,20230522211935
jh5485368,3,20130322134748
power7641,1,20111105112926
sjk9351,2,20111117100012
as2875,1,20111107103339
ssabc1001,1,20111107150356
dump1515,1,20111108114839
cjsbms,10,20160217162705
thdgoaud,4,20121011124059
dullpia,1,20111109101655
khjnmm,1,20111109084633
dlwlgh21,1,20111109142111
mino0601,1,20111109170700
ojpark5555,2,20111114162142
hjj3204,4,20120306161200
nanuri,8,20140318150231
cyt6259,6,20150508085718
jangs7015,3,20120221150421
ysk8001,1,20111111131428
gdhoon,4,20120127164220
merikiss,8,20121119145142
jangok5791,3,20170413125317
pps8000,2,20120223074722
siagong,4,20120130105401
jsbc,86,20181101141838
ksoo1212,1,20111116161135
leeki8198,1,20111118130514
dhpalh,2,20111209172023
chhl1023,1,20111118174503
bgh1613,3,20111207224629
kbk8143,1,20111119155805
spits,1,20111121093328
ljzeroo,1,20111121093523
brucehd,4,20130221154105
ljh59219,2,20111123134205
sinbirgo,3,20111122095702
kbj0518,5,20111205122636
qkswhdemr,17,20250610193201
nicedec,7,20130418021749
parangdo,1,20111122143432
ohkohk,1,20111122152245
jujubo,17,20130308164207
qudrn1417,2,20111123104618
a2133,1,20111123180831
ycj900810,4,20130311173433
keiseed76,2,20130706163358
dake1232,3,20130101131534
KYS270,1,20111125122656
baek1122,4,20111223171754
gooya49,6,20130104142926
kira7zz,1,20111126132101
kawk44,11,20111216090751
lscdo,2,20111128171034
shin0211,17,20190221152929
w02140,2,20111205104402
sasilro,1,20111203143044
qw3108,1,20111205102949
flyingrs50,2,20121020072913
cmos78,1,20111205140127
ambihito,1,20111205142613
hajaejo,2,20111215175333
feelsoo,1,20111205160017
ljn36,1,20111205181958
thsxogks,2,20111206133604
yasoll,6,20131114122926
jks9598,1,20111206163137
jiji24,70,20190322092058
heywood,1,20111207150255
sds1344,1,20111207175732
drnor,8,20160419081114
csunk7,26,20170610092104
goodbbang,2,20120419132139
kjsh9866,1,20111208184707
joosun2000,2,20111209133045
jbj2004,1,20111209141714
bassyjss,6,20140523164417
lsg510,1,20111209165039
cks5726,11,20131116113522
sporklees,1,20111210164030
12905136,1,20111211185740
orharcon,1,20111212101450
cmcm7472,1,20111212102632
mrangang,1,20111212132348
riverhun,4,20160405102109
acewoung,9,20130401172633
kdh760112,1,20111213114258
stt121,1,20111213131742
gi6003,4,20150323151551
yongdeuk,1,20111213141623
semojabi,12,20130607232039
poyu25,1,20111214141744
karfree,3,20120627143714
leerun21,3,20130729110657
jjewde,17,20210615233841
kimpyeongho,10,20111230143124
nsw1547,2,20111222133627
dlstodd,2,20111227111822
jsy9479,2,20120125151537
emjhyang,27,20180219123415
scanc,1,20111220165608
jbs6547,1,20111221151524
drink862,12,20130418150241
imzz9,1,20111222122847
rnswk2010,1,20111222135353
bhhgood,1,20111222154710
pooh1004v,4,20120112174207
dodohanyh,2,20111223161448
dodqjf99,5,20130724200440
hee6401krkr,1,20111225195556
tjdcjftn74,7,20120613145919
uk4017,1,20111226154047
ll000907,1,20111227120614
xm68,2,20111227104254
spotfile,4,20120222091007
k9635008,1,20111227153036
playcg,7,20120403143238
cih1022,1,20111227200013
sweetheart71,1,20111228093730
osungeng,1,20111228111958
yudahamony,3,20121018125733
yun6272,1,20111228141546
mjuny,1,20111229122609
eric,3,20120320142417
colorbean,16,20210727183101
kangjung04,6,20130419140313
sinurang,10,20150721131643
bauwhua,6,20180123205310
sjjongw,9,20150115093608
a551094,68,20220812085733
kjm5437,25,20210928005012
dyne1890,83,20210803083442
ruddnjsdl33,2,20120106114413
jungkel,3,20120115121611
kimco69kr,1,20120102105844
wemade84,1,20120102155120
n8949,2,20120131212506
ysh8285,4,20130327173858
thdslgus,3,20120103153008
roorooman,6,20120727200733
olo54900925,2,20120103152419
ljstene,1,20120103110815
kyh6681,4,20120208173005
onlyone96,2,20120726191906
shingikim,1,20120104091708
y2soo,3,20130524153525
sd3484,1,20120104114259
man5223,1,20120104160121
erase21kr,1,20120105103825
excel2374,1,20120106152737
danmuzzy,5,20130313101342
bwyun63,1,20120108170223
moklim,1,20120109074329
jopiso,10,20140108152301
webbchoe,26,20220805125119
kszzang97,4,20120907165110
dkscjr11,1,20120109140058
ks144000,1,20120110093252
seoms2444,21,20120816151242
freeland1004,1,20120110120159
ktk0211,1,20120110151459
taruru84,3,20120112152541
kss991023,5,20170220103802
starkyc3,3,20120127181945
gksrnr78,1,20120111102759
miga7009,1,20120111105107
jp1338,1,20120111143808
ttoray,14,20160826134926
pkjin69,6,20150517122834
royjckim,3,20120120194604
jsbravo,1,20120112120145
ddong4514,10,20191015223850
wlsehis,1,20120112153405
m4416,2,20120113082715
kkks0823,1,20120113154652
sj0907,4,20141121061817
promint,7,20140525153856
kjhhsk,2,20120116170514
lenffl,2,20120326223801
khg07753,1,20120118104817
pcswin,1,20120118135616
nare1234,16,20141127172024
fsshsw,1,20120118160221
kiss1122,1,20120118160931
volvolks79,1,20120118161309
eee2run,2,20120119162437
humer3,1,20120120104240
jongkyugo,2,20120222095554
leein21c,2,20120121120137
bltec,1,20120124113519
figaro6,2,20120125100418
ahn3799,9,20160928084806
jg1zzang,1,20120125173947
paulz,1,20120126135738
wch666,1,20120307180647
yks135,1,20120126105723
ha0219,2,20120126155916
h7777777,1,20120126183653
can0307,4,20140508101305
joolotto,1,20120126210035
dkdldoa,1,20120127111833
water0114,1,20120127130101
kimokok,11,20130417115949
mjujuarch,1,20120127151855
emilsung,1,20120127153227
seti92,1,20120127175608
kmh0223,332,20180718201309
disdn2,1,20150331102406
kingjok,1,20120130102418
cjinok,1,20120130103342
dldnjsqn,5,20120526103004
cdh700,4,20120206094204
mycjj00,6,20140429114708
bystar99,1,20120131103739
cr9919,5,20120222215441
kiihn,1,20120131133218
ykk1245,1,20120131113741
devils1304,1,20120131163406
beacan,15,20121112112726
bikbio,1,20120201101721
wogns1004a,1,20120201102637
oiliya,1,20120201104541
jejuso,1,20120201130838
anix2000,3,20121114132926
jhzzaing,1,20120201190044
ytkim54,1,20120201190048
KGB0921,1,20120202012202
devilwhite,2,20120222145809
ktyhr,1,20120202150356
ehejrvyeh,4,20120304083540
kumeu,1,20120202233656
yoowgc,10,20211025082732
kbs910905,1,20250114142340
jang29,3,20140918234559
stsggg,2,20120203180250
sonnyko,4,20180127173250
phs3551,3,20120208063052
kyu1155117,1,20120206152228
bkh8451,6,20140820080104
grim,6,20120503104418
xofal,1,20120207125848
kurucuru,1,20120207142349
s0842,2,20120423150050
kojaekwen,1,20120208002424
ssyyllee,2,20120209115334
jaesil76,1,20120208092046
byun014300,1,20120208094332
kjs9580,1,20120208101640
hansolbf,2,20120209234714
wndgus0527,1,20120208143022
yx159,1,20120208143539
3383ajhr,6,20120223133641
cj4834,9,20140306133318
tjsduddbs,2,20120629163214
jackneo,1,20120208215348
ehdwndj,2,20121229232314
toughlee1,1,20120209082049
sssad2000,7,20120828114751
sialu,10,20120507094712
431ghost,2,20120821134627
mallboro81,1,20120210095920
psh9638,5,20130424182320
yuni7612,2,20130403142505
formysis,2,20120213095347
pil841211,1,20120213114559
atoion,3,20120214171111
conteccn,4,20120215093122
ssailor,1,20120213170749
civilceo,1,20120214112521
jik0107,2,20120214141821
kwangjincam,1,20120214144948
gjt71,5,20120223084948
hbyungjo,2,20120215180001
from0225,1,20120215154420
hk37kimko,2,20120216094941
kstyle5,24,20141222151856
hkjin13,5,20121119161941
brokne,1,20120215161911
lts9951,1,20120215171458
open909401,1,20120215223153
s5558858,1,20120215174728
sss6046,1,20120215175644
forgdd,2,20120601153555
marine682,3,20121112150215
iamsam0513,2,20120216135817
sshine99,1,20120216142050
xg9523695,1,20120216150221
yss4346,3,20150915114831
ym120812,7,20200824154205
bomb65,1,20120216173251
kdy6015,1,20120216215627
dh456789,1,20120217022026
mile10,19,20120508101054
alsrlrl,7,20120318181521
reac21,5,20121011175737
ref1026,1,20120217130006
parknj65,6,20140722124438
kjssook,2,20120217155424
gg4004,16,20191011152711
wjdalsry00,1,20120217144533
junhoi2215,2,20120217201057
leesh9574,1,20120218105405
mk2710,2,20120225173954
7309lim,1,20120219200352
sdpd332,1,20120220134951
yanghochoul,4,20121122184844
hotbrood,2,20120221104544
link3000,13,20181204102341
hsp4621,1,20120222104414
plushouse,1,20120222094235
taiji31,1,20120222135515
samtahn,2,20120223090630
jooy2000,2,20120223155708
ecosign,1,20120223100554
great1504,1,20120223161223
taewooha,1,20120224123938
yegam0826,1,20120224125045
ooohao,6,20121221110145
nanda1976,1,20120224133822
gpdjflej,2,20120303151926
1393ljh,1,20120224165523
kussyong,1,20120224173244
sonpbk,2,20130513183059
hy8975,2,20121022095540
10miles,2,20120227145114
twin0422,1,20120225200240
skoh5425,13,20190712132523
kimyh1242,1,20120227153544
skhdoor,52,20190626163417
cki6804,9,20150730112654
goldrich,1,20120227173700
hks4307,2,20120503083155
e850818,106,20240419140449
dsy3104,2,20120228144835
noodlemc,3,20120229172703
hss0133,5,20120305091401
jjchun350,1,20120229105744
ddd1999,1,20120229122359
snpua,1,20120229144052
macmad,1,20120229154325
han1253,1,20120229163751
kobescon,1,20120301093500
chc0007,2,20120303070039
won2369,2,20120302143134
suxxxxx,3,20120302160338
lhotseshar14,85,20141031101648
osamari,1,20120302160228
denglee,7,20131004182644
ducati916,1,20120305093754
serrih,19,20130514190558
sunnyinc,1,20120305113127
kdh0423,1,20120305161800
han609,1,20120306103233
k1114jw,1,20120306151959
6520kbd,1,20120306160834
lth7299,1,20120306173728
sm800125,2,20120307163544
my78512,1,20120307095858
stlstr,1,20120307101228
agl010411,15,20210707104506
starholeee,1,20120307165938
yuy888,1,20120307211250
gimty1,1,20120308085504
hhi1895,7,20131108173554
dytech6108,2,20120309073936
aored,2,20120604041805
about666,1,20120309114835
pn2900,9,20140225164946
moranbada,1,20120310102944
ljh5587,4,20130322203103
rladydtjd010,38,20160121194149
y3299,6,20150823212502
ik0042,5,20120314183152
eaglekm,1,20120312141307
babo28kr,2,20120312194817
comatoss,2,20120412213902
jf0809,8,20171011123209
effortkmh,5,20130802094836
khj4525,3,20120314072806
knpkch2,1,20120314104840
sinhp,1,20120314111001
ohhkwon,1,20120314112213
neptun75,5,20120315172340
yw4762,1,20120314160029
clearwj,1,20120314164252
qsqseng,7,20120612191113
qlzlal,1,20120315095407
gudskarl,1,20120315123904
ilgajjang,1,20120315163044
godsnight79,1,20120316133559
tpvmlx,8,20150615142944
odj2282,1,20120316180829
ahns0825,24,20171108085200
tapster,43,20230515204450
hdy741,1,20120318181257
manez,1,20130215105658
dltkdrn,1,20120319114942
fanta5545,153,20210622143854
bhy9096,3,20131010155737
hkh3618,1,20120320101509
iskystar,2,20120323151810
nard1,1,20120320152349
mijun118,1,20120320163013
blue7125,16,20140722142441
lsh2119,93,20160229165819
gihyun72,3,20140219090135
di7913,3,20130830182312
whisky07,8,20180823161939
kojoo5555,1,20120322164611
smy74,2,20120322153814
hun0472,1,20120323105427
dpkfd25,7,20160616161138
ybtd2002,10,20170203111642
ogslee1963,1,20120323133430
ktg510,3,20120808101402
joo4020,1,20120324172235
cgjun,1,20120325205005
wrench,1,20130307093626
chenou,1,20120326104016
ok810,4,20120629133525
beach236,1,20120326145326
cadtin,2,20120328085009
goste444,1,20120327105246
1343lhs,1,20120327145602
rlrhd25,2,20130219170458
jhyoo0526,53,20221004192158
cys0320,30,20210702054132
wns210,2,20160422103245
hdh3419,1,20120329090425
ids73,41,20160212112908
deacon70,4,20120402113415
hms0507,2,20120330200544
dvek4136,52,20211105144351
lgh1894,3,20180131145625
you7576,1,20120330154105
kyg0211,78,20151121231212
a9981,1,20120402081605
01021273579,25,20221215132307
jiyouny86,2,20130116151243
agehazi,10,20120404093311
mobil29,1,20120402111713
sandalwood,1,20120402115818
knovaka,1,20120402180653
cskang4188,1,20120403104159
jeonnet92,1,20120403120006
rowarar,2,20120628085432
guroojunior,1,20120404104040
choijp70,8,20121229100812
gossi76,1,20120404105034
ywk633,88,20210227140843
skc2582,4,20120730162007
i2m2j,2,20120406103903
wjh9666,1,20120405172023
kyg0405,1,20120406141758
lbs7854,3,20121105092059
shin45yk,1,20120406164930
sk55499,4,20121021122037
kdhhs2000,2,20120407101925
inserr,1,20120407111129
yoo5538,1,20120408085237
gckim,8,20150325131110
indra49,60,20180801092150
kghggg,1,20120409170507
pycski,3,20120508105639
dh3101,2,20130627120337
autowelder,2,20120908141907
don5467,2,20120411174921
joiljun,1,20120411201430
jh3302,3,20120412085058
sstaek1,1,20120412095756
park233,1,20120412095948
gsg777,1,20120412130223
bai4973,1,20120412160936
y2659,1,20120412175544
kiho2,1,20120415170738
yun0081,4,20120423182959
cherub25,1,20120416094431
sjm5364,2,20121029145119
hjpak70,2,20120420081853
ij112400,1,20120417095830
captin2010,1,20120417100650
pts1313,1,20120417104527
total202,2,20120417133932
rockiy,1,20120417161811
csk40,1,20120417164502
dwainlee,1,20120418100004
jhbae627,2,20120418120544
blizzarder,2,20130705074246
prana,29,20250312175131
SEO2431,1,20120418172224
ycnam35,5,20141027173143
de1214,17,20210825093800
lee5811445,5,20120508173513
ng2900,12,20170518095225
bp2281,7,20121226160416
dhdudrlf11,1,20120419171339
yoontj35,15,20150318090838
joajoa333,1,20120421120751
yss0920,1,20120421143955
pdj0701,1,20120421150328
restart86,2,20120426080424
gto780,7,20120604102107
aza7422,3,20120423151905
ksjino1,1,20120423134504
nky0670,2,20120423164123
e040jun,6,20140214002818
jjibongs,58,20190529090245
tank88881,14,20240303190128
indy0461,2,20120425095214
kj4239,1,20120424164820
dunghoo,1,20120425104227
wjdeh,1,20120425104255
dkwltkdl,1,20120425143110
che8965,38,20210618131741
jks2682,1,20120426103706
no1yg,8,20160404103804
ciberian,1,20120426122151
1967hds,6,20131118143725
iisteel,44,20161203095427
son6096,16,20150115103328
lkleem,9,20140724131528
0191287,2,20180105103035
eight4,3,20120627132732
kyk2563,1,20120428173046
kissme2218,3,20120505142217
cocu1013,1,20120429174422
sdream2010,7,20140901141341
pobu3040,1,20120430153335
essence6075,4,20120503125223
byu1124,1,20120501141317
joyo86,3,20120503140105
siyoun00,2,20200910134012
pysljw,1,20120503155236
khs2931,2,20120504150058
so0612,15,20210706005240
wondo2053,2,20120505222535
hih36man,3,20120515132559
michiganjini,2,20130214102631
decco0971,13,20120604135010
ppskyu,1,20120507152210
jyd6710,3,20140211184015
kgs9478,3,20181121095004
busad21,4,20120814132437
ysmggn,1,20120509093608
kory00,5,20210607090616
toppso,1,20120509113509
darks3000,1,20120509115928
kony1207,13,20200309174347
sss4266a,23,20160308161029
stardomyo,2,20120510162235
womanjj,1,20120511123611
tojjim,1,20120511132234
HOEPING,1,20120511175809
crux88,1,20120511185835
feel1032,10,20120607144635
Wook79,11,20210107131143
babookao,2,20120512175441
bbslm17,2,20121024152139
kjh87782001,1,20120514084448
clear77,3,20120514161209
wkdqor,1,20120514094228
rudgndl,1,20120514171026
wotree,1,20120515074700
gksrbtkd1,1,20120515081315
sinaut,27,20250411171726
heuijinl,1,20120515131816
kog923,1,20120515134723
angela7901,2,20120515161502
bayue,1,20120515153647
ydg601,1,20120515154411
dbwhdwls21,1,20120515155034
jch075,1,20120515163228
ahk6882,3,20120525111050
dddssh,1,20120515180146
lim1038,1,20120515181021
rock1roll,3,20130131215934
jbdjjang,12,20120703150718
chongwoo71,4,20120907101129
0111,1,20120516223948
membershim,1,20120517135052
mcfire,4,20160114101026
nostep1,1,20120518105323
bancd,2,20120524114211
dasung0291,1,20120518190129
kodacom,1,20120520142014
hasuhyun,1,20120521091919
yjhyun61,16,20150226122304
amgd,1,20120521131102
bkhoho,6,20120613125608
wofhrwkd,55,20141104231416
ikdon2000,1,20120522083908
hong6485,20,20130507134351
chans0308,9,20140220090708
loverang,1,20120522174650
shha63,1,20120523091534
sksmsg1,1,20120523141553
leocygnus,1,20120523152445
doohan01,2,20120529160126
dms1004,2,20120526192159
yanfox,7,20120712111137
dj8070,2,20120525163212
s317,2,20121107135607
dbmt999,2,20120525163613
guy3339,2,20120601161607
rkem4038,4,20120529160713
wthj6577,11,20150907114743
wellbing153,6,20130515180949
pclnd,6,20160111084356
song2494,11,20160112143249
hys5963,16,20220704172200
inex5598,1,20120528172223
minggyo,2,20120529190137
ks205011,1,20120528202713
tjdgnsa1,2,20120610175938
kjhhjk9999,3,20140127151445
koreajoo,1,20120529142407
intzon,2,20120604202051
http,1,20120530130032
heojjj,1,20120530130839
rlflsldkson,1,20120530133550
kyj6307,1,20120530152704
hemiru,1,20120530161935
hyunoj,1,20120531141259
hgkang1,132,20220218143617
gmailbox,2,20140122145046
qwer8137,1,20120531200000
corps831,44,20221019154405
mhyung123,1,20120601165337
airdreams,2,20140620171722
ycs1511,4,20140127185743
ljd0234,1,20120602112048
spsteel,9,20120814162754
2247,1,20120604061730
gjk20,1,20120604103855
nada6436,7,20130408085447
banine0,1,20120604143349
ahnsamsoo,2,20120604190057
eowlrktjf,2,20120807140547
rsh123,7,20130205111411
dlwhdtn83,12,20120917170530
mh038,2,20120607130658
eogh2571,2,20130510100231
7dolphin,9,20161230090546
lck1276,3,20140321170500
lst525,1,20120607124016
msguy,7,20220330163237
kw2123,3,20120610104756
sdp0104,111,20150519090440
ibh1515,1,20120610082616
lee0628,9,20200630221249
wj7641002,4,20131209174905
s6717771,2,20120611115708
sg4072,2,20120612150421
kim555,1,20120612130529
3232kwon,2,20120615205356
jjs513,1,20120613132140
kimsc625,1,20120613143649
cyryu74,3,20140711183511
ohg8157,1,20120613171419
kch1995,3,20120619181742
q58200,65,20160309103129
yein4000,1,20120615121122
toy0125,1,20120615121450
drnam78,2,20130131155210
park8000,2,20120913205416
boy89,1,20120617003312
dtman12002,6,20160630161650
zzongl2,1,20120618084205
qkekalsanf,7,20140404223730
carjin,1,20120618093844
jin4hd,1,20120618094856
nichub,3,20120622132327
prepro1,2,20120619162959
nogada074,6,20150323145400
hongsukjo,7,20210711120924
leesy4403,1,20120620095147
nko888,7,20221105105050
hmy2218,2,20120621092727
hwlee78,1,20120621114726
winsonix,1,20120621144155
gb7944,2,20150424132337
hjw1215,5,20140914151136
kingdom3000,24,20150311101114
omk1988,3,20170429111651
dandori32000,2,20120625125326
rkdtjrghks,1,20120625132346
qks4588,1,20120625150610
sys7155,2,20130618161226
wjsu2537,4,20120704105220
siriusnow,5,20120829191840
jby1261,2,20130509113632
hkkingdom,8,20200707160343
hmc5282,1,20120627140501
kksnsy,1,20120627151930
ootanoo,1,20120627175443
bw2012,1,20120628113953
ildop409,2,20120628164512
bluespine,10,20120709115016
beat007007,4,20120911101312
achab,1,20120629095829
yskim,11,20140717093309
wjddydgh100,6,20140522034423
ehdqo1126,43,20190121175015
park5606,2,20121009110103
xo0057,1,20120630100158
didi96,3,20120706091609
truesos,1,20120702145612
maengkyun,1,20120702150603
pcj0757,1,20120703001625
ks9207,1,20120703085904
ranger600,1,20120703135652
gigatoon,3,20120725115435
han5353,1,20120703160308
mmpigss,2,20121004140604
dong92000,4,20141117130714
blueseaes,1,20120704081534
sy133,1,20120704095337
gjdlscjs,1,20120704133334
kkn5406,1,20120705123420
pooh4844,10,20151109104332
k0671,51,20130715213749
wc7010,1,20120707191457
dar4018,17,20210306151318
cdg8533,4,20120724121318
kim8018,1,20120709105846
k4849519,3,20120709170220
weejinbae,3,20120725103840
hardman7,18,20140205155215
kow6011,4,20150613151701
sk41484,1,20120710092435
himinss,1,20120710131948
lkh0911,1,20120710133725
yiej7642,83,20160627152659
hav90325,1,20120710175523
vndghs123,6,20140820183113
chubdy,1,20120711102401
chongwoo0828,1,20120711140304
bhs72,2,20130320092904
choi3383,2,20120711224503
hyung2,3,20120731183057
ssbachan,2,20150529041123
jeon7572,13,20170525145635
jg6454,1,20120713125652
jkc8918,1,20120713131418
hjk3132,2,20120713162244
lee12577,4,20121012163509
aaa0902,5,20120810160433
hanjowa,1,20120717092827
bjking,4,20181207142907
g9subi,15,20131209091122
kj3134,1,20120717112140
osim0011,2,20130510085223
ccy7911,3,20120717162628
rlagusfyd25,1,20120717165551
houkjae,1,20120717215129
chohy1220,20,20250314141553
lovejin0630,1,20120718085745
mayu7942,1,20120718100700
chjh0216,12,20170619084417
kilgo11,5,20131023224333
la001kr,1,20120718204513
dkslai,1,20120719150128
ipkn1000,1,20120720102951
acctorpd70,2,20120726091041
airwer,3,20121101132416
dlqlfldks,5,20150914201100
hckim,2,20120723145715
kim67689,3,20140912134755
yms97413,40,20160418153556
j7es7us7,1,20120723134009
lilyvall,2,20120723145512
sbo03,14,20210330135234
stacan,1,20120724134610
kpi8755,1,20120724153621
odyz,5,20161117154803
kkder11,7,20121024140628
hijacker79,1,20120725114816
treeny,16,20170711124120
pkh3389,2,20121009085646
blueulsan,4,20141125135752
kissme7205,1,20120729170244
1357yjs,2,20120731132440
wdk123,2,20120731120122
modore,1,20120731112950
chan4137,37,20220630075930
jhc5946,6,20131115094556
ddosnap2,2,20120806182549
samkang1992,1,20120801113835
superkwon,21,20140612100927
chozang08,1,20120802114012
q12345,1,20120802114432
balliant,9,20141007215018
SUNNY7303,1,20120802190101
pms227,1,20120803092624
archcsm,2,20140311122451
gigi96,5,20150710110241
dregon911,5,20120810155148
seilim2002,2,20121214155710
cwpark69,66,20150616134902
yu0726,5,20250205213336
csa222,1,20120807175632
cjsxk111,12,20180618155918
mcj1028,1,20120808170849
whdwn1017,6,20150630155026
kwakkyungsik,143,20210829212134
ajaninn,1,20120809125452
michaelj,5,20120813141328
ad4love,5,20140717105028
keong710,1,20120810085021
hc54,1,20120810092856
aikree,1,20120810103824
sin701126,20,20220211085637
yukbaek4966,57,20250331121733
doozy,1,20120812172157
rokmc0526,1,20120813140350
ytn61,1,20120813161512
dalgoojee,1,20120813195523
madox01,6,20190725163825
upsm,1,20120814143640
rimsj999,1,20120815134140
inogrp,1,20120815150039
anynett,2,20130909161044
ifiam1,1,20120816173613
hoomung1,2,20120817142733
aquahyh,1,20120817110646
acala81,29,20220207095816
hey01403,70,20230707184721
y5833,1,20120818113008
myki0111,1,20120818114355
pxinfo,1,20120818155007
aasod,27,20201001110026
yo0973,122,20140219094843
stb8946,3,20120823001445
kd5888,1,20120822100351
hyungjae,1,20120822104727
sinseong,10,20130215074904
tobang57,2,20130319091939
lee1988,4,20121119094750
telroom,1,20120822220401
kiya2106,4,20191215092221
bbaek21,3,20121105170801
gapjinho,20,20130502170510
kisacall,1,20120823172352
tekakoko,1,20120823172735
ppittagi,1,20120824093422
tjrlduf,1,20120824110552
rh0710,4,20140220101804
scbest,1,20120825072718
cbyds,5,20120912130735
7hjkchen,1,20120825134140
dalin2ho,5,20120831141243
chastar0,1,20120827233041
superzena,1,20120828133348
m29a181,87,20210531134654
haedong2000,1,20120828174214
dyddlf65,4,20131026104427
makuisung,1,20120829130041
dlffoddl3,1,20120829154454
anjd0926,1,20120829171641
cth7777,1,20121119135547
007kbc,1,20120830103153
soyoun9,30,20130506155149
apocalsise,2,20130105151235
soktae,1,20120831045310
fozin2,4,20121129151220
parkiragu,6,20230215170721
job1216,1,20120901154827
qorrak1003,2,20130730191704
control12,1,20120903093911
ksb415,1,20120903094027
befrewol,1,20120903101041
dlsqh3270,17,20150116163243
jinahda,9,20240604232821
hnk3563,3,20141002151608
D004043,6,20120907075807
jks5735,2,20120905132046
skuidol,47,20131030125808
jwyoung65,4,20150127192808
kst115560,3,20180502200514
shrtordhkdql,1,20120905173444
wonbang59,1,20120906135251
moore60,2,20120927184201
osjn2001,2,20120906170522
a952267,1,20120907114806
nonsanpark,18,20170509093555
janecoi,1,20120908090050
greenbaram,1,20120910122251
pappen,7,20121105132950
bsss138,2,20120910170315
somi0312,2,20120920170255
ktj01,45,20221209130818
j2uk3012,4,20171031073240
khsign,1,20120911215306
kimso85,1,20120912092331
lion5844,1,20120912101538
bae8183,11,20150504161753
njd4899,29,20210130094947
yjcho79,7,20121012170301
candi21,2,20131029135637
psi1028,1,20120914091030
km123,1,20120914094401
nogy1026,2,20150620113250
redmp,3,20140417181234
vmath,1,20120914164300
kilsoo0528,35,20180308151818
didqntmd,5,20130308202224
xoqkd30211,7,20121203182750
ankwangsick,1,20120917160655
firstcar,7,20140213200943
unteim,1,20120918152725
hsfmo,1,20120918230307
rlawjddks,12,20121111161603
sejin9294,6,20121015152938
lalatank,2,20130327153800
csj82,1,20120919175416
aoulsy,4,20180123131735
gm9067,3,20121009113916
orrysdream,5,20150302145507
ddrgames,2,20121114102626
tkatjd81639,1,20120923164230
pis7909,1,20120924094859
kkbbaaee,4,20200504101807
tjdgns03,3,20131125140751
tnrgid03,5,20140619163249
takoyc0,1,20180521150427
jnd121,1,20120924180722
dnxo58,8,20121012153421
suk9249,1,20120926235151
parkmir20,1,20120927121321
baeck5511,2,20121009131412
agg2000,2,20140513093443
eden,1,20120928134715
rudnf61,189,20220210144454
rkwoghk1,1,20121001090845
hyuking111,1,20121002074443
alcyone,2,20121002155953
mkim1795,6,20121014150251
foduddlfo,1,20121003162035
ogolga,1,20121004132921
pilotco,1,20121004135948
nccoo,1,20121004150858
sungv4200,3,20121008084516
sshhjj001,1,20121004165901
goggo2k,2,20121127081813
bbbnew,11,20130401092105
sjy1864,20,20181007010440
cont680,3,20121029162553
smsinbe,1,20121005103636
ydk4317,37,20240812093356
mn3003,5,20140728174050
leedok7,14,20180627114339
dyddn1234,1,20121006101954
kyum123,1,20121006142717
samach,1,20121006161845
wkd500425,1,20121008091401
wj4455,1,20121008100726
neverdie0221,4,20121009164756
aenbaeng,1,20121008171043
dlgusgh125,2,20121102114930
kjd2817,1,20121009110418
toxj1234,1,20121009123640
ykhrobin,1,20121009140853
fdscor,5,20121010155749
jaidong114,2,20160410111319
whgusgy,2,20121106063824
espoir819,4,20130201083953
kdh4625,2,20121014231553
q1q1qq1,5,20141114105324
mpzoop,1,20121011140325
adh0112,2,20140205160013
tkdfhrakdmf,2,20121012125618
pky6665,1,20121013122709
kgukk,1,20121013171415
roklku,2,20121016111008
hosqubana,25,20160125164446
kmc3211,17,20190905114139
yhvhms,2,20121016223124
kimymong,2,20121019114308
seohwoo9119,1,20121017115722
eom5114,1,20121017164708
bchjck,6,20210628131800
cjw661666,2,20121102104650
samson,1,20121018093425
omy8300,8,20190403211608
dksxotn202,6,20181109194459
no2dle,1,20121020104700
lgangw1969,1,20121020191355
doldoki1,1,20121022134609
psh29642,21,20221031124104
rudgns5010,1,20121022213344
buddian,1,20121023152143
rinnai69,61,20250717131626
park4331519,14,20190308160431
twins,2,20130418112220
charhs,2,20131012125825
wjfrhftngus,4,20121030093427
hs6974,6,20130322120129
kjswaldb,28,20131025174707
hhh3974,1,20121025200743
madangbal2,3,20130516223203
h1057218,3,20121210125922
lprlso,1,20121027134924
seobi2157,1,20121027152710
whcando,1,20121027170714
baldori,1,20121027175306
ssangbok,10,20160213144042
ian6119,45,20190308061903
suncarf1,8,20130301075144
jwon1234,1,20121030094749
hherbob,3,20130419111955
tttt1029,2,20130608110551
rltjd6448,1,20121031102510
korea641,1,20121031134229
chuchubong,1,20121031140334
supy5914,11,20121213203708
tjsdud5422,3,20141006164652
cyj9788,1,20121102044340
yukl7,1,20121102153255
yygskr,9,20140627194804
njh0024,1,20121102161806
jiwon886,1,20121104161545
hochi6372,1,20121105092948
sangji,2,20121120095236
jou1130,1,20121105165626
cifrl1220,1,20121106133214
mars3cja,1,20121106143344
ksk2807,18,20140109111341
heesu1014,1,20121106163010
inmo122,1,20141114163257
banaba88,2,20121106213229
kindheart12,1,20121106185511
hphilip,2,20121107220738
gladwyn,1,20121107092920
mybaekbo,10,20130515183027
cyber018,2,20170615170815
kwon7748,4,20200320213127
ydi6937,17,20130611162618
lcb8562,1,20121107173953
72creator,1,20121108091432
ryu7096,3,20200702144307
ojy009,1,20121109093036
dragon805,5,20130325065021
bim0506,2,20121109150734
sipil1981,1,20121109130529
cfgvvgfc,2,20121112135002
ljc715,10,20130408161638
k712a1,1,20121110165334
ifox4261,1,20121112064835
sorbite123,1,20121112173416
albang2002,1,20121112181509
zomepang,1,20130102081222
kon1889,1,20121113093355
coEhf54,1,20121113134513
ysj1445,4,20130809144451
dsda0000,1,20121113162618
maclinic,1,20121113174512
joseph70,1,20121113182905
zzx1235,1,20121113201511
kysun0011,5,20121214051229
whiteye100,1,20121114165915
steelbless,10,20130220164803
smart0891,3,20121211134520
kngj56,2,20121214024335
pjych450,5,20130729203235
wlqhd124,1,20121114220035
min9874,8,20130506095116
cho202025,1,20121117182923
lapal,1,20121117183455
zoot15,5,20121122040351
lkh2030,14,20181126165847
gscjin,10,20140321191313
teamo218,2,20130204204600
luck5338,5,20121123103153
berkovic,27,20130221155407
ho2170,1,20121121165416
mc491987,1,20121122140221
nmwcorp,1,20121123072444
lovepianist,1,20121123102051
ducksinc,1,20121123121541
kbs1401,3,20131029150411
kibong79,5,20151014151013
someone,1,20121123152354
alphaok,1,20121125143512
myh0037,1,20121125204244
ohtakkk,2,20130829153959
bsg6062,4,20121206150545
jonsopa,5,20130201173037
jp1974,1,20121127142229
didwjddlr,1,20121127164432
xi4world,1,20121128145351
hee650618,9,20220607081939
exseo,11,20210519120646
ktgsea,5,20190228124937
dkddkddnd,6,20121130174314
pisidi,7,20140401111656
HJH41,1,20121130110305
jejufruit,24,20170109192746
ljk4159,1,20121130122900
coinmo,4,20121217165633
woojumic,1,20121202142350
ghkd1234,1,20121203103257
florahan,1,20121203120150
zerokn,1,20121203162908
jangddc,1,20121203232739
ljh5615,6,20140721174253
basem,5,20130523165037
inhyang1060,1,20121204143506
kys301,1,20121204204111
coollad,3,20140416133254
mania28,9,20130508104458
sms63,5,20130425134529
lskever,1,20121206152908
kingjw0,7,20210610163333
amk1729,11,20201226111225
httmail,1,20121210182840
gudwlsdlsrk,7,20121214003316
kes694,1,20121210235035
hamys0735,1,20121211163002
ipak58k,1,20121211175600
interiyo,10,20150430094317
altong2160,1,20121213095118
kiho222,6,20140107213501
dlftla2003,4,20121217204240
mm7100,1,20121215170015
lccc778,1,20121216195650
lee30181433,3,20130207182022
zenofix7,1,20121217154612
khs908,2,20130102162639
l249466,1,20121218160758
trueguy,1,20121218223022
kky710918,2,20121221063015
eum454315,6,20121220121601
gotocall,25,20170605085259
sl10636,1,20121221103611
kdj1303,8,20131014153823
ehdtnek,2,20140402102935
k4kk1208,1,20121226121244
hjw225,2,20121226152831
alledma,1,20121226160334
kukje70,27,20131121152208
kkim5318,13,20170218223749
tjrwkd80,1,20121227124116
nahondia,1,20121229161535
seokjh13,2,20121230102846
archconkr,3,20130220173416
sbs3477,11,20131113124352
lky5657,13,20150421145155
9517062,1,20130101233122
agighost,8,20181206125357
k19900117,1,20130103080931
skiptwo,3,20130511125514
gxr0540,1,20130103171311
ik113,1,20130106123122
doyaji815,2,20130108134022
j6782,3,20130114153320
jobsteel,5,20140127174746
sc0222,10,20150511105220
sub0703,21,20210530113042
gildo092,1,20130108150312
mk3191,46,20130622053635
gongjag65,18,20230131175708
tykbul,1,20130109145443
blusupra,11,20130822132412
jinseobs,11,20130628164453
tastypork,1,20130110110124
vudghkrjstjf,1,20130110143329
zigoo29,1,20130110165512
gPwls1234,1,20130110221633
kangjk011,1,20130111101529
offshorelee,1,20130111114248
qkfqkfl,3,20130517112356
kangws2000,1,20130111190154
bboo1999,30,20230110072837
bje67,1,20130114164504
q7898,1,20130114220210
mooncm,43,20231120152806
choosechoi,3,20130306105022
lkse1005,1,20130115102426
eoho12,48,20160104170646
kimjinho,1,20130115152546
insan414,1,20130115153230
gooys56,1,20130115171334
sm0404,1,20130115173037
xxc0853,2,20130115194424
ktjmc,1,20130116111725
kjwsteel,3,20130808165820
muralla,8,20191127102257
j65j71,7,20140614000341
ocodm,2,20130122101250
gksfa,21,20131203145640
marine1462,3,20130413235837
xio57,1,20130118094346
yang4813,1,20130118153914
yyhhkk34,1,20130118175430
gamak,23,20210908185335
sooskim007,1,20130119131324
jeong7075,1,20130119170338
kwonbs78,10,20161018104320
nanakase1,1,20130122095815
kinseob,3,20130613100411
yks0295style,3,20160923162734
sangbum2,1,20130122142236
keg931109,1,20130122150003
lee75,1,20140122120825
cbc015,7,20150921093118
jong3822,8,20130308173811
zoselaos85,2,20131220124136
ols0507,1,20130123091813
hansanbs,1,20130214104551
eous88,10,20140122101524
maju8962,1,20130123122028
se1333,2,20130314101832
nighlove,1,20130124045349
ajw79,1,20130124093402
dude1224,27,20171020085631
ejiangys1805,10,20140904113947
sshhoo94,7,20130205143033
sik3476,2,20130129171241
dnwkd2647,4,20130206142944
anggle9199,3,20130126120445
sic3321,21,20150113212344
jjin1987,1,20130126132505
kbh4985,1,20130127094203
past28,4,20140208121233
bjk2,29,20170208103014
p1068621,1,20130128100029
hky7410,1,20130128175432
rla464,2,20130129190109
hdh0211,2,20131118131642
ukminnesota,1,20130129170800
jsl099,54,20181004104512
chiewawa,8,20180118161304
hc5035,2,20130131142217
gsinp,2,20130201125706
sky0701,23,20140723131341
grpwr1023,26,20161129100219
jjkim34,3,20140918142921
tmdejr100,2,20150318102014
tjwngks1458,2,20130204174514
shw6557,11,20130507214530
joyer,4,20130212174239
whitebbc,1,20130205140914
haruilgua,11,20130523091642
gaegoori,1,20130205150922
kuyou,17,20140619222107
danarchi,1,20130205202245
pinkdohwa,1,20130206115327
daedoi,12,20151224082253
gnsl003,1,20130206162847
sooya2009,8,20140207134532
lbs4617,1,20160310131416
yenaappa,2,20130319183339
asdgf233,2,20130207001427
won6780,1,20130207141830
youngjin3396,1,20130207152005
k62048282,1,20130207161330
swpt596673,1,20130207161403
sshinjae,1,20130207164318
shiphunt,18,20151208132842
rgo2464,1,20130208165806
jangguri,1,20130208174230
y3team,1,20130211120852
pal203,2,20130225150940
alltrans,3,20140305015953
mirine,1,20130212104655
eunssine,2,20130221124038
dh2109,1,20130212162041
kiswnet0,9,20210619165335
pkb1245,1,20130212173536
korerddr,1,20130212203636
pedro571,1,20130212205146
speedjung,2,20171228205901
Nicemoney,1,20130213102357
rcn7130,2,20130213144603
ijhwanglee,6,20160925192527
KNABO1972,11,20140703093032
ysj9803,1,20130214154341
pompeiii,1,20130214165909
martens00,1,20130214173434
lpw4133,53,20160804130411
chu0638,1,20130215103646
1234sgy,1,20130215130210
jyd66,1,20130215153047
kjsang12,1,20130216082506
jwy222,8,20150810084226
a1755131,1,20130216142915
937304413,1,20130217172036
slymm,26,20130702132702
yjh9900,13,20160318183256
taugh83,2,20130219100122
kyo016,2,20130219141920
gwsteel,18,20150503235742
gid300,1,20130219164725
ggb0223,1,20130219173340
pjhjh7,3,20130625155544
hana58523,3,20131005100107
busabi,1,20130220155303
sldhan,2,20160515091701
co7772,2,20130221172728
kysred,1,20130221222255
meobow,1,20130222094929
bluetime114,1,20130222141045
g21cman,1,20130225101420
youja933101s,1,20130223130953
ouuo25,1,20130223161724
sgk702,1,20130224141414
exfeaa,3,20130301113644
kyb154211,1,20130225115745
ysk1604,20,20170814221454
czerny11,5,20131031130357
jmc6666,3,20130226172248
janglimdong,5,20140811181223
finestq,1,20130226115620
ykchoi9999,11,20130429104602
hj5083,1,20130226184431
alod123,2,20130305091605
sho4203,2,20130307090908
nirvana3516,1,20130227120234
grkyh,47,20180515081357
eotlr9055,1,20130228112114
kang9895,1,20130228134427
doowon,1,20130301180408
jjanrtank,1,20130303125951
babel01,1,20130303192249
koh0417,1,20130304101815
yeosangho,8,20190409104741
k1048576,1,20130304155750
choion87,1,20130304161839
askj0307,2,20130307081148
atomens9,1,20130305130149
dlwo2041,1,20130305153603
craw21,5,20211205225157
hdsteel,14,20130703094558
vmflstm09,3,20200407165627
bmw7005,1,20130305193606
myhouse,2,20130308170332
daylight,1,20130305222259
kje4712,1,20130306114030
bluemini,1,20130306122718
samun19,2,20130313090111
chtigger00,1,20130306152301
yunsung,3,20210612091511
hoosiers,6,20160224193504
mscha518,7,20130327102918
zxax0130,4,20250515150146
bj4552186,2,20130417210830
glad7968,5,20130423100052
ksf3842,29,20150918144027
shddk,4,20160524080854
govers,1,20130308161855
kim9413,3,20130309111817
kkkmjj3,2,20130309161321
bmk1959,1,20130310084020
netravel,1,20130311102838
bobos,2,20130311104840
parksg777,2,20180912100837
jtj7607,1,20130311113506
deimos308,1,20130311214208
YYNN66,9,20150529205401
lhj5085,2,20130415110312
kart28,1,20130312154815
salem0673,7,20210111092457
jblkim,4,20161229095126
lbh1519,1,20130314113840
workerslab,1,20130314121347
abedong,1,20130314140619
7985phs,2,20130315115756
bae3344,8,20130319113840
wori2004,2,20130529104325
palbulchul,7,20130530151136
bbbac2001,7,20130324102951
rgrg114,1,20130317170016
chshik,2,20130321194626
muike3,5,20150602175015
ec715ks,36,20250218172246
kaka3388,2,20130318154424
woojerng,1,20130319111545
noanoa3,1,20130319122452
duksan,1,20130319154935
addzest92,1,20130319224619
swatch73,11,20180329161549
nsoil42,1,20130320134617
zxcvbnm176,1,20130320170831
kumsan32,14,20140529162958
g0d0ri,3,20140416115639
smchoi3,1,20130321110340
dl6100,1,20130321160501
gg0083,2,20130321234312
eqhqiqmq,16,20130717151715
moonin6004,5,20130701115232
pvp1469,1,20130322151737
hcc1000,43,20151026110333
cjswl1000,1,20130323113325
xufo,1,20130323152530
chlanrmr111,1,20130323180700
yhs1172,3,20161024181651
ojg0328,5,20141215142516
feverer,16,20150721195355
mmjjjk,1,20130324214550
nocnoc,1,20130325043508
star1808,1,20130325093532
amtidc,1,20130325094605
gun20c,2,20130912154553
keo5509,1,20130325111555
hst2052,4,20130507140144
kjhma1,1,20130325140638
tjdnf7932,2,20130327121114
fnji,2,20130917102632
corbear67,1,20130325203846
sexypop7,3,20130326133432
ckddnr0466,2,20130326173624
qnek01,2,20130326175548
jhlimc,1,20130326155839
hcy8254,1,20130327204042
ghmunn,14,20160324082958
ccyung5428,1,20130328001314
kh5654,1,20130328093437
wjddnrlee,2,20130704091026
impian,1,20130328113719
kdm1120,1,20130328124052
hjkl0400,10,20140402091956
lionyang,3,20130412114354
wsoon75,6,20130517134003
jeil0456,19,20160910145218
yhkwon1220,4,20130429153256
sl1988,1,20130329175410
leesojin,1,20130330001812
kth6135,2,20130722142916
padi703,2,20130421200527
hikoon,2,20140717225337
psbo78,1,20130401135417
chol3114,2,20140612074000
alemans,1,20130402094955
lyj7419,40,20180222211152
oz1985,1,20130403092218
gabrielle,2,20140704091340
thsrud123,1,20130403152352
sujiyeom,2,20130403173154
yeomcy,1,20130403171626
sj9798,2,20130713145752
haahtony,2,20130404133728
eotls137,1,20130404125411
verdure02,8,20210520141602
kumma,1,20130404142532
syllee1005,2,20130507131605
studlo,4,20130722132852
kojh0466,2,20130413131525
pangyun,2,20130406002056
yamujintoss,1,20130406085930
jhep02,34,20220607193404
airfo,21,20140317130439
ksin55,1,20130406140229
yh2040,2,20130527082924
choman01,17,20191126110033
nikesd,1,20130408100046
tuneitup,3,20150630104424
jj7428,5,20130828074543
rainpine626,1,20130408150700
jegal45,2,20130505000552
pds1133,4,20150518105700
cho4860,19,20180730164321
namhae,1,20130408232243
comagun,3,20170420233329
duck16958,1,20130409115622
hanlime,2,20130419122304
rlfxogh,1,20130409134849
swoonee,15,20140910151101
dandyryu,4,20130718121813
wjd85200,7,20130429144122
ehdcks2848,1,20130411094754
begek,1,20130411203651
teaseng15,1,20130412100035
young0050,1,20130412121705
hansol4400,3,20130417094524
lbk1910,1,20130412135259
p3pgup,5,20130610092851
ysinyang,7,20160413094146
manialch,5,20150112175018
tm17r,157,20170428161931
dspmon,1,20130415101848
delco9491,1,20130415125721
dlwhdrl,1,20130415162811
mheng01,22,20200903105825
jhhongg111,2,20130416123314
aa225588,2,20130419033909
nulioh,5,20140120233722
ljhm3436,3,20150425121749
goodkey,84,20180503120223
kty0324,17,20130917080321
mskim0509,2,20130419142216
chun2059,1,20130417130634
wyh2767,1,20130417135320
cd2coin,1,20130417151731
koindol7,1,20130417163444
jejetx,8,20140515142036
mh33142,16,20210621023124
platyna,2,20130418155605
strike92,2,20130826195711
6385abcz,16,20150204093710
taeseon101,2,20181102152253
cjh6275,2,20140414122358
junjunc,14,20131114112057
tex191,3,20130512121254
kswkswkr,1,20130420102806
rysdon,2,20140330210859
gmlrhks2,1,20130422113931
kook1077,1,20130422164255
bincha99,41,20131112171604
a937303,22,20190226171740
greennews9,3,20130424085659
pp7681,17,20191218093528
shinhs3000,1,20130423133304
rock1119,6,20170224165053
viva2001,15,20190218163229
soonch9,1,20130424110429
as4815884,1,20130424112026
sonky1,1,20130424113651
planetyoul,4,20130603090252
ob9610,9,20130524181809
lisalt,1,20130425111522
kawai10,1,20130425131121
azx1105,1,20130425144410
junki77,13,20190711043114
smaz4883,2,20130504165708
matilda7717,3,20130426165352
adyna,1,20130426155528
madness6,1,20131220105129
plc0820,1,20130426164509
woofer78,13,20161103122031
khg6945,2,20130523181850
sds3822,2,20150619182603
tnsqja700,2,20130430204725
elchez,1,20130427135823
sjka0317,1,20130429085018
seungbong201,1,20130429110416
ispeed777,1,20130429150854
ronyone,4,20130722115947
swing,7,20160304183229
hong938,1,20130430084956
iloveoxen,1,20130430113138
csjs0820,1,20130430135911
whitekingx,1,20130501091306
whdgh1005,1,20130501164112
run1129,3,20130619163523
unclehco77,1,20130501171315
honor7000,2,20130503175346
chohjin,1,20130502124424
blackpooh12,1,20130503131426
sade1,1,20130503134222
bmh2kk,16,20171125150141
gudfbf2222,1,20130504110640
made2,2,20130504132638
9886min,14,20181106113904
dlrudwls19,2,20130601124935
dod004,1,20130504193945
hope2924,1,20130504162108
geo9919,3,20130506103500
k4019y,6,20160304042258
hsc6914,5,20130610113156
ace4882,87,20180205165331
titius,3,20161122113059
rlcjf777,1,20130506160830
cyubi,1,20130506172709
jch1025,2,20130508142718
giftnice,1,20130506175136
qjtjzj132,3,20130508135143
yndreams,1,20130508092657
muzno1,1,20130508100629
shin10180,3,20130515094430
servnam,3,20130610172034
wkdereo2,1,20130508153131
cera0718,1,20130508153323
jbsm555,2,20141201082415
ansm11,1,20130509170718
haoshu1,1,20130510110108
gyosik,2,20130622223802
socket,1,20130512132634
67000,4,20220120115233
ej6976,2,20130516220754
dongwoo349,9,20141213193829
gucc0618,7,20130805132128
mylovejy84,1,20130514112545
jse5057,2,20130522145419
woojintec,7,20160516073624
bj8395,1,20130515105601
reol,5,20140506181922
khhwan1955,1,20130515131206
lyou1224,7,20210531213935
yong8439,64,20191021173640
eunsh2,7,20140612003507
hopark1972,17,20170710172047
cbulinu,31,20160906164727
blackmesia,43,20201014165938
dydwk,2,20150205111832
khh2265,1,20130517090717
ecgguk,12,20201013110208
omyungsim,18,20140311011724
ifpoem,8,20130716113304
hwan1114,4,20150122130053
park11000,1,20130520143808
pine7619,1,20130521125840
a570925a,11,20131115190042
rtssky,1,20130521152422
gsqrt1204,1,20130522103019
yk5572,11,20240701212043
ujskk012525,97,20210528152403
cloverrud,1,20130521172316
sbes9195,2,20130523212559
redoi,4,20170419110413
sinjk21,1,20130522124843
yoon7983,5,20130728102625
3beauty3,1,20130522170458
kikousiju,69,20160912103312
qwas4635,1,20130522195228
ckim39,3,20130802114310
ccmworld,1,20130523173839
lsilrain,1,20140220094407
khsheart,1,20130524132251
kmin9101,1,20130524175452
antscoca,1,20130525103405
SWENGCO,1,20130525125317
nisroeld,1,20130525152705
cervico2000,1,20130525164155
ssg2358,3,20140607074449
gsxr9595,1,20130527171611
bokja001sw,19,20141206162119
sunny7via,1,20130528102159
jsw30140,3,20140221160607
miru1024,1,20130528151305
jck87,1,20130528214319
sjsec,1,20130529152245
ds1qhx,2,20130717134942
sangmyungth,4,20160702155407
nonno69,49,20210601132356
ozz8195,8,20150720210109
ybs6955,2,20130621100502
ds2mor,1,20130530104719
sbs04,1,20130530123245
js051217,10,20130726093157
bliss9862,1,20130530131709
wlsgks12,2,20130531094048
k0103yb,1,20130531145146
yjc570926,2,20130604080647
dg0553,2,20131002100105
ami211,2,20130601174325
wind3300,1,20130603123852
victory,1,20130603135318
jwm1130,11,20160817133546
junpong117,3,20131014174744
tochin9,2,20140326081456
super1347,1,20130603185331
maniya1004,56,20170105165135
jj59310,1,20130604123616
kimtidy,1,20130605091144
andrecho,4,20130711111407
daol02,22,20250604095520
wh0914,1,20130605123321
kmlee0815,3,20150512215420
dipghost,1,20130606161317
aju970407,1,20130607104802
mbjzz,2,20130607114341
hw5131,16,20230904130840
kshe0306,4,20131204141531
feman1,7,20170110173944
ckyoo1111,3,20130702091618
led999,1,20130610134125
hyowon888,1,20130610140935
smc730224,1,20130610182639
marine749,6,20150313171422
ibc1211,2,20130616161521
neovision,1,20130611085713
alrud2799,2,20130612093846
krldnjs,2,20130613091814
tty20,4,20131031180709
chsongup,7,20170114100907
dnjrehd,2,20130612173950
audskdn,1,20130612153328
ddo0315,3,20130614074742
tkkim128,1,20130613123150
ljhhehe,1,20130613161724
dbaksgmly,5,20130718093202
yjy2648,1,20130615141807
godchoos,21,20210706113606
virass,2,20130618043219
kckorea,43,20220312091258
yeeminumma,1,20130617115250
l2020ee,6,20210412131734
sarahko,17,20150812104820
kangseok5812,1,20130618092536
fkrudgma,1,20130618115512
sppide,9,20170302133711
tj2731,1,20130619142501
kimjinsung07,1,20130619163355
kkscha,1,20130620115405
jisja5988,1,20130620130158
zhdjfhwl,3,20130903132233
qkrrmzah,1,20130620162801
hyunsteel,1,20130621101824
metal,6,20130930112804
rhkdaud89,1,20130621120959
montkim,11,20210429160051
sunglim001,1,20130621195536
yoo5300,7,20140722112015
msinkwon,18,20180313154337
gbr2511,4,20131218121359
wodnr1536,1,20130624105856
kimdying,1,20130624112212
parl0070,1,20130624123229
bestarchi,1,20130624161134
speed6708,2,20210714084323
redhunter,5,20140321094737
psb0014,2,20130802162141
eorb76,1,20130625100309
kiwoon02,1,20130625153507
nadoim,1,20130625154318
jht1984,1,20130626091454
team776,4,20141127102409
neaidryu,12,20130709111946
mulepark,8,20140407131520
hope0815,1,20130627094254
temir,4,20141104084439
dlehtns1,6,20130715095733
dbd460,1,20130628125344
ilove0877,1,20130628134127
juni1333,1,20130628135621
youngwkco,1,20130628140801
db004,1,20130628163456
korye36,1,20130628174128
gdy1016,1,20130629061612
poseydonseo,71,20171123182028
ksunte,1,20130629155844
himan0179,1,20130629175439
hyunifill,1,20130701134201
okmall,26,20140329121840
nyh011,35,20190103095124
aqz321,2,20130702195313
kshbhs,26,20190624155510
seseqq,4,20131211093645
kkt1008,2,20130703160459
bakun51,2,20150304221611
jk3683,1,20130704111401
dnrlwls,8,20140214105835
kjchoi01,5,20250320103134
tkd1205,6,20151208113508
bong5395,1,20130704181844
chldmsgkr12,1,20130704235718
dla3449,1,20130705082333
genometic,7,20130731134923
ku3913,3,20131104133005
fornia,4,20130824095258
setdtfgd,3,20130903101759
peychk,1,20130708142633
zip1007,1,20130709084600
ukaaa,1,20130709164547
jym1356,35,20170916115022
p58370,4,20130924214200
ammofree,35,20150716134426
sanhabiz,1,20130710103845
niveas1,1,20130710175516
cadp21,12,20211023135551
shinjigod,5,20130823101325
suocom,2,20130711151148
killerksw,4,20130712084828
jjiwons,3,20160107124120
sdolt,6,20150825165750
hh315,1,20130713154337
kes9938,3,20130715164510
higgs75,1,20130714125021
kcy2780,1,20130715085406
tjd1968,1,20130715120145
arch7376,1,20130716105322
universezero,1,20130716113246
true98,5,20131124215536
mararibon,1,20130716192103
htss7871,3,20130719165357
ojackkyo,1,20130718110457
mms2589,1,20130718110553
lsy7,8,20131001113153
leesee,1,20130719091049
sks6255,2,20130719111655
palan2007,1,20130719104356
www7475,6,20140806144056
qhsss,3,20131123134749
wild0808,6,20160427161032
c0289,11,20130812161652
kps0050,1,20130719165902
bs0106,3,20160614171822
ar73,6,20191002133522
senin5521,4,20140702125801
vpc2030,2,20130722132532
hsl301,1,20130722110654
howon,1,20130723145716
han0104,1,20130723174214
lsg0939,1,20130723214241
min25631,35,20211211165418
yeuhs82,2,20130806153316
cch4594,1,20130726101238
ytja0120,5,20150417081933
armyx77,2,20140106080724
leejk0914,30,20240709192113
sig5907,1,20130726155839
kim414558,1,20130727162424
koungsang,2,20150420151722
jaeki1003,1,20130729130420
sasime77,1,20130729151757
sinto96,1,20130729152624
oio690,1,20130729182127
zero1yun,1,20130730132446
lhs1938,1,20130730141625
kygoo0909,1,20130731114415
kyg0945,3,20160224092339
kornav,3,20130828132846
via5643,1,20130802173434
seong7271,1,20130802094122
rhdckdfuf,16,20171025173726
joung24,1,20130803154323
bowlpia,79,20171107095105
handosa56,1,20130805100245
dasoline,4,20140818061506
marugum,5,20130806200359
kgt5154,91,20250508142911
fighterno3,1,20130805164522
jbj5348,2,20130806003418
jao88,1,20130806112945
amji63,3,20130816112618
dschoi53,6,20130905144243
jwoolee4,1,20130806151542
seha7879,5,20150715110004
HD2646,1,20130807131139
kim2647845,2,20130808162142
wjcho8762,1,20130808170208
js9089,1,20130809135144
h2214,2,20150128134308
myss9999,1,20130810095132
bdsmart,1,20130810114932
duaon,1,20130810165446
js7862,1,20130811135452
cslee,1,20130812004822
yysys2536,1,20130812081835
jjs1104,27,20210114150751
alwin,59,20200422081636
yonsei,2,20130821103259
lovehscy,52,20140603141154
ogoy5050,1,20130813145255
asd186,6,20140425103330
yunh9,6,20160118161452
cssj4605,3,20131213174823
trickster82,1,20130815141017
topsense,3,20130825224336
anysjw,1,20130815161843
sdcid,4,20140911085239
ogapee,6,20131004125322
kthetim,1,20130816135105
wkdehreo2,1,20130816170253
wowksk,7,20171129023740
thfwlsroqkf,2,20130909100917
archiars,3,20130905100517
cb3er5,19,20131004110515
iami525,1,20130819151747
thrbah0303,1,20130819153959
seter50,1,20130820040017
kkim3946,6,20130902092113
kws8344,1,20130820151732
buting669,1,20130820164858
s8946,1,20130820173157
wjdwnwls1914,4,20150917082252
sehunzone,11,20210805164854
brrr24,3,20130917091038
ara0802,16,20221213150757
gackwon,2,20130823123353
7058whd,4,20130930145743
sonakby,9,20140312131147
cch1890,1,20130822130101
jinkoak,3,20130826083256
khw3501,1,20130822150751
kbum77,61,20190502135033
park182900,1,20130823150809
woro8173,2,20130825142330
roies,1,20130823155514
autotown,2,20130906175408
skd303,1,20130825232502
enter777,6,20130827093840
minspan,7,20170611182521
tmdwn9079,2,20130827101316
choha21c,1,20130827110339
dspark0629,6,20140218161345
ziodic,3,20150416142537
ley210,2,20130827160732
aedaza,5,20140108030738
cck0315,23,20140922142648
pamian,2,20140923075129
zbflxpf11,3,20130925155958
miss5221,1,20130829115418
ferfum77,1,20130829135931
smartool,8,20160331135952
jikimdori,1,20130830080758
naam2000,1,20130830094708
cjddka,2,20130904135151
merman11,3,20141224142914
tjddnn,1,20130831120002
jym1740,1,20130831171417
hjs7191,3,20130904120136
ecalus11,3,20160121080432
c215,96,20161004175548
gigadeth21,2,20131029091115
heokj,1,20130902174623
jeon7990,1,20130902181759
joeunk0721,2,20130903091042
dongain0,1,20130903093326
cws3979,1,20130903151525
snowzone,2,20131023162042
woodies,3,20130904141054
qpxpfdl,5,20150819121902
sung2ne,1,20130904120604
cndskacjfrkd,6,20200506100534
knight5065,23,20140610091652
mrgyrhee,1,20130904172006
seopa,3,20130904213925
jsygod7,1,20130906104215
pheajun,1,20130906111354
kimtaisu,2,20180914161122
yjy6320,1,20130906163425
hk52401,5,20130909134222
ag831019,1,20130907130153
whehfdl,2,20140128094500
funlife2129,2,20130926210408
doo8129,2,20131026105417
xnwkdhkd,1,20130909114842
ghng1,1,20130909132343
kimjl2040,1,20130910105959
reinsanity,4,20130910144335
hansali23,1,20130911090258
jwon7483,2,20130928085556
psslv2,1,20130911120411
sukbg1289,12,20250408152845
daeh57,1,20130911165024
lgcheol,1,20130911170406
skfmaeo,1,20130911170829
ahayaho,1,20130911200140
donggil00,1,20130911215812
k85407002,27,20210105092540
maum1893,2,20130923103522
rnsdls0,1,20130912141837
rlaeh323,3,20130924160144
seeid,1,20130913122227
ramy8757,2,20140526103820
k502856,1,20130916132117
pshfx,1,20130916150033
vision9495,1,20130916162444
kej0691,3,20130921092858
huu789,1,20130917085902
otto9,9,20131119223645
sbofpassion,1,20130924115208
thesunsu,1,20130923163113
ohhyunhwan,2,20130924001738
yr6226,48,20230708163609
hyangne,1,20130924140133
touchpeople,1,20130924172116
oummaya,1,20130925091926
karisma4180,1,20130925092047
koreasign,3,20131014215155
chin2111,1,20130925115433
kmc0,52,20141103141427
jyc8499,1,20130926141307
sorinaeum,4,20151126224300
gateway204,1,20130926151559
wooin1,1,20130927211953
goduye,5,20131011143320
pms1625,1,20130930081752
dong,1,20130930205201
pbh1018,2,20131007141055
jepo9600,1,20131001134224
lg1337,2,20131001164344
qseng100,1,20131002085336
sharot,3,20140217160313
silkroad9833,1,20131002104141
hohyun5,1,20131002161245
lg3082001,1,20131002165221
fst12,9,20131018221805
kwaktong,1,20131004124431
leesg239,5,20131024103116
argon18,1,20131007154143
bryanphd,1,20131007155629
jun6991,2,20131007204438
user,1,20131008100730
primeji,3,20170414112051
hwangjok,1,20131008195500
battlepil,1,20131009020925
huhjytt,1,20131010110220
ds0133,2,20140402143758
yegam0829,3,20150616113227
ilnama0000,2,20131015092606
yolg2000,2,20200813115044
kgt3645,1,20131011164845
deaho126,15,20140306163858
0207gold,9,20131113124511
canoas69,1,20131013191527
ilman,1,20131014091750
piloties,5,20131119170802
ubkks,1,20131014104347
insc1971,37,20170920092400
kil124509,1,20131014130504
cbmarine,1,20131014152602
qwer123,11,20131230100046
xeuphoria,2,20131016005835
scs4s,1,20131014174901
asd113,1,20131014232619
ryu918,6,20131212143759
kthkthth,1,20131015155304
csi4491,1,20131015175530
frog3706,1,20131015235117
richardcha,2,20131027104942
hgl57,11,20131219113520
cher0909,19,20160104164205
freejak66,9,20171128093126
khj566,2,20140703184756
cjfghks02,1,20131017200931
yes3629,3,20131023093833
coldkalt,1,20131018140316
h2jung,1,20131019082659
auroreville,1,20131021125013
joch5758,9,20161201152547
kbhyd,2,20131023094910
yknef,9,20160511131415
hds9139,1,20131023154701
simcoms,3,20180618145346
guck692,2,20131024142817
pak7383,12,20150629153335
pieta01,2,20140122144519
cloudni,1,20131025111242
kasst,34,20211119144922
tpkyy,1,20131026141811
allegro13,12,20150429113744
bt0726,1,20131028104657
ggalnams,4,20131028131552
chungmog,8,20150209163925
BHS5081,29,20200612101055
neoshool,1,20131029110335
h2tmxk,1,20131029133806
xoehd1011,26,20170529103130
rnjsxornjsxo,1,20131030093016
sunboku,80,20160323131905
jdy7743,1,20131101151544
leegidoc71,1,20131101171228
laila2000,3,20190603170229
kkj5788,1,20131102085421
cbdong0204,29,20210528160919
akrso30,2,20131104142432
tyzldgks,17,20231211091846
ch7900,3,20131103080109
tops,1,20131103154706
ljy2001c,2,20131104144702
kimage,1,20131104100904
donghun1231,3,20131202171927
eziyjs,1,20131104182547
hyowona,1,20131104192138
foryou2424,1,20131105013740
kys12225,1,20131105090001
p1d2k3,1,20131105113409
js5122,1,20131105122353
nurihousing,1,20131105124746
r7541,1,20131105173353
lmj2350,1,20131105183312
chounggil,1,20131106082337
claylang,2,20160727155951
ps3kim,4,20140602084515
ekdud66,1,20131106101730
younghak33,2,20131107112755
dkwk1128,1,20131106154510
bjw8184,1,20131107085322
123park,53,20210911163508
fromeyes,8,20190131170322
kjt8621,1,20131107175820
kyung6460,1,20131108132638
ojingo04,12,20150723160236
ckw1004,5,20131110211334
bsjno111,12,20201022165437
kingz,1,20131112093332
jinlucky,3,20160907171223
toktok1957,1,20131111175944
jfk08,3,20140207144926
fishburne,3,20131114224203
ac106712,1,20131112152217
cha7202,1,20131112164630
sjk1700,1,20131113150605
ois5120,1,20131112183628
johnny12,1,20131113155833
ykahn1,2,20140516110247
beobeogi,11,20170406180200
drjooni,1,20131114130426
2201730,38,20180412115441
jschoi88,1,20131114142432
kcydoo,59,20150416094152
cdh1729,2,20131115154122
hhhjaa,1,20131115153114
hsj504,1,20131115172508
skgks12,27,20210226132634
mss3336,1,20131118083229
beenbeen,5,20150513025601
hoon750903,4,20160608100035
tansung,2,20131119114657
dldiq01,1,20131119110021
dolman4327,4,20140107171609
via2239,1,20131119184624
jykh,1,20131120161009
kiya103,1,20131121135745
d7sk3,5,20131127102042
bag0100,2,20131204113232
ksung2002,1,20131122112449
jinyeop2000,1,20131122142453
ejc1020,26,20151016170814
tpduqsla,1,20131125162136
kgy5326,2,20131130112350
kimhakbeen,1,20131126101510
bum1995,1,20131126103909
joung173,7,20140128131937
kamdi1999,4,20131127112727
tladmsdyd,1,20131126173740
ksw6317,27,20150724143146
plsound,2,20131127155715
jeil793,1,20131127132526
jungdo1989,4,20131128160745
basone,1,20131128131643
odisrus,1,20131128140137
b2940,3,20131129090350
since,2,20131129102837
mshsp,3,20150313141901
zooc119,15,20241109155907
tackleman,1,20131129130556
eastking67,1,20131201201651
sulim2001,2,20150530222506
kjc4647579,6,20150203074934
hbman,2,20131202181454
airshock,16,20151208081058
freepro,2,20140108125331
ccc1852,39,20151216095211
khc3322,1,20131203231432
dannylang1,1,20131204090312
kory1024,2,20131204134146
hmtech,1,20131205195735
oolloo1004,1,20131205215053
ppittagi81,2,20141010161208
rkdtjdwlr,3,20140920174017
ksnavy,9,20140525104538
cocomarl,18,20240808110747
dnagam,1,20131207084647
youngkye91,1,20131208141900
holyjangjun,1,20131209150804
daramdgikgs,1,20131210120811
donada,1,20131210163155
antvence,1,20131211135437
exodus412,1,20131212102233
hamosoo88,12,20140704105505
jmjae70,1,20131212114859
dydrl73,1,20131212152244
kcj1609,1,20131212152727
doota63,10,20170726230002
Cba55,3,20160130234136
chohy0807,1,20131213141633
chunsa36,3,20140115085402
xxzz2003,1,20131213111412
mybubl,1,20131213154040
jh4052,1,20131213154336
marine5833,1,20131213172012
pjh2000016,4,20150702222435
july0871,5,20140103112018
adjoinus,2,20131214105124
gojs89,4,20250618103432
osn745,1,20131214180633
cw21c,3,20131218172258
netsteel,1,20131216124536
tbeng10,79,20200812143536
rjs1902,1,20131216152037
555bus,3,20160817153253
jubssss,8,20180215054443
shl1424,3,20140930144635
kkj0426,3,20150306140839
bbbac2014,1,20131218234952
lithops,2,20131227145458
doly22,1,20131219152009
shan333,1,20131220175548
shcho9292,2,20151116143922
kenwood79,3,20140913161234
vivace,1,20131223084020
omkr,1,20131223142706
jeonhh5,1,20131224135608
yoon4840,3,20151017133149
reegt,12,20190320135237
shings15,1,20131225175012
luky75,14,20141101190813
zeckim,1,20131227150507
pgh1414,25,20230921171833
pys1774,28,20160615172307
chlehdtlr99,2,20140618112630
lksphj,1,20131230111140
pbkmam,2,20131230155133
pe0329,1,20131230174305
aceng94,1,20131231082741
rkdalsl22,1,20131231094346
wwwpdj,6,20191220161343
bbc126,1,20131231135625
skok10195,2,20140116084902
sooandi97,1,20140102095438
ccyong58,2,20150228144508
id8181,1,20140102115816
mean1170,3,20150718081253
jis0821,9,20211227102734
asiasun,1,20140103135025
seinbm,1,20140103141019
yesa375,1,20140105174913
mydong,1,20140105185835
redstony,1,20140106134656
kds2882,1,20140107143127
jjkang71,1,20140107145333
igk3737,10,20150109224844
backpo,1,20140107180140
acebik,58,20230831162506
cws4671,16,20160310103404
hana7052,28,20161208090343
kimjs479,6,20140127133152
xhrjs,2,20140113095245
kch55,1,20140109181122
Jilian,1,20140110102023
ljk1019,1,20140110132554
eodnstks,5,20140116213532
iooises,1,20140110153412
kameleon0501,1,20140110173756
jby1149,3,20140111093229
wanhyeong,1,20140111131046
jsrm17,1,20140111131815
taek1974,11,20161227042620
di700623,5,20140911215132
bje6708,1,20140112091431
jch3478,1,20140112131623
suhumsa,1,20140113010318
issu19t,4,20150111161632
life2476,1,20140113133219
msh515,87,20181104193937
rokmc324,34,20230404151253
leejun90,2,20140114134619
jmlim57,1,20140114114741
sukgoun,2,20140122102820
jd201300,6,20240419151029
tjsxorb,1,20140114183413
lsh4242001,1,20140115115950
louis,3,20150409152356
skmin22,1,20140115175339
sleep99cem,3,20180416140117
deckfloor,4,20140115201044
mrmark,2,20140304153933
goibito,1,20140116093539
kdhemi,3,20140123184021
rlarkdtn38,4,20140415093739
oyunbat11,1,20140117030526
yayaho,1,20140117113546
jhk0815,3,20140313145237
yousjcap,28,20200628174519
ox978,1,20140117145611
soon581955,1,20140117210219
refreshing93,1,20140120104351
lvt673,1,20140120110904
junjun71,1,20140120114417
ksmoon4,1,20140120122440
zinayoun,1,20140120152955
a10s30c81,1,20140121134249
kopcs68,1,20140121164509
ganjung37,14,20170131121234
bulgary9,4,20140203123203
yongtak2179,1,20140122165339
namutm,1,20140122174319
jeasic3673,21,20181009181706
jangsu78,1,20140122185701
yoj0924,1,20140122211319
sungyh21,3,20140123125747
ksks4343,1,20140123171247
iceman1234,3,20140204232558
leebrood,2,20140124141803
inci,1,20140124134420
metoro,18,20171023142553
at3231,1,20140125095639
adico22000,1,20140125152917
qkrwhdcjf,1,20140127014501
ajt1107,12,20190829084755
moonnight06,3,20140402133159
dominico03,1,20140127125928
kkt101,7,20140228120838
samjung09,1,20140127214120
dhkim9340,1,20140128014723
hw8991,1,20140128073623
anhoyan,8,20160215150005
yeonghan12,2,20170303145040
sleepybear3,1,20140128152354
qwe147,1,20140128171026
mrdapt57,2,20140203085919
jsy0998,53,20250528045659
pgb7103,1,20140201153934
chainet1,20,20140728134518
zero2618,5,20140218103431
minats1,11,20170212194608
pj1335,1,20140203174611
dldmswjd,1,20140204105330
nasilinn,1,20140204215845
hyon5203,2,20170315161901
yoj0909,1,20140205203706
hsc00628,4,20140309231322
gratman6,1,20140205220444
new258,1,20140206173417
signmore,3,20140602122910
chodd486,3,20140401170304
hgs4233,6,20140225074551
abcd,2,20140207150022
jeilcon,1,20140207143741
arang07,1,20140207151808
oniyok,2,20140218152002
imline,1,20140208100555
yeon4241,3,20140326093454
wjdtlr0319,5,20140211113559
nacad,5,20150513092549
johous,2,20150630165005
window1981,9,20150315205944
baekseongi,1,20140210212456
bk2005825,1,20140211154756
seojihee0127,1,20140211161831
8833kim,4,20150426123643
lha908,14,20190510102603
warpo101,3,20210729121346
jeju4914,73,20170920164027
kiljlove,4,20150304162410
shint,1,20140212142524
oak0506,66,20210205145613
grotto0831,1,20140213102601
aks6868,2,20140610164914
jshcom,2,20170217140537
sh0009,4,20150303211959
kim96jh,2,20140215163632
hyunji4804,1,20140215133954
inki0,3,20180301121100
jbr6774,2,20140220102719
pilrar,5,20160427131700
namsoonj123,26,20250705183207
maker0,1,20140217111431
geun6517,1,20140217212244
leeyh0422,1,20140218094331
c1026k,2,20140218102450
cjw486,1,20140218132145
ejrgus22,1,20140218122102
jang6618,14,20150313161933
songheii,11,20141108131218
thisnama,1,20140218160227
hyosun2000,10,20140408103145
foxcontol,8,20150209114112
mumungam,1,20140219104610
binyong22,1,20140219105447
kjc7579,1,20140219185129
nagage,4,20140328151347
ankook2005,5,20140412123446
sd7798,1,20140220173819
thec74,1,20140220225142
hor94,1,20140221105558
nsum4123,1,20140221114857
hyun2160,2,20140227125841
kjjs4444,4,20160317083411
cwj8021,1,20140222114620
sungjin865,4,20150407174046
dnthd,1,20140222154437
b7928d,1,20140222223316
y99693310,1,20140223185101
bnj6408,2,20140224010055
cyanjy,6,20160609155500
jokbo,1,20140224132006
sanghwan1969,1,20140224141605
sdcho,1,20140225092156
daehan3117,1,20140225113128
tasman53,1,20140225114106
smam0822,6,20140919140052
oeoe4545,3,20140303124257
jsbest,1,20140226104359
hanslife13,1,20140226134501
as5204,1,20140226172908
mszeta1,1,20140227080554
asi744,1,20140228091010
dkcc7736,13,20160713164246
kotura,2,20140302010431
daeryongkr,18,20230307192306
kck2505,2,20151018153529
ihchoi2001,1,20140301120717
taegoo5,1,20140301141351
kimms0603,5,20151106210215
leejs3034,13,20150525225651
cks5125,5,20150608134359
raboamen,26,20250603074246
jmhtt,1,20140303141742
dkor9,2,20140311125207
yss1961y,8,20160609193516
syudne26,5,20160226134309
gapore,2,20140605134408
lkg0808,2,20140305005350
ysc5210,35,20150801132435
centrade,1,20140305132615
ounamja,2,20140313175923
hcb12345,1,20140306100117
caster19,2,20140306173042
oioiq,2,20140529090404
ican1030,31,20180112115039
kumm4554,1,20140307103912
chun12000,4,20150319081238
seongmin7703,2,20140824005937
ikki1886,1,20140308120132
kjw9441,2,20140310123613
newwall,40,20210219122236
cccxyz,1,20140310175022
yoj9924,2,20140525105554
nolaimi,46,20210111212348
cion010,1,20140311093541
sjshero119,4,20150818103605
kys27,8,20221229095018
chldbanr,1,20140311144611
dhwani,1,20140311151902
korus1031,1,20140311155303
wldnjs884,1,20140312093337
conc260,1,20140312100249
k7747hj,1,20140312120205
uring007,1,20140312122528
jebio77,1,20140312123639
ywglory,1,20140312170933
tn9727,3,20140316065406
ahj088,12,20140407140806
asbini80,1,20140313165208
gap3355,1,20140313184349
kkh6349,13,20170408210957
mabon,1,20140317135138
yks1002,2,20140317163952
hurak11,3,20140716152201
khs7887,1,20140317185132
hyounseek,4,20210809130517
hrhr2106,1,20140318121142
hanpunch1,5,20200328092124
all4u77,3,20200108132350
jll0720,1,20140320104854
igcho,15,20140703125101
nktech,40,20220204112251
ghlkj,1,20140321153034
lns5329,1,20140321161329
vltqlc1030,4,20150109085940
sty7376,3,20140401133148
tmdrb1290,1,20140324150151
kt1001s,1,20140324152002
shim1318,1,20140324173226
khk811,2,20140325013905
jokhy,1,20140325083634
lpsik88,1,20140325102448
gi7er,2,20140325133851
space8219,13,20220302141725
y00700,1,20140325212302
goodluckpsj,2,20160920165640
jjongbop,1,20140326084229
rhdwkrto73,1,20140326104618
woju3,2,20160523160534
enermoon,1,20140327113853
alshq1423,1,20140327162809
lyong1,1,20140327163901
hosanna1515,1,20140327212415
hun000111,1,20140328044919
hcj017844,2,20140402145828
ekfak19,7,20140408194558
bludymoon,1,20140329120615
nakwon76,1,20140329130042
iconclub,2,20140513225658
kwood1,2,20140416102908
kps102,1,20140331164212
leejoochun,5,20180221095632
yanf0631,1,20140401150316
cosmos714,1,20140402104251
striker1016,18,20190930100818
asqwer1234,2,20140402172253
l3alley,4,20211216094204
sweetwjb,1,20140403131716
pdk5527,3,20140408220420
lmj0694,1,20140403172533
ert1010,1,20140403195358
bonbon83,1,20140404102653
kgh8047,1,20140404114829
kixx1225,1,20140404215104
car6966,1,20140406101347
dagu7408,29,20221212162538
iamjung1213,1,20140407110811
jackyjin,3,20140512195108
w737,1,20140407170203
won369570,2,20140408180106
dawonjaesoon,1,20140408014001
bmcpzp,1,20140408162359
ogoy50,1,20140408174649
kwlee4488,3,20140628090518
Sshtjsgh,9,20190211162007
gmtj2434,1,20140409173522
to221,1,20140410104718
solarman,24,20171019151821
kangsk0191,5,20150401172720
wnahrth,16,20160422130109
soondong2580,1,20140412093017
102202a,1,20140412132654
bishopkjg,9,20140507214115
dujul,1,20140413143036
HKS11,3,20140417151408
showbrain,1,20140414135721
kjh2190,1,20140414152622
adk201,4,20140415132358
whaudgus21,1,20140415093125
yumbbang,5,20140805161306
firedog,7,20141016140640
nawung228,1,20140415195431
dhcokhw,1,20140416091229
sik6886,9,20170111163728
therock810,1,20140416111540
night77,1,20140416140917
insluve,1,20140416152826
bakoriong,1,20140417092601
lsj116,2,20140417170310
wjdeotjd42,1,20140417175452
kbj8179,5,20140428001309
ch7602,2,20151204154755
mjfl100,1,20140419152138
bmw73,3,20140423115337
ajh3383,6,20150720203302
pshum999,1,20141101172636
cgd5656,1,20140424091248
gentlebae,10,20180309175405
tosili0,9,20140725162913
bkc126412,1,20140421131510
dkic2000,13,20140921171042
hoon0416,1,20140421145549
ywryou,8,20220427105344
lsg1029,2,20140508151228
sw1336,1,20140422085859
inho2503,6,20140424182145
paik2001,1,20140423104529
sunmy1156,1,20140423113353
moon5669,11,20140625155840
ghddlrl,4,20140425115450
twoin207,20,20150415104702
jchamch,2,20140929135744
sadbass,1,20140424180930
gnoh1126,1,20140424204428
pkw9875,2,20140425114844
sdsdpe12,1,20140425122931
choi9866,1,20140425173353
hoyasb,1,20140426130345
st7751,117,20250212185928
vision0227,13,20160305212045
kjduck58,2,20190424132832
hs69642,1,20140429092759
ksca1911,2,20140502194342
smokey,5,20180827090818
happytreejk,1,20140429125449
ttimttimi,1,20140429135223
skdpsk,2,20140429222608
romir33,3,20140509170043
sapiros,3,20140509125523
rntls,1,20140430160816
princemin44,2,20140904090743
fight44,1,20140501132334
jsm9248,1,20140501153705
magnetism,1,20140501170044
dss7701,19,20240103095131
mtidd,2,20150707134858
skagns2976,1,20140502145259
yourocom,14,20140630133949
ch0000zxc,1,20140504171833
abcde,1,20140505113746
muzzung,1,20140506061231
minmino12,1,20140506142522
idsdlee,2,20140507080641
alsrk,1,20140507162435
yangpastar,3,20141222104631
ushorse,6,20140619163240
jeongaiver,3,20140511163414
naonabi,10,20211227131514
p93000,1,20140508133003
amihana,1,20140508165607
pjk2240,3,20140903122232
kimsubs,3,20140725110257
won5014,8,20210511103314
k0852,5,20140823141602
www2004,1,20140509173112
uk0721,7,20150821225300
darkshadow80,2,20140602150957
kangga1031,1,20140512163031
hb161512,1,20140513121931
josep3927,3,20140710210750
balgni,1,20140514090317
jmun773,7,20140721140115
iseepark,5,20140528210816
dyno96,4,20190220124552
s5115111,22,20190214090443
im3277,2,20140807153449
gsi0811,1,20140515182528
vfork,37,20161116185332
ho1000,4,20150721163449
100manjo,1,20140517090655
g08175,2,20140821143645
kuh8982,1,20140519094428
omegac,9,20160106085600
sungo32,1,20140519112157
narsis304,1,20140519133655
tkdpcl,21,20230524102035
jacob65,1,20140520111425
thfrhkdbf,3,20140520154128
yncync,1,20140520122958
kyechoi04,1,20140521105144
bang,1,20140521121754
blacklover,1,20140521130706
a3270,3,20150528171347
jman,1,20140522060742
susieki,2,20140529123925
ch000zxc,2,20140523113705
minmino,1,20140523184724
yiimhi,4,20220214101024
skymusso,4,20150228091000
tonggwa123,2,20140528183102
pakjm,8,20210209170814
mapea,5,20210327154037
fndjaos1,9,20161228190836
whalsrl,1,20140527123549
travel67,1,20140527125039
nbcdb,4,20190531075957
hyeon1219,1,20140527152529
ghh777,7,20150409102535
an9506an9506,1,20140527175240
chio7015,3,20140528181927
sojugom,3,20140711084709
ghostship,1,20140529115506
hkwt16,3,20140530211133
pmk9780,4,20140903190323
ukis2,8,20200220103912
psk0330,6,20190412123927
lsfi23,1,20140530154423
phwool,2,20140612102140
hajh0512,3,20140608131049
k127429,1,20140602101146
jinwonbd,1,20140602101324
gucana,1,20140602175838
lcs417,2,20140604101706
kjm6194,3,20140603094303
jo731106,3,20181231091037
yjy1025,1,20140603133623
designmt,2,20140604133006
sinajiyo,3,20140622122602
qsh88598859,1,20140604084942
hh0085,2,20140604134333
ptlsj79,2,20140605162252
h6410,1,20140604143719
shyoung0623,1,20140605102652
sg4142,1,20140605134430
ysh11389,5,20161114164055
jhch1234,1,20140606153958
rushful,1,20140606154638
lifemission,5,20160131173432
ldk3552,9,20190928191100
kni4973,1,20140609081407
symat,13,20210118135821
kms7117,1,20140609124748
hyunwoo67,4,20140616114456
cu1144,1,20140609153105
bsd326,1,20140609225132
conexion,1,20140610091147
moneysasin,1,20140610102433
destina9,1,20140610105456
bong5532,1,20140610115213
taejinjt,1,20140610141204
ckchoi,7,20141211142049
yojyoj,4,20140613204056
rhkdska11,1,20140611111126
kim5855,1,20140611130616
ekdlwpdl,2,20140612133427
joayoung628,1,20140611161740
rkddudxo,1,20140611162744
kjk790630,17,20160304081343
LONGJI2684,5,20140617115156
hss0918,8,20200203103439
snowman,2,20140613114218
himoonsoo,2,20140616081125
sooyjt1207ho,1,20140613163718
oklisalt,6,20200528171455
shoo3812,5,20160102092655
dlzltmxk,2,20140615120717
jingon41,4,20140618173044
sjh830919,1,20140615194826
dbflarjscnr,1,20140616105519
cjhea8381,1,20140616220250
smkoh1001,7,20180917153321
kkkite,2,20140711164338
hanul4929,2,20140619110434
fof1010,1,20140618111805
k6512995,89,20150126131206
keyunit,1,20140618132521
kf1000in,34,20160321122620
funnyliam,2,20140822154657
jdl1035,3,20150110124658
kjgjupsu,1,20140619104007
ksain123,2,20140703101157
dhlro,1,20140619122716
hexi521,1,20140619143127
rornfls,1,20140619152438
auro2,1,20140619175532
joohoney,1,20140619182418
acefafa,1,20140619183439
jangmade,1,20140620095814
c1081403,14,20141217135247
gamjapoto,1,20140620120520
agent0421,1,20140620140402
azenz2291,1,20140620162657
landmin,3,20141028165730
elf850,3,20140628003402
yt7335,2,20140621191430
psc6710,1,20140622080327
ljhkknd,1,20140622084003
jw65,1,20140622110302
leega5432,3,20140624111949
yahji31,1,20140623123001
himangg,2,20140625102618
ysm239,1,20140623170223
chungma111,2,20140624144608
won2020,2,20140624205955
k5563383,10,20170309123215
cummalee,3,20140625174202
dlcnsgod,12,20210527102326
didancjs,1,20140625220618
chohongkyu,1,20140626085911
ysc8269,4,20141022132105
jelena,1,20140626120408
fpem1224,4,20150107210604
kny00,1,20140626130918
ghk1313,1,20140627144808
se000000,2,20140630164352
regen73,3,20151026091646
ksg5250,2,20140630145837
dnstlbj7951,1,20140629190711
js4069,4,20220114170048
bideh,5,20140924164616
tjrko,3,20140807112050
ckstl,1,20140701142055
cndska2014,1,20140702092912
dedo00,4,20150514074416
leejaeky85,1,20140702134903
jump68ok,1,20140702151651
ilcheman,1,20140703135306
csm12123,27,20160805104640
sirius772,4,20150115165352
hobgob00,1,20140704083252
bbbbyc,7,20180402113915
tr4538,1,20140704174257
cromjoon,1,20140705145710
sskied,2,20140709160340
acheem,1,20140707082804
ad2016,1,20140707100108
han20137,1,20140707142302
jnw0509,1,20140707170016
omisos,3,20140709111531
sc9260,8,20170914132954
duria53,2,20160430152242
ckkc88,3,20140714122032
jish2000,2,20230922112500
lbk2115,1,20140709232107
bear0349,1,20140710135424
lbt5906,1,20140710150043
nanasin,3,20140725151632
pkj5069,1,20140711085039
sang69,1,20140710165034
emeth,1,20140711095802
jcytotal,22,20190508211804
slkimsp,3,20160822175937
jkee9,14,20170728124434
skk8582,4,20140715215122
nobrains,2,20160602093329
kjg1884,2,20140719101919
pr6826,1,20140714132635
dla0615,1,20140714161851
tym0070,1,20140714163212
pangie,23,20191216172402
rhkdals,22,20230220190655
farme,5,20160513164818
cksduq1,1,20140715161706
llsww,3,20171123115002
ommo1245,1,20140717094825
tac3202,1,20140717113546
vincent,1,20140716100217
dongil8681,3,20140909201325
kjh9636,2,20150406170526
dong1789,1,20140717174946
kwen400,3,20151020111623
youngwun,6,20150929094254
saminto1,1,20140721092536
dldhkdrl54,1,20140721163042
kaisar13,1,20140721163540
hoyhoy2014,2,20140722183450
mok9741,1,20140722111053
phj0602,1,20140722163121
k6865603,1,20140723114645
sky3467,1,20140723155358
kbw6600,8,20160615105321
miky3628,1,20140724133105
myhoob,1,20140724144302
cjstkchfhd0,1,20140724172924
windsjh7,1,20140725092905
gooodguy1976,1,20140725172751
miru1979,19,20210129155125
jyk1391,1,20140726093524
jeju9514,1,20140726164239
lcsh8,11,20180315050117
sgd6,8,20211007081120
emi999,1,20140727223751
ryumi2222,3,20140728105623
hooheon,2,20140728145915
kkur0218,1,20140728172511
eompro,3,20140730172830
haeyong74,1,20140729091941
lhh1115,2,20140816100526
asp554,1,20140730090645
1256yc,1,20140729190121
kysktj8580,3,20140814100623
dreamduke,1,20140730171700
ksy2513,7,20141121082125
do15dang,2,20150302110047
lovbump,2,20140804145647
encad123,4,20181214174827
firemansbk,1,20140804171523
lhj4202,1,20140805100300
pwn9753,2,20140806173257
sd4120,1,20140806112356
sskwen1,2,20140810093933
ydskjj,1,20140807091712
khy0211,2,20140807151001
kbsbank,2,20140807173506
dreamcity,4,20140926125323
geuktaek,36,20210604114019
sharif91,2,20140813222821
ksk911,1,20140808221313
dydxo2228,9,20140926174745
pwg0416,1,20140811081712
coungik,2,20201218155921
e67459,1,20140811113200
inho2487,44,20190331173426
wlch75,1,20140811160215
hong71,1,20140811171256
yaunsu,2,20140812094258
GK5428,1,20140812101709
jejuset,1,20140812120022
shker1124,7,20180312140034
jini3917,6,20141106182847
cgp4581,2,20140911151652
goldtoy819,1,20140813124816
sh6503,2,20140814094332
cc939,6,20190309075610
rlaghwnd123,1,20140814100646
rudgml0608,7,20201015100901
psy7889,2,20140814153904
h610909,2,20150608174850
choisunss,1,20140814222221
j0220670,36,20161216180645
goodhome,1,20140815184844
ymt7737,4,20140825112544
el6911,1,20140817150959
hyun1357,1,20140817224927
guwon3616,1,20140818100719
ijirlove,2,20140818140921
smdf112,1,20140818135601
ursus,1,20140818141352
ohsr,1,20140818143349
sh710,1,20140818151144
jangjuno,6,20141013164233
skipol,1,20140818173408
worksun,1,20140818182400
hoyoung72,2,20140902074316
sjy55499,2,20140903083442
amg0923,7,20150129200432
ctk74,1,20140820133316
hope111,24,20220122135059
chang2523,1,20140820145331
mis223366,1,20140820181043
sigea,1,20140820182554
kklee798,2,20140912131611
dduk2000,2,20141017110006
gmddldi,3,20160310100401
gg5358890,1,20140822163612
14790jin,5,20150206210002
kacs0010,1,20140823040353
dnjftn,1,20140823182136
keskjs,1,20140825114032
helloava,1,20140825140511
river391,1,20140825140707
52wonkyu,1,20140825170727
ans5384,12,20160223160002
sj447082,42,20190401103046
kum1392,2,20150108131713
yjjno1,1,20140827091601
suk1825,21,20191227163910
bceyrh,2,20141024101703
jjambbongbob,1,20140827172017
ghltkd23,13,20220627094231
shivanzz,1,20140828113742
garrione,1,20140829161456
hjmking,1,20140830085227
skc2358,5,20141229160456
na105da,4,20141031145414
ahrry,2,20150323164819
miso223366,1,20140901195444
jk070130,3,20140915160714
leejs1004,1,20140903115252
hanada11,1,20140903153432
ktw2001a,1,20140903173719
ibook232,2,20140918161502
ksca0010,18,20160815210250
dlemrwn1,1,20140904125552
sweetyu,1,20140904213734
kghyuun742,1,20140905083858
jcpp6929,3,20140911102514
ggggggg,1,20140907072304
guys24,1,20140906124212
evada1983,1,20160209171950
leehmu,2,20140918184532
kabayou1,124,20210708164423
bumiputra,1,20140910112135
kkwondam,1,20140910162408
shw8026,3,20141230154546
bene2013,1,20140910172509
jcyu0126,1,20140911094443
hanjin9042,1,20140911132137
gom2233,5,20160422075851
jisug68,1,20140912081904
hcg7900,2,20140926224004
ok119net,2,20140913112026
msnred,1,20140913125400
kgj9571,1,20140913172724
hyppel,2,20140916194746
asan1219,1,20140915074325
xiaobeisun,7,20141215101726
shinhungsu,1,20140915094519
kklee,1,20140916011920
chinsky,19,20160319165742
hyena91,1,20140916175157
sexistar,1,20140916203524
yu0726yu,44,20170406135559
sisips,2,20140919123937
howgap,1,20140917144346
ljgtop,1,20140918125006
blueyo7,1,20140918140818
aci1967,2,20140919105633
jcfan77,2,20140922103042
silver5ang,5,20160204174551
s4951804,3,20140927064430
samuel,1,20140922005810
imperial1215,1,20140922094313
danbee1,1,20140922141302
greenish,2,20140922152955
bottlejeong,1,20140922160815
dussla,2,20141023150921
b717171,1,20140923050947
borahite,1,20140923092056
daepak7,10,20200410175122
ceosuh,2,20140923151222
sj0843,3,20141114182005
lhb8778,1,20140924130822
soer91,3,20140925090055
dbgksmf35,1,20140924141424
s6715,8,20160510114046
jude89,2,20140925161045
youdesign71,1,20140925133728
leftlife,4,20140929132627
eyering,10,20160711152613
leeart4,3,20141030141138
darkshin777,3,20141201134429
seoepm,1,20140927091829
ama8919,14,20150722091049
autokill,6,20190119074914
gkswnd26,1,20140929102112
tank1057,20,20180114181101
yung1208,1,20140929141640
simjiin2906,2,20140930141632
gan1375,54,20190610082338
ckddnr1021,2,20140930173210
jygjyg0925,1,20140930201842
odp4040,1,20141001101633
jung1660,4,20141002150835
creep1977,1,20141001163228
jhyj2409,1,20141001172338
hojin1497,1,20141002163652
bokukr34,4,20141003164530
kis2420,1,20141003175520
sskim5867,1,20141005115031
prare,1,20141006111005
kmtopgun,42,20220927111401
kms113,1,20141007091610
cwk8804s,2,20141013121620
sbg12ddd,7,20141026155258
sichunlee,1,20141009175508
deeonoble,1,20141009230406
abyss1225,1,20141012131526
juno1016,7,20160325102502
e21son,12,20220505084359
lcl10041c200,1,20141013094853
blueluv4u,28,20180322095948
puhaha2121,2,20141013153332
ybk01,18,20171215102927
krex225,1,20141013160442
anhc69,1,20141014083741
ckddnjs5180,2,20141014102358
fbi5486,4,20150415141800
msms6212,5,20150321201254
goo1229,1,20141015165500
psy1705,1,20141015204454
redzzun,16,20170608154239
cnsti,1,20141016171841
rokmc0601,34,20220730102511
ayy241,1,20141017115502
ki6595,1,20141017120740
danggin0817,1,20141017131042
head1234,8,20150121115753
holypower,1,20141018102029
ccr1759,2,20150311091849
hanulad,1,20141018130738
ingeun12,2,20141022165414
sunrize6,2,20141031170831
lylzzs,1,20141020155533
H824,1,20141021141419
khopipi,53,20190110180147
kbs8358,1,20141021111719
keating0823,1,20141021143306
mrnt8,1,20141021153303
ssss,1,20141021171838
bigto0179,1,20141021172747
jjoj,1,20141021222426
jjilove33,1,20141022003121
woori79486,2,20141022145142
sopi0505,1,20141022134605
jjuny0123,3,20141023130226
ap2457,2,20150105211425
mo2639,2,20141025194456
dbamp,1,20141024113848
chocob08,1,20141025155127
lastec,2,20141028160711
ju6807,1,20141025221152
lovemage1,1,20141027203425
sdf587,1,20141028152525
rlagudtn84,2,20180307162829
skysoilman,7,20220712155840
tjrnfk,1,20141029152813
minsikgo,6,20141111163227
cchhaallss,1,20141030093817
aho1009,1,20141030094910
csycss01,2,20160819162257
hs5550,2,20141030162345
dyko68,3,20141105115436
muntler,2,20160322140822
goozila,1,20141031144935
db4522,1,20141102185152
igckim,1,20141103093554
masil2914,1,20141103102508
jbca6414,1,20141103135552
sjh11961,8,20150628065203
chlgks0504,1,20141104061957
kgparea,5,20151207171837
hw2104,1,20141104093617
billkbn,1,20141104145454
silver4m,2,20170602144014
zeronine,13,20180531060852
rudtndyd,1,20141105145622
kkmscv,1,20141105153411
yjnu12,4,20150406134025
dwcom,1,20141106144937
jsg1004,1,20141106150419
imagedj,4,20160211215554
ghkdtkdfhr,5,20150108104001
joe84,1,20141107154724
hanyj6204,4,20150303073009
kksb1029,2,20141109170927
ajh6407,2,20190304031338
jinbc7,1,20141109212514
goy4475,1,20141110093029
imnmbr1,1,20141110140047
saengji,1,20141111031149
dlwp20,6,20150408163114
DRSDF330,1,20141111171919
emh1001,1,20141111172236
kyasmin,1,20141112090705
yang6181,42,20151023133813
dooin77,2,20141114104910
tom2761,1,20141112220319
toolman2365,1,20141113083308
leedobiz,1,20141113103112
tnkim00,1,20141113160937
dldudc,7,20150521191937
ckgyghks,12,20241214131703
jejuset2400,1,20141115190713
geniusv02,1,20141117112725
lastgosu82,1,20141117130227
idie4good,1,20141117133407
sun73692002,10,20240505112125
posisilove,1,20141118111418
sietebelli,3,20141207205242
lyj741919,1,20141118172056
kju5419,1,20141118233542
chosk123,1,20141119122427
zelkova0101,3,20150618100855
dewhun77,1,20141120110611
c3031k1,6,20170531093817
kidooo,119,20210420175506
kj5722,2,20141120171903
camsoju1,7,20190315150831
umjipapa,2,20141121103240
kimjy9605,1,20141120184706
fotis,1,20141121100650
tom7055,5,20160520193021
k52013,1,20141121132344
ncstop,17,20160909134826
ulo2014,1,20141121160048
nacaps59,2,20141203120924
kk568556,1,20141122112119
kmgkge,1,20141122150812
sukking,1,20141124010727
xx77xx,2,20150126094044
sjyoon,4,20150617172520
jiwun1992,1,20141124161258
jslee8975,1,20141124214436
mynyoon,1,20141125132845
xotlr1227,3,20150223172053
smhan1010,1,20141125170606
luischoi00,1,20141127103843
gygy1010,50,20180628122047
jdc357,1,20141127155407
espodel,12,20170515170320
diadiass,2,20141128150652
rokmcsg,5,20150417173649
iisee405,2,20141128153031
point6670,1,20141128142211
kimhyosic,1,20141128173008
01023510707,3,20150319154008
ldw1907,2,20141201101909
lu4xury,1,20141201131432
engineer,1,20141201170712
q2372q,1,20141202101104
wook1014,7,20150526045737
ksm5307,1,20141202120347
podory,1,20141202165523
jsydean79,6,20150311175855
qkaskqkd,2,20141203141204
giloy03,6,20170628170703
rktmfm,5,20150120085345
hunter79,14,20160415212200
scw1985,1,20141209162856
tadrow,12,20150528163349
god1372,1,20141210093050
airenvjyc,1,20141210141119
binee7,3,20210510184904
hoon1575,1,20141211092436
kiluki,1,20141211100153
dmsgp323,3,20150817111328
jh6129,1,20141211144429
seob0801,1,20141211155316
hearam,1,20141211170226
sh269han,15,20210820122918
beoseoss,2,20141215171012
opgll,1,20141212185254
hsyup,1,20141214190828
plusab,1,20141215120101
tkdzmagksr,2,20141216090419
liimhi,1,20141216103818
kcfrank,1,20150108164530
jhkim5857,2,20150302120507
eun11720,5,20150109104424
kimygoo0909,2,20141217162210
his132,1,20141218090721
syho59,1,20141218145050
siwoon2,1,20141218153844
cccbaby,1,20141219024520
xclub2000,1,20141219103832
divalight,1,20141219171112
k886860,1,20141219115412
wjdwoghd17,10,20190902091649
glsenry,1,20141223095946
geomok,9,20150123144321
tkdwnsw009,2,20141224153220
leesy316,1,20141223150024
kor3789,1,20141223165040
jca0t0z,2,20141223204051
bos4545,1,20141224125949
rose1490,3,20141229091430
sgs0488,1,20141227135123
KYS1835,1,20141228001052
kys1011,3,20150102151003
masan55,1,20141228225232
signpia1,2,20141229105920
kpjjm1997,1,20141229093340
wheldl,11,20171109180055
bgc13790,4,20150107114507
ybcljh,1,20141230172304
yumico22,4,20150112173126
wangjajun,40,20230327144705
wangsuseo,1,20141231141708
m4981,3,20150109110721
db45220,1,20150101132121
gokbm,3,20150103124146
hmj1004hmj,1,20150102162440
dpesa,1,20150102172425
ds0186,10,20150224142212
jhkim,1,20150105142716
pn3333,1,20150106211157
hynni79,1,20150107011516
speedhds,3,20150107120814
ymandlee,2,20150107174854
dpvmeltl,32,20171013142957
kph1144,1,20150107113156
redguitar1,37,20150612170713
nadhec,1,20150108173532
ezshark,2,20150115090042
knowyes,1,20150109150350
tkatmd,2,20150109085807
in0111,1,20150109105700
ohleeoh99,1,20150109110210
cspft,1,20150109114020
hwoui,2,20150204150109
c378h,1,20150109162228
ksmail3398,17,20230823174013
choi7209,3,20170726083853
eliogold,1,20150110142807
mirajunw1,2,20170817090056
korye1216,4,20150216144237
pcs2752,2,20150113140710
tschumi,2,20150126105033
bearhuni,10,20160104130606
mwsgood,10,20191213103628
skek0115,1,20150114142049
najun6001,1,20150114155414
hildnim,1,20150114160337
psy3557,2,20151106144957
khcis,1,20150115091033
top5612,3,20150203114246
babasa,3,20180226103325
restapol114,1,20150115134433
cjk6700,3,20150402082318
kaism,1,20150115150350
jr3angel,11,20161108110144
dains2002,1,20150116113756
ktjang5886,1,20150116133914
ssang7841,1,20150116140229
mingyver74,1,20150116160253
drec2050,1,20150117091719
les05,1,20150117093808
leeun99,1,20150118153125
ilmin1009,1,20150119170746
motionjh,1,20150119184314
geva133,2,20160123211151
ingkko70,1,20150120141952
kwleesb,2,20150120173018
ysi0512,53,20181012131220
kimdesik9596,1,20150121081820
vivas5511,1,20150121112831
dmrdlfjs89,19,20180526075145
zo15,1,20150121133155
gurwnd0101,4,20150324170507
01074753658,1,20150121163731
jsjcjswo,9,20150626133008
minaki,1,20150122151511
sos970708,2,20150122191904
parking,4,20160218153720
freekim,2,20150313131140
muzin3842,1,20150123193806
you11731173,4,20150223224025
dksdudwlr,1,20150125224742
gagopapcs,4,20150622093943
kumlin77,1,20150126141331
yuch1225,3,20150511130916
smgod,1,20150127114249
progro,1,20150127140204
hanchang2836,2,20160103153229
jujjuclub,1,20150128104051
garahan,2,20150130091827
a850987,23,20170203084708
hany9981,3,20150128174330
mulbull,1,20150128161423
mayapp,2,20150128161842
dogsfood,1,20150128162231
crs2hm,1,20150128180801
ksin56,6,20160728025608
alsdl086,1,20150128215150
kbh2623,4,20151102161356
joeitec,120,20180319235300
speed9696,2,20150209110316
shleeyes,3,20150322112837
joypark,1,20150202141234
s2nori,5,20150203161955
hyunwoo7941,1,20150203030659
ivyjini,1,20150203112824
kwangdons,1,20150203141915
itschool,4,20150216130536
ssy407,1,20150203162000
hcj1348,5,20150517155428
sealove799,1,20150204104819
comeon8201,28,20220520154804
ks121013,1,20150204190233
1seung0,11,20150604061849
Dhdktjr,1,20150205220411
eml2004,1,20150207175638
freebandit,2,20150216144503
kij8559,5,20190105220914
youm0018,8,20150215191745
nambi1110,2,20150319093231
highmans,1,20150210163700
yeawon,1,20150210174705
rudans3412,1,20150211180256
dulhee,1,20150211215802
dragon0904,1,20150212141652
lhman0325,1,20150212235720
johgi1234,1,20150213093819
bejitu,4,20150303140419
chqnrdl,4,20150628161521
gi6004,1,20150214101849
aurora100,1,20150215131457
musa0510,1,20150216142151
roeykm,3,20150302171031
hukkkkk,2,20150216175248
knbae1,1,20150217035908
dkkim82,24,20160213091820
bbijiley,1,20150220163707
bong4557,5,20150516203334
gpdjwlrh,2,20160711150538
luckyjhs,1,20150224152853
prohhseo,3,20150723132510
zapsage,2,20160930114704
lkc0694,2,20161123213623
jsm01022,1,20150225163624
civil1981,1,20150225172931
seumsteel,40,20210106164233
aidd0840,1,20150226101045
bae1851,10,20190227210731
hajinia,1,20150227110837
SIM3702,1,20150227142326
jyc1214,10,20200827110558
superior1975,1,20150302072719
seosy1130,1,20150302093454
khh5804,2,20150302113526
haseyo,4,20170524090747
sonic82,8,20221019071928
kygoo2005,1,20150302140104
qeeqee,5,20170302094041
im09,1,20150302153906
lucky7th,1,20150303082248
rukahiroin,7,20180823152347
ul5978,5,20160308100339
xenqu,4,20150303174357
ycn4050,1,20150303140539
ivory5962,138,20210705102043
lhm4187,5,20150801144014
tiger7m,11,20231214115320
hhk1022,1,20150306153224
baby100475,1,20150306164702
year1004,1,20150307222023
qkdn1050,1,20150307223042
cloud3668,1,20150310165220
hs4979,35,20180809183802
kjo7313,1,20150310184713
whdrnr96,2,20150312130309
chae1507,3,20160218173139
flyjieun,1,20150312134135
jaewooda,2,20150313174645
phil1022,1,20150313091401
ccook,1,20150313102828
arasa0815,2,20150331103500
kbs200123,1,20150314181412
kkm103,1,20150316021101
wsppp,1,20150316112651
cheonjha,2,20160118112923
cypher74,2,20150402110951
jjpc84,6,20210115140531
didvk06,1,20150317104424
chaoscorea,4,20161110133522
wns7449,5,20150612083639
kjy6359,1,20150318122528
osk6409,41,20191028071320
ggbae38,1,20150318142618
thrutech,1,20150318221127
mydidiyoung,9,20210426142111
jinhyukasd,1,20150319115916
wonidr,1,20150319162113
lshphoto000,1,20150319204214
firejins,1,20150320081611
owenism,1,20150320160813
kimokok1104,1,20150320175810
guscks1234,1,20150321084245
romeo223,10,20161025150350
h324gk,1,20150323140934
andruekswl1,1,20150323142643
column3,10,20160309082842
bbswan,1,20150324092010
ijanggun,1,20150324175222
choung87,4,20150814153243
mylookie,1,20150326005520
son6020,7,20160206215951
jen524,1,20150325154043
nojihoon,2,20150424164738
gyoojinjin,1,20150326102209
kisun,1,20150327060526
dlguscks,1,20150327085021
kjo3843,1,20150327091259
leeseokwon10,4,20150409132205
ojseo,9,20171108104626
euro082,4,20150415115055
andres0815,1,20150328074820
hj2001777,1,20150328092500
CENGLOKWON,1,20150328172513
njs7004,2,20180217100210
trapho,3,20150409181001
kmk8375,1,20150329175208
sis9097,3,20150408173740
sidjm,2,20150330162321
nkh1212,1,20150330163206
ask2050,3,20150404163700
ruka,3,20150415180002
kiddhong,2,20150407114711
secosale,1,20150401103524
kwang2k,1,20150331205044
koos,1,20150401150725
kim520518,3,20150515084904
sic4862,13,20170307162515
lsy8214,1,20150403154132
sbs5437,15,20250609134213
003dmz,7,20150415215814
ba6112,18,20190428125258
wkd7968,1,20150404210657
xingfude,1,20150405104913
phthgy,2,20150729171158
yools0109,3,20150408112614
jjumjang1,1,20150406161713
kamir73,27,20190328072356
skyjingu,2,20150409133417
ksg33331,2,20150512095023
goibito38,3,20160211095612
rlaqhfk125,1,20150410133244
maitreye,2,20150414155105
survey21c,1,20150411124104
gys9757,1,20150411212903
kank8910,4,20150416093106
lee8404,1,20150412170913
rhtngusals,18,20151112122151
lim55048,1,20150412231150
live77w,1,20150413152336
cyw0000,5,20150831094935
kk0569,1,20150414114010
myfran33,1,20150414114908
kang7554,1,20150415135817
crystaljun19,1,20150415233239
jaerico1,1,20150415100337
ynryoon,1,20150415110407
cjg0617,5,20150809084247
well74,1,20150419123340
pgs517,1,20150420144117
darkwar01,7,20180514172512
pkj3822,1,20150420175225
mungum,16,20220801175733
mrsign7,19,20200812104712
kdhkimm3,5,20250212120456
lcy0923,1,20150421145638
jyh8114,2,20150502001153
goobs9,6,20240826130759
soon2509,1,20150422194641
sach78,1,20150423144450
gdh82,2,20150612080143
cjjy12,1,20150424141549
ankangheon,2,20150506130009
DK6709,2,20150427171011
jeongmo511,2,20150427194801
mtg8989,1,20150427144427
eeee0604,1,20150427161937
3288573c,11,20200707123132
tlarnfk,1,20150428155230
twotwo54,4,20150703105641
hak9505,3,20150525184630
inkan76,2,20150429103930
lmbn,1,20150429104717
goyube,1,20150429125634
tehckor,1,20150429145521
ehftnqkr,1,20150430172919
kjh32572,1,20150501114422
ugwok45,1,20150503143227
mememeyou,1,20150504111759
oathfree,1,20150504092824
gyu1116,3,20150514145128
kim3534163,1,20150504204103
lovetaem,2,20150505114046
younggu,5,20150506170418
teardrop10,1,20150506151917
saere997,1,20150506164645
tamsori02,2,20150507100629
shj5784,1,20150508113233
hairin2000,3,20160627130417
gody80,3,20150513163454
smokey22,1,20150510145608
cccbaby01,4,20150511040043
websystem71,1,20150511124110
kty1801,5,20160423191855
leewsyy,4,20150810103131
snaketj,2,20150512165140
scipioan,1,20150511174343
yjhok21,4,20150512091115
crystalisme,1,20150512133108
chil00,2,20150529201057
ein21,1,20150512114745
ccc706,8,20210614211541
choi0914,1,20150512214416
wooaweea,1,20150512221645
lkb7931,1,20150513093542
ubumjin,4,20171128164430
kong9412,1,20150513142131
leedongho,2,20150526175217
chosang2244,1,20150513154622
wntjsl77,1,20150513173829
jillian843,1,20150514124638
young0611,4,20150724123701
williamhuh,1,20150514173310
ajavictory,7,20170206061902
dish486,1,20150515134951
gdj365,1,20150515080009
dldlsaks,1,20150515181036
sezuan,3,20150518143057
sun016000,8,20150707102846
flower,3,20150528023920
luckjhj,1,20150518101937
galaxy,2,20150518160258
naive0947,2,20150520080126
lbh60,1,20150519101724
ricky122,1,20150519113108
woogari,1,20150519115837
ryu5114,3,20150521022103
showback,1,20150519152528
tlsghk22,2,20150519182346
sh2003v,2,20180226171813
ock1970,1,20150520113016
coreit,3,20150526224344
000sp,5,20150608114225
bcucucu,1,20150523001341
cbkkkkkk,1,20150523064135
jch0517,2,20150612143538
yeah119,1,20150527020503
hyunpiry,1,20150526200804
ymk7597,2,20150612144552
athminho,1,20150527192134
skswltnr,1,20150526215101
green73,1,20150527011103
dino10722,6,20181221105749
eng2945,1,20150528003455
bok6833,1,20150528225112
twin9904,1,20150528175924
tz103,1,20150529194716
sewon2412,1,20150530013259
jang5125,2,20150603163319
cmd1203,1,20150530190707
rhdudwls782,4,20150624145514
gsb0726,2,20150601202639
sgro,17,20190617141405
ncco,2,20150921142038
chos1105,1,20150602185950
agral,5,20160423183230
coreit1,2,20150603094905
coreit2,1,20150602193932
coreit3,1,20150602194043
coreit4,1,20150602104706
nj97005,2,20150602195253
cndjr,24,20150827110659
ban5170,4,20150821140258
sbs8800,2,20150603134917
tlwjdtk12,1,20150604144638
zizigjgj,1,20150604131328
rladydll,1,20150605152448
didhd114,1,20150606003852
kn8913,1,20150605140713
vagabondage,22,20160211141313
thank8896,1,20150606141250
ssc1236,4,20150612152133
suyuk,1,20150608090735
yms007,3,20150718110652
ms1472,1,20150609084440
shine60,1,20150608100136
bhy120,1,20150609091156
boiijoji,1,20150609154357
rlawlstlr112,1,20150609164812
haka38,1,20150610165000
rntls1,2,20150610160641
k103102,1,20150610192411
nile2sor,1,20150610172525
stingkyh,3,20150616084021
ahn4901,1,20150611175013
jwh9018,1,20150612120300
KOREATOWN,1,20150612110156
goodday90,1,20150615111823
ami7214,1,20150615163832
lionkjna,113,20231130154851
neverday7,1,20150617112440
jty10635,2,20150624174941
drcoma0,10,20190315033824
heoky1,2,20151118165128
archit4u,7,20210329141212
yysjjh,1,20150619100515
leejwcnst,2,20160126091243
mansin39,1,20150619114435
jejuset1,1,20150620113433
mingki502,1,20150622110509
01075421200,2,20160926183106
scarletkjh,1,20150623163715
goodldb,2,20200616112914
deggirikr,1,20150623131225
aquaxxx,1,20150623143250
chonglee41,1,20150624125354
schizma,2,20150709114313
nickkno,1,20150625092925
youngi310,1,20150626094953
mongter2002,1,20150626090439
deggiri,2,20150709051147
chohoon,9,20210713233002
erase7612,5,20150924202351
douel,1,20150629100757
shinerun,1,20150629141716
civil9475,1,20150629170050
kingskid,1,20150630112445
srrnb,2,20150630132752
dbsk0930,1,20150630164126
bbbbbb222222,1,20150701124037
sansoo231,18,20150824025112
SDH1265,1,20150701174609
skysudar,3,20150714102314
leeraha,2,20160422094447
cmsgood26,1,20150703114948
lkm0615,1,20150703134024
choitjdwl,1,20150703163615
jumpus,1,20150705164153
tjks2000,1,20150706101726
tonor,1,20150705174408
modest34,1,20150706223303
goods96,1,20150706180110
hisviolet,1,20150709112110
sky102370,1,20150708171036
goflrjf,1,20150709135824
startms,1,20150709104614
han3371101,1,20150709105344
vonin0076,1,20150710111915
cora8653,2,20160726102135
st7834,1,20150710174518
kajama73,6,20160629170301
yidaewon,10,20160109225600
shanikim,1,20150713131622
ejrgus6,1,20150713123347
kmg0158,3,20151029164149
ldh6201,5,20200409110646
sigmakross,3,20150717084633
ktyjonna,1,20150714165633
zalayaydbu,1,20150716120053
2sangmun,3,20150717101547
good1307,2,20150717100929
chcho5428,2,20151221101842
aedy16,1,20150718044031
cpmw213,1,20150717104819
huntsk,1,20150717164303
kjhg223,2,20160209140944
jeush10024,3,20151114140738
sooc7392,1,20150720151157
fish2117,3,20150721122103
trytolive,1,20150720185447
tmwm72,2,20150724154747
isjee,6,20150729112604
kihkicky1,16,20170509154502
jjkim7425,1,20150722134724
baejji,4,20160208215624
rywns1019,1,20150723100216
msdoo1004,1,20211022093002
dokya,2,20211027151227
hipac99,1,20150724153807
jinheesl,1,20150724110218
jhkangb,1,20150724115305
eoejrrkddjq,3,20160831155808
therich119,2,20181116162509
chsik26,5,20180806121345
parkgisuj,1,20150727164105
omwjka,1,20150727091614
magicswc,1,20150727104719
k12301551,3,20150729105651
corea1950,1,20150727170600
lele01,9,20170213104028
lbw1399,2,20150729153012
violet0610,8,20151216094834
younhasuck,2,20160208165649
jhd2468,2,20160425153450
jejeduri,2,20170719101257
togil72,1,20150729173122
etlee,2,20170726090728
ufghu,5,20151216214601
asan1333,1,20150730103025
hyunsuk5599,1,20150730104540
yongheum,1,20150730152414
kwang5,1,20150802105302
elroidan,1,20150802180406
beon333,1,20150804091750
pjw1519,1,20150804094620
namk78,1,20150804130611
nightmouse,1,20150804134851
leeyonggoo,1,20150805132441
balmoong,2,20150805112012
hhihm,2,20150806111550
tkl0412,3,20150916133313
THESTORY,1,20150806133207
ks2357ks,1,20150806161148
jal7208,12,20150903171733
one6382,1,20150808022443
kyojang95,2,20151107124705
heewlswn11,2,20150809210304
sfsos,2,20150810140351
nova3651,4,20150812083801
wter2,1,20150810204842
merssm,1,20150810175213
joon9114,3,20150818202842
wjstjf77,1,20150811124254
yangho2357,2,20150812063418
kong9575,4,20170813184702
goodlifer,1,20150812112012
sktldh,5,20160707162935
heojin4,1,20150812132357
superman1017,1,20150812154124
rnekfska,1,20150812133657
misung3166,1,20150813144308
dragonfirst,1,20150814135409
kiho6959,1,20150814163835
kth1488,19,20200509113403
crovax,14,20170508132015
lywoo5969,1,20150817083551
wksel112,1,20150817140634
y2kim1120,1,20150817103714
yunhael37,1,20150817185707
director50,1,20150818105847
afodo,1,20150818125641
bje670824,1,20150818121422
chunydon1958,4,20160419113857
yun7795,1,20150820095007
kikiho73,15,20160418141059
emethk,1,20150819161019
namgontak,1,20150820105135
kjk4216,22,20151127091017
a4z1g,1,20150821174239
pbg606060,2,20151027035428
djaxodnr,1,20150820143822
kimbmin,1,20150820191508
hoem1,10,20170206094213
ktfksh,1,20150825135925
d9460002,1,20150824094656
sis0402,1,20150825151346
quddn330,3,20160502135913
manpower007,6,20150831100513
gato134,4,20160119141636
seseng,2,20150825182254
kwon6869,8,20161124111801
ktu1964,1,20150826101255
bus1199,2,20170320184351
osk222720,7,20220730212153
lsh8214,1,20150826205134
wlgusl6151,1,20150827103537
woojuek,17,20160222092324
withu4eva,1,20150827093444
dbstns6811,2,20150903143926
lhc8678,1,20150827124149
daldarry,12,20160311131946
ilsukee,2,20180618143238
kurt94die,60,20221202150446
greatkrn,1,20150828133326
kungsoo1749,1,20150828160207
dumbbird,4,20190517103157
pe2266,5,20180831122130
kjc903,4,20161225174602
un2922,9,20170227124458
hangils,30,20210912072824
hjey0207,1,20150830195941
asan7485,1,20150831165304
kjc133,1,20150831173738
kose907,1,20150901113628
syaki227,1,20150901135236
rlaghejr,1,20150901192427
qwebik,1,20150902093157
dream0295,2,20150903101428
sksnflskfk,2,20151028130827
godblo,5,20150911130556
jalhaja9,1,20150903182533
y9434776,2,20150920203838
royyoung74,2,20180703151537
gountae104,1,20150904104512
dohyubi,1,20150904131535
lwt5132,1,20150904124123
warrious,5,20150911202231
maxcat,24,20190531100535
kbdyega,13,20210104142454
batena,31,20181012165829
sebok66,1,20150908160633
ssangbpk,1,20150909100558
seoghwns,2,20150912084010
gocce77,7,20231228155958
donjiki00,1,20150909170405
jeawon0822,1,20150910140500
chocogril,1,20150911161928
jhg00,11,20201220175816
foryoupsy77,1,20150914110523
2hansaem,21,20210126133209
han610909,1,20150914153454
dise00,1,20150914175924
romano3880,2,20150915171813
jaeryun,3,20150925144048
kbs456123,1,20150918101710
hoon8504,3,20241009112000
hanimm,1,20150918131100
snglee,2,20150923101202
juniorjuni,28,20201015102745
jjg6636,1,20150918161725
unknowsm,1,20150918165028
zcbzz,2,20150921134810
onr0415,1,20150921095009
ddlwltmd,5,20151001180205
Dragon1689,1,20150921193943
mx3770,1,20150924091214
yis1925,1,20150924091640
hy1125kim,1,20150924163851
tpduddldostl,1,20150924160020
h1o2500,2,20150930102825
tazoil,1,20150930140638
han5152,1,20150930091628
umonade,1,20150930093236
kyong4532,1,20150930094018
mast1009,11,20220222135438
bobo4035,1,20150930102437
kimyoung1147,1,20150930150733
alsys001,1,20151001182709
ord001,1,20150930142649
jsseo85,1,20151001094209
won0522,4,20180716161346
giminabba,1,20151005083750
alsdn235689,1,20151005140123
sm4325,1,20151005105714
c55014,4,20180207091216
dlulb5239,1,20151005114911
bota1004,5,20160701151311
glimmer7942,5,20160301185019
gongsu0,2,20151120153752
teandpen,1,20151007154555
popq231,2,20151008092912
skyvega,12,20161208171147
nada7890,4,20151008172538
jsd3915,2,20160404092642
rockhg,1,20151014152858
snnn8234,1,20151013134327
bluesky76314,1,20151014162208
freegeun,1,20151015225703
nistrom,1,20151015112720
realblue92,5,20151019154326
mother908,1,20151016151233
antisolo80,1,20151019152041
qedxya,3,20160304083604
onlycharm,51,20220612104618
duallongs,16,20211124161956
kgpsteel,4,20210331151222
ksteel,1,20151020140236
yslee,1,20151021140254
kingspy,2,20151029163014
kwonseo88,1,20151021161442
kmwon1,1,20151022144333
tjsdlr4,2,20151112135058
tree2019,1,20151022152441
luckybat,5,20151026100302
sarm778,1,20151022195748
OROS6320,2,20151024161242
susu0825,2,20151023131717
shushu,1,20151023153725
hunter3712,2,20151026171057
lkh04022,1,20151026165322
cokahe,4,20151105091515
koreap,1,20151028091010
gold4u,3,20160807135949
zxcq77,10,20170410084148
sykim0131,1,20151027171618
jis6500,1,20151027174357
t0801111,1,20151028100612
bangy76,1,20151028150742
taehongno1,1,20151028143043
iandesign,1,20151028153039
superman9,2,20151102160556
jch6828,7,20160916180344
k1234,1,20151029112340
k05254,1,20151029091440
kdsing68,4,20160813143404
nnsmkhc,1,20151029154255
kim7611,1,20151030092720
rlapr0737,1,20151030132739
pastor111,2,20151112095128
manlee10,1,20151102200013
phtm209,1,20151104003002
tachyon,2,20231129150839
sk3230,1,20151105141319
from2dj,23,20170626113405
skyandline,1,20151104143916
mansh14,1,20151104160650
set2298,1,20151105090556
jnlaaa,1,20151105170223
lswdltjddn,1,20151105145326
novmagno,1,20151106103949
wwwjun,6,20151229112854
hideto018,1,20151105155301
skrwlsla,2,20151106190508
yoo4762,1,20151106052913
handlemi5,1,20151106084957
tomoca11,1,20151109161331
hcm761,1,20151111061018
osy3737,1,20151110100406
bd9676,1,20151111092740
wj4001731,1,20151112144625
insung113,2,20151215210801
ac1166,6,20171019111128
chick620,20,20160711171544
hgh2s1,1,20151117102242
lsho02,21,20250519100915
asl8438,2,20151122000315
darksky4321,1,20151119134115
ho9159,6,20151208131445
axono,2,20151119164230
airp1004,3,20151119162820
kys70522,1,20151120140538
inter3840,4,20161227120426
cjg617,4,20151128083758
chg1515,16,20160719161510
csk9941,5,20160302132633
yhc9941,1,20151123144813
gjgus1423,1,20151125140327
ever0903,30,20160711084715
k820612,1,20151126105801
lee397971,1,20151125160710
kjp2010,9,20170314173415
dsk007,4,20160121184017
max2114,1,20151127132147
swiss0731,1,20151127163631
forellena,1,20151130111249
sjcho77,1,20151130131758
zillidian,14,20170405121527
kam7979,1,20151201185005
ikangsan78,1,20151202094123
enencjsgk,1,20151202133301
ssb225,21,20210310135442
any119,1,20151202170826
antr0204,1,20151203104130
sonjjang,2,20151204112601
mistique2,1,20151204091426
acromax,4,20190409173947
davidkim,1,20151204121140
kimspeed1106,1,20151207081914
bioundo,2,20151207103247
lky2016,5,20200315141505
hansoo0923,1,20151207170236
nsmdjyk,1,20151207153837
jdds88,3,20151212094829
psk0450,28,20190426072829
ruppa,6,20160217152520
aj1008,1,20151211083121
lsh2466,1,20151212103148
lwc1975,1,20151212134240
s11w11,1,20151212134830
sla3124,1,20151212165719
ttl8150,1,20151214004617
musul93,1,20151213223214
jm7688,5,20160502135601
choskshot,50,20190611163253
my1335,1,20151214154853
neochales,1,20151214163346
dk7347,1,20151214174627
hyh1101,1,20151215135617
ksh890,1,20151217152305
y0332,15,20210618160101
m43501,1,20151219143204
rms0423,1,20151220131340
chjw99,1,20151221170932
wkdpsn,2,20160104141930
fishjjong,1,20151224103731
kys7389,11,20190622192007
jjm0344,1,20151227164155
pobione,1,20151228162634
slmush,12,20210412162632
a880816b,7,20160307091457
kyg6333,5,20160331113340
dongdokr,1,20151230142121
psh6951,2,20151230102754
hvideo,4,20160329144308
jkang60,1,20160103171749
whdmstlr3,1,20160105093141
kjc54647579,1,20160105094516
moung623,1,20160106162555
Ccm0344,2,20160105180336
todrn25,5,20161223095819
notobe,2,20210305111856
wkdtjdwls33,2,20160107134805
loco2997,2,20160123003829
2222kimc,1,20160107060612
ashyriss,2,20160225075018
j5868,1,20160107113738
forever3012,2,20160107194607
roca8888,2,20160107142800
2012vision,8,20161109101938
ehddnr6958,3,20160219114823
bs1163,2,20160108195250
kiwonti69,1,20160109105603
fishing,1,20160109234205
cubistc,1,20160113074550
ddoki00577,2,20160112173032
block87,4,20160211195525
shanyjt,1,20160114091154
catmt0906,1,20160114201727
tksqor5753,1,20160115144143
shangren,1,20160115095415
hjs3090,1,20160118053737
hj1048,11,20210616125201
lsj6153,1,20160116121317
kwe91,3,20180720175325
jur401,3,20160127162717
choi0911,1,20160119112159
whosteel,1,20160119102124
jin8443,1,20160119123903
woo8822,1,20160121131853
jws52105,1,20160121220659
kjc9031,1,20160122062815
oksuny88,1,20160122105409
71111hks,4,20161224104708
jhl8167,3,20160125152108
k5s5k5,1,20160125195932
de2114,1,20160126113601
b2yond,1,20160125210848
pdj3221,1,20160126094648
papa98nodo,6,20181025102825
sglee64,3,20160923155256
namdocoo70,2,20220916062903
bongbbal,4,20160201102552
djm2309,4,20160130044810
HHY1159,5,20191107172113
bam6360,1,20160201172749
yjid5054,1,20160202014315
ksosho,1,20160202000335
lgyshhlsj,1,20160202090915
jdj776,7,20160607131924
feel7208,9,20170103163336
cherr0909,17,20180920110452
yk1967,11,20220222093841
eng1284,1,20160204083153
wmjo408,1,20160203162950
sugar8508,9,20200420100818
fronter78,5,20170120090614
pkro123,2,20160205122944
alsrn0842,1,20160204142643
aa500615,6,20160428014056
back4084,2,20160525130342
keep2002,1,20160206150620
ilman71,1,20160207204712
ejaeng,4,20170228181434
tigxkfogkf,1,20160210103251
ss4272,2,20160211004158
zilju7047,3,20160309131910
tlgiho,3,20190806081747
emt7964,1,20160211152700
harold87,2,20180117104045
hello2d,1,20160213000255
Top21pik,3,20160425111259
socuri,1,20160213153922
siso71,2,20160308154105
instr012,1,20160215091409
wook4227,2,20160216132247
seokin980,1,20160215093218
eunanii28,7,20170120085912
wind11,1,20160216104311
kbsniper,3,20161018151921
caul80,1,20160216201713
dhorzi,2,20160217162844
cloth10,1,20160217170625
rla0737,2,20160218130004
sasuring,1,20160218093355
cgleeone,1,20160218110601
runlsy,3,20160223171539
sbjoon103,1,20160218114314
ksshin01,1,20160219145741
dmswh3881,2,20171216104452
choiyul,7,20241107102909
rlatns9120,1,20160220125944
indooramuse,2,20160222123620
ykay80,2,20160428142451
honglion,1,20160222143109
key012600,1,20160222124713
youkki8898,1,20160222151901
spring,1,20160223004153
rjqnr01,3,20160225104316
kevin1280,3,20160224203101
recovery07,1,20160223144705
dohy06557,11,20180828072646
cyjh1022,10,20180619152302
koj7372,14,20190121085213
qkrrlckd1,1,20160225131542
sense7910,3,20170731102708
toehd1,3,20160229174925
godane3920,1,20160226114326
save2002,2,20160302131126
kws0058,3,20191211093409
kis5772,1,20160229180357
kjhline69,3,20160313173937
hyuny8888,2,20160316140232
dregon001,1,20160302104514
choipir,1,20160303103926
kwangsuboh,4,20180127063020
sdhmd,2,20160303142649
tjrtnek1,1,20160304060615
dabin20004,12,20210210135931
playaboy1124,1,20160305130712
pjhoon88,1,20160304170635
jjsuk1189,2,20160418100556
dot7412,1,20160307115351
nettt79,2,20160307141335
imoongchy,2,20160307145408
nwinuri,1,20160307111711
maripgan83,2,20170222142706
agape04,2,20160309102520
jy2y3,1,20160308140811
hyosungchun,1,20160308145238
accwithme,10,20160517132306
k3geux,1,20160309170853
kjh1065,1,20160311110403
goddragn,8,20160317151012
jisan0000,3,20210317141304
styuik,1,20160311174056
okh1127,1,20160311151701
lmy9914,6,20170402214323
yes5600,5,20160706085427
zero10002,2,20161024124622
heeyoung6199,1,20160314203918
chiyunkim,1,20160315110755
phgogogo,1,20160315091626
sya2k,1,20160315110121
lbd1998,2,20160324143217
simi0723,3,20170719134619
dlrwns223,1,20160317094055
kalispol,1,20160315154751
bakma79,4,20160822104051
sone721,1,20160317201613
ibs846,1,20160318105426
oilmix79,1,20160318093647
kimjinsung01,5,20171118100348
ka21000,39,20250516101940
khc9221,1,20160322201941
jammire,9,20190703171529
gbro,1,20160323014314
mcfeelingg,9,20160613133957
ggg9494,2,20160324115851
wnddyd13,3,20180124100823
kwon0419,1,20160324180248
pungha,1,20160325150631
juda70,2,20160327024330
heojang,1,20160328113641
mlcc,1,20160328141438
bk1002,1,20160328174408
pchnet,1,20160329110816
soul83vv,1,20160330002708
ehyuk72,1,20160330142054
dalyong,1,20160331170845
jejky,8,20200406165508
elfspri,8,20210419102335
you0650,5,20160504105810
ppassme,2,20160404203516
pbm4321,1,20160404091200
WOONG,1,20160405085742
qudtlr1664,1,20160405132943
yium1050,1,20160406231538
hkh9293,1,20160408143616
ko2231745,2,20160415105212
j810504s,1,20160407163320
gksemf4,1,20160409113941
b2yond74,1,20160410125900
powercjswo,1,20160411070134
aeon9135,1,20160411131215
SEAWAY2,1,20160411112533
chw1217,4,20160903093109
kama10,2,20160427165707
landcome4216,3,20160412110541
dokro21,1,20160411200730
yof321,8,20160907082042
browntu,2,20160412144721
llee207,1,20160412145248
jaejun9909,3,20191221161017
tidylion,6,20160509175710
zaemyn,1,20160414170908
hyjang2000,1,20160414105334
kyenghl,2,20160414155613
mbk1611,5,20160601075518
parksy8000,3,20160417180756
songpoll,1,20160418133614
apromise12,1,20160418164337
clickmaru,1,20160420095952
nojib1,5,20190707164322
hkk2475,1,20160421095700
sa8601,1,20160421110725
yeru1,1,20160422091147
k711210,1,20160422143636
armiusa,1,20160422150543
ejiang,1,20160425174054
aaa3694,1,20160426001155
toptop363,1,20160426114421
bak1st,1,20160426103947
snlee5719,2,20160428100059
a5512b,1,20160427151913
insideline,1,20160428093650
yesican0,1,20160428134130
ch5025,1,20160428175219
ghostgk,1,20160428160857
shkui93,1,20160429163435
7065021,2,20160530204736
mansu4,1,20160430150827
ndw5006,1,20160502103425
byeon0954,4,20160501222254
61281183,1,20160502110419
dltlsgml83,1,20160502143909
gnuj123,1,20160506104641
dnjsrkd1184,3,20160823132644
sk9229seo,1,20160507084022
xcha303,1,20160508220319
spsp23,1,20160509172937
softsoda,1,20160509130419
dduduk2,1,20160509180027
swetys,4,20160511075627
sths001,1,20160510142039
ovanam,2,20160511095120
dongkiduck,1,20160510162857
hohai7115,1,20160510165346
housingg,28,20210516110244
chun9097,1,20160511095909
xing626,1,20160512082323
kmy1777,1,20160512094614
sosf82,2,20160512152603
bercks001,4,20160519170942
baskin41,1,20160515145124
lysaps,1,20160514143310
jj125jin,1,20160516120142
sungmico,1,20160516101240
lee710,1,20160517091543
lhj6912,1,20160518094016
cjfvks,1,20160517153439
esc12,4,20160525092042
chanshim,1,20160518150831
dyno97,1,20160518162113
misyh,1,20160518141459
skyun45,1,20160519003109
bal1170,1,20160518162147
hamchangki,1,20160519113908
ysko63,1,20160520131323
hghwon,1,20160520165829
bjc2,1,20160521104642
sanggae79,2,20160524170647
hongkc0192,1,20160524101147
blackjky,7,20161111214441
goyanom,1,20160526101003
hery5432,4,20160611144746
0526ceng,1,20160525175714
sspark21,1,20160526122804
ohsehak,3,20160527093549
mulpure1000,23,20250322071723
eehdck8310,7,20230508010057
m12345,1,20160529183656
wjdwjdgh39,1,20160530100302
hwang0830,1,20160531102203
duke2pro,3,20160614171258
ssamzilx2,2,20160531231216
korye1026,1,20160531151004
sungduck0430,5,20180226090758
jyh941019,1,20160531173856
chosj21,1,20160601101542
JINWANHO,1,20160601093724
dktokyo,1,20160602115118
naraan,1,20160602150937
lsy680319,1,20160602163333
pwkpeace486,2,20160711153912
minikong,1,20160603183544
yak80,2,20160617085748
sangsig1,2,20160607114708
bjh3911,1,20160607121240
gg1973,2,20160619180704
kht61777,1,20160608143842
kke9876,1,20160609163346
ntm92,1,20160609174709
tang198756,2,20160920121027
ddalips1,1,20160613112904
chds4564,1,20160613163710
soo6598,2,20180222150843
2000kyk,11,20180213105708
henimer,5,20160615165124
ohjin1218,1,20160614114506
shyu,2,20160614145135
shyu79,1,20160614131321
bod100,1,20160614154201
grlee404,1,20160615092625
3cojang,1,20160615211211
ho7732,3,20240902124658
dopark79,1,20160616102148
comdrlee,1,20160618122755
ldy6807,2,20160620133658
jjs9844,3,20160701095849
zurdiss,2,20160619201717
ojj681227,2,20220414143612
kyungoo,2,20160620131837
kbhun0608,1,20160620143520
eagon7733,16,20160812155637
lj8063,1,20160620212343
follews,1,20160621170827
yosepkr02,2,20160622092114
zazahhh,1,20160622141736
KOEL,8,20200907162051
gfkhkhjo,1,20160624112528
htk1266,1,20160624114421
sewoon,1,20160624180318
dbsrudans,2,20160627135206
kds12,1,20160628145514
caving7007,1,20160629094028
wnsh1225,2,20190604101114
dlwocjf0123,1,20160702145613
hk929,1,20160630153547
ehswnd,37,20190420164139
sinpjy,1,20160704085040
jove,8,20230215171041
leeyi4622,1,20160704144148
gfdkhok,1,20160704170542
yibok,1,20160705181203
l5238,1,20160706143223
tpti1244,1,20160706113934
kih7667,1,20160706183425
sg95811,1,20160707170931
chj3378,1,20160707151828
toflhjlo,1,20160708174106
gto100b,1,20160708093349
sisarom,15,20201111170407
kch8664,2,20240205160545
summit153,1,20171107174858
dudwls3014,1,20160829115435
kjkhkj1031,1,20160712145822
k2t10,2,20160713134917
ace8525,2,20180426110716
leeji4,1,20160712151843
hdlnc,1,20160712161444
kjhpes,1,20160712162349
yunjw323,9,20240202081007
kiki864,6,20170517210035
l2313,1,20160714094627
eirene56,1,20160714112651
water0033,1,20160714142053
cactuslee,3,20161206162039
gardeng1108,2,20160719204103
mooncl,1,20160719093243
artfish,9,20190523171140
hobo1422,4,20170222142107
chj5056,1,20160720153836
network76,2,20160720161004
drmung07,1,20160721152243
recon2835,8,20200525105940
kkd06155,4,20160723153147
ban51700,1,20160722154954
chch1120,2,20160907180526
wizllee,13,20200511105705
hyun40746,1,20160725101120
parkgyuyong6,1,20160725204619
mkswyou,2,20160728132458
vvori,3,20160728002107
cysow123,1,20160727131518
aodrrhd1212,3,20160906170957
lggogo,2,20160728151708
eogmdrjsdjq,1,20160728153856
bluechip815,5,20160920222134
camax1992,1,20160729174051
jgh2423,1,20160729093445
junstar114,1,20160730101116
dhkgold,2,20160730153040
ryulin2,1,20160801131948
cho04420,1,20160801100753
aeg201606,3,20161011170042
lhj9276038,1,20160802175748
mjsung2001,3,20160809085717
earnest19,1,20160804000022
ipfirst,15,20210722092648
beetlebeom,5,20160824155425
hyuck498,1,20160804104950
dnjswoaya,2,20161115200452
ara742,1,20160804170559
pmr5022,3,20170512073006
leerun22,1,20160806113208
cmshik,1,20160808131917
kimtk326,1,20160810084243
sky0101101,1,20160813114308
gwon345,10,20241004103951
kalhair,1,20160816093349
lkim,2,20160816194802
jrm6527,1,20160819074952
yhkimjc,1,20160817181637
haughty625,2,20160831092338
nathenkim,8,20190321105647
open1245,1,20160818145454
bonn14,22,20220610140212
vg230,1,20160820171219
ljb264,1,20160822094238
ab4070,1,20160822132728
choi518165,1,20160822112956
hj2360,1,20160822115210
anytank,5,20180302155958
qkfmalsdor,3,20170104142156
balladang,1,20160825130854
sjsh0317,8,20161019185851
euro2013,1,20160827175508
noodls,10,20191023171938
ky06,3,20161023222220
ghrbs1357,2,20191202002128
sbk6210,1,20160830111417
bvcbvc,1,20160831173238
jasons67,1,20160901103203
dmch6558,1,20160901172224
dj611125,1,20160904144102
soyeon1305,1,20160902134809
pmk004,16,20170109162604
bongsclub,1,20160904165201
kgt5419,2,20160905212841
ewha0053,4,20160923063114
eecc2650,1,20160906142642
cks235,1,20160906162705
gold9594,3,20160906151723
sweet2834,1,20160907181340
mgri5715,2,20160922181514
pchha,1,20160909163031
hizeun,1,20160909135255
hunbal1,2,20160912110318
seodn114,1,20160911042155
tkrnfl,3,20161202122436
bongsclub1,1,20160911234406
beijaeu,1,20160912150803
yr2da,1,20160912111949
gale106,1,20160912171511
ballssd,9,20171127165619
rokmc492csk,1,20160913142253
kgh9065,1,20160913143811
puhaha797,1,20160914151819
aprose,1,20160917071809
chlrkd7,1,20160919194153
acole,2,20160922112916
jsh4560,2,20160920091036
whekfdl123,1,20160920164827
sboo2617,5,20220301113157
chunsa32,1,20160921085718
keysk8b,5,20181227115420
h1058a,1,20160921110114
msso,1,20160922161343
shh7779,2,20160923092224
nk007,2,20161104171909
luvfive,2,20161007102719
kbl84,2,20161017074625
curbinmass,1,20160924104728
iceage21,1,20160926161343
mslee6561,5,20161003095447
ptun6802,3,20210324113905
parkouk1,1,20160927104651
kwgs1052,1,20160927150318
kang12052,4,20170809174637
sl7579,1,20160928112126
kkyj91,1,20160928154401
jjkbmseong,2,20170716142136
techmankim,1,20160930083246
dytech8848,1,20160930091225
woong108,1,20160930094208
leewhs46,1,20160930103640
karsutain,1,20160930164327
fromtow,1,20160930173015
ljh212,1,20161002124541
leesingcook,2,20161002184834
leejisu56,1,20161004191026
pmjrub,1,20161005091331
chihwano,1,20161006142518
ysjjang2001,2,20161005161345
hack823,1,20161006151954
poki0226,7,20180212163813
hongin2468,1,20161008151204
sack51,2,20161122132514
alphakor,1,20161010194642
sws6969,1,20161010201103
jeong465,1,20161011172813
pjn0616,4,20161201142806
ant1ms6,1,20161012094643
jsh01060,1,20161011223313
emoksu,1,20161013182737
nej9910,1,20161014164330
youngsk89,1,20161014213237
hykimcn23,1,20161014101347
jrjrjr,1,20161014102414
woongky,1,20161014183541
rockcom,1,20161016201126
gy0614,3,20170512111327
woowa41,1,20161018113955
j8132,1,20161019164500
jhzeus,2,20161221163950
chs0119,13,20171215103107
accbal,1,20161020143813
ykt5530,3,20211031095044
chjs9492,1,20161021175355
realvd11,2,20161022085653
bys918,1,20161021181424
diakek12,1,20161023164659
jsh1830,1,20161024135600
lgo2950,4,20161025120148
lyb1226,1,20161025114405
9house,20,20231026165507
jsydean7,1,20161026195341
nogari84,1,20161028093507
kimyg3388,1,20161029094713
km0135,1,20161028131135
leeks211,1,20161028171246
gcjhguih,1,20161029103407
jung96981,1,20161031203932
kjs4557,2,20210324155330
mandoopapa,2,20191001195138
jsh11,3,20161104153545
lks1664,1,20161104065352
yabang,1,20161103173535
daniel,1,20161107112613
misty4k,7,20180424220720
12t1400,2,20170112234314
SC1604,1,20161107154142
slowpaengi,2,20161108111918
hyeng777,1,20161108160926
sejinee01,1,20161109145119
hyeonjun415,1,20161111151504
wkddn11,1,20161110163901
sky17510,1,20161111123544
kstb20,3,20161115074646
whdwn06,1,20161111211802
bgrhee66,1,20161113120307
gamja6612,1,20161113210231
qhdqhd45,1,20161114153504
hks851128,2,20161116145423
ksy2813,1,20161114154451
ahnbs6,1,20161116080638
g8988,1,20161116235701
dong7532,1,20161117093040
kcscgo,1,20161117235825
kimchanhe,1,20161118163534
levons68,1,20161119135050
kyl1700,1,20161121144737
s71a9250,3,20201003203411
steel2016,3,20161124135004
ngdi1967,2,20161123202522
cjpark,3,20161209113250
halru77,1,20161122162128
jangta,1,20161123172924
roolin,1,20161124095319
baek1123,2,20170623085952
sgmomo,1,20161126131159
eunbin0418,1,20161128142838
a209da,1,20161130154436
eom0392,1,20161129123157
rlatnstl,2,20161129110001
chealden,1,20161129130723
phy2093,1,20161130111133
parkis007,7,20170116140522
black00209,2,20170303103518
jjstglj,1,20161201134701
kjho8686,1,20161201135407
homg9624,3,20200123044450
csy143,1,20161202170834
ikc999,2,20161203014214
hsla2003,1,20161204133309
black7101,1,20161203101616
hz1227,1,20161204151930
wostar,4,20180727105845
whdrnha,1,20161205154122
kyh5412,1,20161205154408
jung2058,1,20161206080808
jung4279,1,20161206080906
zini4,2,20170221190549
kjk1788,3,20161210081355
yij2002,1,20161206155741
angelsteel,12,20190611092739
kisily,3,20211230110048
samohada,1,20161207090409
papapajj,1,20161207124632
mjh2106,1,20161207105715
opop2982,1,20161207151726
sodlfma91,2,20161208122219
baegho79,1,20161208095014
kimseion,6,20170410161208
ahn3323,2,20161209115804
erectt,1,20161208153510
omto,9,20220212211925
maketerior,1,20161209140049
syk5540,4,20161216111847
ryu800921,1,20161210130112
choi777bi,1,20161214094705
jws3413,1,20161212112337
dew913,1,20161214114140
titelist,1,20161215103719
sgmomo2,1,20161215112412
poiu1230,1,20161214153522
stormeye,1,20161215162416
go0987,1,20161216210828
lsc1604,2,20170626125830
newunit,1,20161219111002
kkyy55,3,20161223133310
csu78,11,20220729154400
dolbyc,1,20161221090033
gidtjr123,2,20161221135422
bwr8215,5,20170303175111
cnd9,1,20161222020307
kssshin777,8,20170113143557
lhs007lhs,3,20200427091614
ky55,1,20161223132917
killsoma,1,20161223133901
amor640505,1,20161223140852
kwg2098,1,20161226133027
superman90,1,20161226160202
ohh4256,1,20161226145224
jisug6814,2,20161227142750
tek5741,2,20161229101351
niojung04,1,20161227161437
vicpay,1,20161227165218
hyon1193,1,20161228144732
mschoi,1,20161229092434
jtg2266,3,20161231090303
ujhkon,1,20161230103244
bbajic,2,20170102112625
endidrn,2,20170113121839
pharksh3026,1,20170102130700
Khi5518,1,20170102223556
lcm66,1,20170102155438
acepoison,9,20230427102557
yhkim4u87,1,20170103114255
an1010,6,20170307104118
cokedpistol,1,20170104141127
jhongj00,1,20170104111615
hkshin999,1,20170105111150
mach6,1,20170105095547
gyu00033,10,20210813172638
jink2ice,2,20170109134712
wildemu,1,20170109102809
cguny,1,20170109100539
totilio,5,20180507223618
cndbqhd,1,20170109132841
daeji8603,1,20170109095022
j7784,1,20170110080152
fafl1004,25,20201218214935
koknac,1,20170110113231
bbb21,1,20170111105228
qkrcjfgml3,2,20170213193913
hyhywoo54,7,20190402100659
unseok7089,5,20170312183632
lsh107700,1,20170111153355
pisidi79,1,20170112080339
wun5353,1,20170112143605
bill,1,20170112130409
zazsa,1,20170113132650
osama3,1,20170112180522
hmg6119,8,20170207122024
kbs1002,3,20170120202854
arimegg,2,20170116093733
hongdan1004,1,20170116143632
bb6087,1,20170116153438
ghkrb12,1,20170117094740
ggilerra,2,20170117161210
moodoin11,1,20170117140555
kkoreash,1,20170118114805
kmysm,1,20170117150857
jr6100,5,20170822090205
jeehhong,3,20170121142413
equpp,1,20170118224926
tjdduf0554,2,20170119103233
kj9647,1,20170119125741
ksw8296,4,20170220114154
sprkr06,2,20170120153620
snim3070,2,20170123141545
cskim0926,8,20170518085949
honet00,4,20180711144026
qweasd123,1,20170121104752
cho65740,18,20210324210924
vkdlekd,1,20170124093652
hch3500,1,20170124095542
a282319,2,20170228103739
kjhan2118,9,20230321102701
kby1023,7,20170712095649
bsh6611,1,20170125182353
honggssu6320,1,20170125190433
sl92042,1,20170126091014
hjkhki,1,20170128094904
centuria,4,20170213184328
yoon0seog,6,20180515162212
tjq1008,1,20170128140007
frsjh,1,20170128221523
ckaqlcdmlthf,2,20170306203544
air0427,2,20180614165614
teenvive,2,20170211085113
kyosho,1,20170201131500
gangmin,1,20170201112400
machojic,1,20170201173926
kkangksy,1,20170202085636
jaedug13,3,20180412160921
kbh5504,1,20170202141042
slacks,1,20170202201219
rldnrdl0710,1,20170203080041
byunssi37,1,20170203090651
chris5,14,20211028214839
spacecys,1,20170206165207
hlchang,4,20180219101650
ssangssook,1,20170206172940
heiskc,1,20170207105418
hwanfmmm,1,20170208140208
hwanfmmmm,1,20170208140249
ssalal79,1,20170209092528
audry0915,2,20170210114956
unsws,3,20170214110919
mdoun101,1,20170210133114
mindart,1,20170210154700
greenapple64,3,20170211015006
sp2580,2,20170215232115
zzzsoo,10,20190325143033
lcy0922,1,20170213101431
4498003,2,20170218101943
ibhkorea,2,20170504092549
joker1977,2,20170214130249
standby00,1,20170214124044
autumn80man,13,20170329142343
sw6840,1,20170214164844
gongcidy,6,20170216151643
dalze83,1,20170215213439
wanggun456,1,20170215165702
navycj2001,5,20220507030843
ahja00,1,20170216160914
dyk9973,1,20170220085341
scg104,1,20170220110711
beerjh,2,20180314083128
powerlim,1,20170221115139
gokuuzelly,1,20170221090922
giljoo88,1,20170222091118
ms3688,2,20170222165129
cms0425,1,20170222091327
de6447,11,20220802093302
jsc1128,5,20170407130713
wsungtae,1,20170223132302
paeujo7,1,20170223135734
daewon3668,1,20170223144930
woolim24,2,20190128153812
skrkqjfu,11,20221123093230
geamjin,21,20220528111231
hyun2won,1,20170227171127
soo5020,2,20170303183226
hyunsung04,7,20200307170338
hy8484,1,20170228151209
cds2297,1,20170301125023
zulu5084,1,20170228164056
kyg842,2,20170302112550
rerok333,1,20170303144437
simples1027,3,20170309002409
leejw,4,20181128094117
rlatjddk7549,3,20170320123249
imissudh,1,20170306141409
sparkrite,1,20170306162425
ljg5657,1,20170306185746
zelkova0802,2,20170309101121
tnt48957,1,20170307134938
kkubsi,1,20170307102533
mjpark68,1,20170307183826
chou6553,1,20170308091557
v37000,15,20211007101819
jenoside09,1,20170308150508
iop1212,8,20240326153715
lhw10328,1,20170309045321
seanab,4,20170706181751
sinsung24,2,20170309162250
opuses,1,20170309165257
kjhzest,10,20190814104038
dbseorl3566,1,20170310140017
esc3513,1,20170311100117
haja4124,1,20170311174024
97rc024,1,20170313144634
potatohead,1,20170313111242
ignitionboom,1,20170314091420
jjk618,1,20170315131933
bolddagu1328,2,20170331033520
jhhan7273,1,20170315103459
dongin72,1,20170316154456
it6001,1,20170317172202
pety222,1,20170317220421
deen4,2,20170318093527
sysmtech,2,20170826145020
dindi94,1,20170318120045
wonsukho,7,20170330151650
msnoh0628,4,20190217225839
dreamtek,2,20170321142632
opqqr1,2,20170620124042
vividtoy,1,20170321103500
jubae5,1,20170321170658
jsp4069,1,20170322085037
mircrow,1,20170322093213
bshum999,2,20170331044628
metalliger,1,20170323151812
sea2583,1,20170323093120
akagovl,1,20170324092149
6242670,1,20170324165042
civilceo83,1,20170324141220
feeldt89,9,20170706172321
kohbs5224,1,20170325112114
b6287510,1,20170325134954
kkkk1188,1,20170327093620
kjk6869,7,20170330114929
castel86,1,20170327130259
shhyun66,7,20180321111946
valveman,2,20170531112641
kjj9311,2,20170327200011
min9359,1,20170327144850
tnfahtgo,1,20170327203744
cigoli,5,20170405033345
funny88,5,20180921100154
kjs8569,2,20170330145239
hisj0hn,1,20170329072947
chojh0505,1,20170329110303
harmsk1,1,20170329111734
rajack,1,20170329103317
andznteok,1,20170329155700
dsi4u,1,20170329144251
kskace,1,20170330163409
ust1005,2,20170330133057
jslee0039,1,20170331145952
kyzero,2,20201202151549
cg8800,2,20170510211835
hyeyong0827,1,20170403181234
lhwook3641,1,20170404163253
nhkjp,1,20170405113115
cms1287,1,20170405183402
you8548,1,20170405194231
dsshin1287,1,20170406154741
hcn3185,1,20170408131638
lovee82,1,20170406160753
darram,1,20170407154617
kirin,1,20170410112913
youyh76,1,20170410143756
sunnylk,1,20170411133619
jazzguitar1,1,20170411133909
tm58dog,2,20170418150307
jgh1923,2,20170412081825
izsda,3,20170413154730
jungin1031,1,20170412134444
gjwls1243,1,20170412112712
aberea,23,20190102203634
wsh6018,1,20170413194632
kimjs925,1,20170414165555
segeonyoon,1,20170414092446
kukje9614,1,20170415141241
control81,1,20170418132412
sky613,1,20170419084818
seseo77,1,20170418171636
sonbj0688,1,20170419144223
kimjneye,3,20201229154725
10000volt,1,20170419152815
hosu123,1,20170420120421
ysm5906,3,20170619091247
zaqzaq1111,2,20170512163143
cnscn80,6,20170517145954
inri78,1,20170421105315
kira888,1,20170421113856
dkdl3030,2,20170424092431
shwhdrn,2,20170426102917
yibyib,1,20170422141856
mrdro,1,20170422174217
kkhbk9731,1,20170422202531
gaebak,5,20170522140948
kmidc,1,20170425230542
tmbega123,1,20170426194246
lg7841,1,20170427113812
loppry,3,20170430123952
kimsh0615,1,20170428120513
frontier,1,20170428095620
dlstn002,1,20170429133238
pooh4570,10,20180921143127
bmmj1415,1,20170428162622
alrm01,1,20170501090042
openlove90,1,20170501152625
vodvoddl,2,20170501223952
skysske,5,20180102142847
dhtjd4838,2,20170720103732
jhm6104,2,20170506202958
my42b,1,20170506174445
jhleecm,2,20170508180154
captainj,1,20170508223406
tonyjr,2,20170509170238
namna76,7,20170512174939
jh661223,1,20170509144459
greencola,2,20180416152455
thjo513,1,20170510103226
fj1011,1,20170510143645
seungpyojin,1,20170510161906
viandboo,1,20170510165942
frontier1814,1,20170511093022
gustmd,1,20170512153915
woori271,5,20170922093555
jone1103,1,20170515162256
poiu0098,1,20170515181335
bafukor,1,20170515104612
bangkyuzong,1,20170516100612
pyofirst,1,20170517111338
skagur5098,1,20170516110602
yanglim91,1,20170516113745
lis73,1,20170516122614
eng21000,8,20190228143941
suwadoll,5,20170519093358
k2r02,1,20170518170841
Kumoh1538,1,20170518221653
ksg324121,3,20180327170322
jsbyul01,8,20181109105803
henrychoi,2,20170520235113
ma1350,2,20170605134542
pipe72,1,20170523144853
lcg0485,2,20170522132946
yourang6317,1,20170523110220
ugmel,2,20170523154533
hhc1kor,1,20170523165133
sunggh2002,1,20170523231449
sunbk1004,1,20170523171607
ihufarm,1,20170524093727
eotks8508,1,20170524093840
lskkt,6,20211121215750
junggi68,2,20170529143916
bcseo02,49,20250616101419
pyp1207,1,20170529203311
dw0403,1,20170530080406
young7928,2,20170530204842
cyh8988,2,20170601114940
timod74,3,20170602140452
stoneiron1,2,20170605154718
kd7680,1,20170602141649
kwakyw,1,20170602102837
byung70,1,20170602104551
ohohho,2,20250420103908
qwaszx,1,20170606125740
youmoo,2,20180215070306
chamnara,3,20170607112638
winetopia,1,20170607225601
didanfl91,10,20170628143640
choidk87,1,20170608150710
wonsukho2,1,20170609121819
thyu79,1,20170609160005
won1967,2,20170611114311
asinka,3,20170611114058
giantcomet,1,20170611010558
tgb604,2,20170613092607
enable1,1,20170614150835
Kmk8114,1,20170615073942
csm9065,1,20170615133913
maxvision,3,20170620121134
leedy1404,1,20170616161405
yjoo5409,13,20180907101949
asung8880,1,20170618122637
ikheon007,1,20170617145920
kangb7,1,20170619132228
minats,1,20170619210957
no5smoking,1,20170620091449
zhdnpdl2,3,20170622141653
dldfks,5,20181112230513
sos169,1,20170622142805
mapomjh,2,20170630144645
aindesign,7,20170905215854
dbswoan79s,1,20170624100527
wlswjdguq,1,20170624163459
dkgus9090,1,20170624143213
yks901,5,20170919054939
wns9007,1,20170626130905
qusqhrtjq,1,20170627131707
khs66s,8,20170711010131
wwas82,2,20170628133322
ajh7358,1,20170628103225
leeheekou,1,20170628155440
kaybh,1,20170628113857
cocal14,4,20170809183221
phcpxc,1,20170630094540
nonsuchjj,1,20170630103406
dndhk1567,1,20170703114654
rmb5164,1,20170701183130
wj2189,9,20170915103653
ges00,1,20170703143701
rvkwon,1,20170703155347
ppzitus,3,20171128122407
ysk1245,1,20170704133243
thismax,2,20170811165835
merndong21,1,20170704154424
khgs50,2,20170714144659
sjy1718,2,20180326110940
ccm1321,1,20170710105029
bms0280,1,20170710170713
ksmentos,1,20170710140034
chc32777,3,20170710212535
sgs2121,1,20170711214209
aza74,2,20170713131528
piw3853,1,20170712225803
ksi3006,1,20170713083307
navyof,1,20170713174241
intvon,1,20170713151853
jh0337,1,20170713113056
ntc1004,10,20170720132402
aegisk,7,20170924004322
echlon,2,20170726131948
ssing999,1,20170715153431
aa262525,1,20170715101351
huhi,1,20170717110846
song2707,2,20171211125900
k2cdesign,1,20170717163217
leechonsoung,2,20170719151452
torichoco,1,20170718155803
jung70777,1,20170719135715
ngkc13,3,20180710152059
gongpa14,1,20170721135457
wldud0531,1,20170720141354
kwh9312,1,20170720091754
skyehdgh,1,20170721104845
yeo0018,1,20170722132155
yejun0093,34,20230202131531
ryunao1026v,1,20170724150345
mogunkim,2,20171228154019
jooseob,1,20170724225310
mmj6101,2,20170729125209
kimhyunki,1,20170728132500
bluebaeg,1,20170728133922
kangsk9423,3,20170811100942
sinji2050,1,20170731134332
ekseob,1,20170801101248
cbgl77r,2,20170803190052
matredart,1,20170802155313
topic0101,1,20170803151129
dwt32,1,20170804165734
ldmkorea,1,20170805103453
kwan6688,1,20170807211402
gcchowin,2,20170814180519
psc44,2,20170809105541
samhyun,1,20170809095550
azit2016,1,20170809133501
kimhm,1,20170809164827
kr2239765,8,20170819141513
cjdghk1001,1,20170811095059
onse070,1,20170812051101
im5003,1,20170812135926
youngukgo,1,20170812154615
ichon2,1,20170814135202
ksoskim,3,20170819103452
opqqr,3,20170829101524
garameng,2,20170831151349
haysung,4,20190408163316
varignon,32,20191023162951
rjh0214,1,20170817105530
loller,2,20170818174210
knk0707,1,20170819081537
camp2k,1,20170818165905
yunha0710,1,20170821134945
csyoon,1,20170822123655
robertkim,1,20170821154546
yong0707,3,20180320110619
atree8702,1,20170823141101
yumim,1,20170823165704
clipangel,1,20170824103451
showme017,1,20170824130746
boory02,1,20170825094721
kyt7114,1,20170824152013
sundol22,1,20170824154649
ttnada,1,20170825153548
zec007,1,20170826062133
bjchoi9562,1,20170828130730
wahtschein,4,20171015104806
liveflash,3,20171101180716
kym1601,1,20170830174816
king2347,1,20170901102539
voodoo2,5,20211011173910
yangjh1254,1,20170904130127
moons999,1,20170904160735
cib119,1,20170904140758
jeon1472,1,20170904141709
simpal12,1,20170904162437
77jhsun,3,20180904175611
greenwolf81,1,20170905151619
realestate86,1,20170905155557
megund,15,20171024071147
jsh10050508,1,20170906143733
rovic,2,20171102141456
cbro,3,20180513014025
tiger8m,2,20171011142257
abear,1,20170907210026
kks027,1,20170908140920
sang221,2,20170908123601
nemo0390,2,20170928180405
goodman3016,1,20170909202034
ok15500,1,20170910072407
bbong6,3,20171101135150
otany111,1,20170911110521
jjang2929,1,20170911111443
crs816000,5,20170918181620
abcilgu,1,20170912094301
woaini216,1,20170912142809
boa223210,1,20170913155331
lsj1403,1,20170914095026
jjiggi,1,20170913162826
koppppp,1,20170914114248
comcgh,4,20170920092725
hwcho,2,20170927145856
hjk9474,1,20170914121125
koala1905,1,20170915102410
kcl486,3,20170915134728
kimyc4672,4,20180302090743
dkdlajfem,1,20170918111552
SSY6703,1,20170919101505
nunust,1,20170920130411
jukmook,1,20170919103052
shrekddu,1,20170919114416
seba9,5,20240901155316
juj0590,1,20170920170944
daejin43,26,20210203185610
heesae,1,20170921153444
jadejiho12,1,20170922221507
bfclanno7,1,20170924001910
strongkame,1,20170926144937
vlvps5246,4,20200811145403
wkdqhs,1,20170926170953
lgh5460,4,20171013084749
bjcho355550,4,20180730225027
lmwpehd,1,20170927123637
yk1242,1,20170927203055
cj9833,1,20170927133332
ikb1011,11,20231110150902
aammi1195,1,20170928130520
zoode03,1,20170928170300
cookiesweek,7,20200521170005
rubberco,1,20171002145843
22nsp,36,20180527073840
izzang099,1,20171010090827
hs6121,2,20171010124943
jty815,2,20171010110308
finehouse47,2,20171011181037
ktt108,3,20171027135827
doncass,1,20171010154149
zmsrjwl,1,20171011115529
a8339970,1,20171011095112
bloodtaste,1,20171012052410
alpha2508,2,20171018174459
kgh1000,7,20241210133948
hanafnc,2,20171013151213
bibong501,4,20171023002724
hhkwa,1,20171017173825
997303,1,20171017153513
jin50562001,1,20171018135539
yudongbin,1,20171018131213
mkll95,1,20171019143256
lim525,4,20181017102341
riki87,1,20171020104305
kwss0058,4,20171230102007
asml2080547,1,20171020161619
yh600,2,20180129083945
doddoru,1,20171023092917
sy0612,1,20171024211257
cholsok,1,20171023151047
ravage,1,20171024143434
manysister,2,20171027103824
symat1,3,20171101100309
hbjhykkr,1,20171027173124
pieta011,1,20171027192608
hjd9384,1,20171030145035
netvin,2,20171030155430
stronghs,1,20171103094054
ok4636,4,20171112070328
dupang,2,20171103081826
theme0070,1,20171104115242
lgc8795,1,20171105070011
tjddmddl,2,20171105155445
hodong47,1,20171106153805
dangudie1,1,20171107090851
miatop,1,20171107101933
Mne9632,31,20191030161904
munchs58,7,20210222230808
cific,4,20171116022650
51109lidar,2,20171108224049
foolpicture,1,20171109115523
idaho0009,1,20171109171021
tokyewool,1,20171109171935
misssaigon,1,20171109185523
gon911,1,20171110181442
wneoddl82,1,20171111145227
saas77,1,20171112151314
killer1544,2,20171113142012
kyu1979,6,20180305175100
ekdtks5,1,20171113170642
so8408,1,20171113144732
mdoun102,5,20171116135629
dewboy183,4,20201122143754
ktw412,1,20171114131734
rlfmrlfm,1,20171115071032
jytcokr,2,20250212092922
mirae5854,1,20171115163554
go600m,5,20171120133045
kimscar67,7,20171128143609
baejemin,33,20250701103206
eom81,1,20171118105811
arima7942,1,20171120171519
gojirayo,1,20171120134556
kimjb12,1,20171121162213
drch1004,1,20171121174835
moksa,3,20210527102248
masses,2,20171122110846
cis2351,1,20171122172649
soungyb,1,20171122173250
ihlim,1,20171123145335
darajks,1,20171124140302
aquaville,1,20171126122640
kjh79062,1,20171125153314
daekwang03,1,20171125163843
tnsghsla,2,20171126153944
darkham8,1,20171127151603
yhcho9305,1,20171127184712
klkjl,2,20200113112942
annyung87,1,20171128104843
smkty8384,1,20171129114948
phk0115,2,20171201172219
limhg2681,1,20171201104554
suk721207,1,20171201115458
millemboy,2,20171207094244
jangjj2667,1,20171205111420
wiser1,1,20171204114622
kdengi69,1,20171205163117
hanjeep,2,20171207151057
actorchan,1,20171206153130
manner2390,2,20191203095802
kimokok123,1,20171207124531
Wolf,3,20171208110142
keehun21,1,20171207154314
pyaksan,1,20171209145010
kyunghatkfkd,2,20171211165743
ttthkim,1,20171211122416
jhc4711,2,20171212221136
doal0404,1,20171211170302
superjclee,1,20171212141538
longing44,1,20171213144802
miga1393,2,20171224203707
darkhoya,1,20171215204009
diablo993,1,20171215214223
dus7614,1,20171216053451
gocjs05,1,20171220082937
joonpal,5,20180410170103
blacktuk,2,20211004100313
ghkd8977,2,20180517092527
yjk1103,1,20171220211146
schema,1,20171221152333
akfksem,1,20171221164021
sws3625,1,20171222115820
archihong,1,20171222161918
hippoest,1,20171224123708
ys406900,1,20171226093203
rack007,1,20171226102926
chrryfarm,1,20171229090635
tkscorwk,2,20171228150212
dpfpqlwkd,1,20171228163415
russoyang,1,20171229120009
caffee1,1,20171230101718
12kjw06,1,20180102160501
tuner,1,20180102145829
p2gon,1,20180103112814
hans0063,2,20180318182957
ryoo5110,1,20180102164732
kimseongmin,2,20220425124214
erin8021,1,20180103095024
nsm6609,6,20211229142549
yun57,1,20180104143009
boseyoo,2,20180104191536
jaywalk89,1,20180104193208
yonggaly,1,20180105155323
anycall2329,2,20180106161808
dydtm75,1,20180108165313
hsy6700,1,20180108151823
kdj0402,1,20180109041831
jykim0911,1,20180110114414
adstudio,5,20180118173827
sww454,1,20180111200334
lsmldh48,1,20180112135511
ringman57,1,20180113150622
dighy12,1,20180113153250
zorroshoo,2,20180115163415
gogo5303,2,20180119105441
multang10,1,20180116161645
woruddl0215,2,20180115174028
sim6565,1,20180115214627
mrmroh,34,20220422083754
khc2000,6,20210902171238
Chihun1109,2,20180116151940
ds3mjl,1,20180116212214
jinsco,4,20180117123914
path5,7,20180724142959
giref7,1,20180118112007
ydh1001,1,20180118095040
ash0524,1,20180118155349
1017doldam,1,20180118112328
batwings3,1,20180118231511
tjddnr4788,1,20180119100709
seiwoo1992,1,20180119111744
nano911,2,20180619210741
dongsung69,1,20180122120729
artho,1,20180122141559
raons,1,20180123125305
nudge091,2,20180124112517
hui1228,1,20180123173056
gksquf3412,1,20180123174934
bs010607,1,20180124142926
hae140,40,20201130054939
kimkr0977,1,20180124171246
yslee592001,1,20180125085001
gibunjjang,1,20180125110748
ldino001,1,20180126134543
evagad,2,20180126115207
kyuil104,2,20180129122457
msc6733,4,20180313131550
hblee,1,20180129113001
kitools,3,20191017141635
dongoo,1,20180129161332
1442,1,20180129170349
jeonghh65,1,20180130153917
sjc999,8,20180212113844
yu9073,1,20180131095927
eden2078,1,20180131131443
sung4547,12,20180706153820
ykky,2,20180206160619
thisonesky,2,20180308104340
torimoon,1,20180202231802
you1001,1,20180205101649
rlagyfkr,1,20180205143246
williamkz,1,20180206074709
kkomangiharu,1,20180206104342
qjel1522,6,20180327152054
hyuk3984165,1,20180206134432
bygi0691,1,20180207093016
lji1955,1,20180207152947
luj0971,6,20180312152523
hsy6701,2,20180212124231
jyp0903,1,20180209131044
gyckd,1,20180212121950
station97,1,20180214173019
syg1985,1,20180213105958
lsd227,16,20220618194218
hongbu,1,20180217183320
gkrhkdduf,4,20240707070245
dakelkim,3,20190118160039
nds0559,4,20180321172540
jkwonlee,2,20180219153621
ysw1344,2,20180219191432
cara6625,5,20180515173849
shkkk,2,20180228015406
pswtrs,1,20180222111332
jyjoung52,1,20180222095748
kepj6428,2,20180222162145
ltmakdlf,7,20210525230448
psypsy007,1,20180223081937
lst4709,1,20180226054140
sobaman,1,20180226184637
qkrwjdtn,1,20180227083800
tefnet79,1,20180227162905
cheol1108,1,20180227172130
sjalcd,1,20180228073325
hyukroom,1,20180228125025
ho5513,1,20180228143900
skghehfdl,1,20180228115721
kts0087,1,20180302142443
thiskiju,1,20180302171238
enerziger12,1,20180305125126
wlsgh6281,1,20180305113453
pdj510,7,20230810092013
service588,1,20180305162716
jjshdkfk,3,20180403155606
lewitate,1,20180305215110
Sick8010,1,20180306064333
ldy1191,1,20180306183403
sjkim60kr,1,20180306112629
yoondesign,2,20180309115908
cjong4399,1,20180312095108
cis495,1,20180312105224
sjbest98,7,20180314224820
sunghee4452,2,20180313105626
chojeong,1,20180313153359
sgyum72,5,20210326152326
jhsnim,1,20180315092005
ypbh811,1,20180314172503
archiest,1,20180315113613
kimjaeho1114,13,20190227183551
power0,1,20180316191223
s00789,2,20180319090050
kunflex,1,20180319101224
joon828282,1,20180320163617
wlskdcjswo,1,20180321165028
lew631,1,20180322141208
rotg2004,1,20180323100113
bono137,18,20190419144940
kong7510,1,20180323105054
zndvn1468,1,20180323162911
dotshin,2,20190203194044
wndwnddl41,1,20180324203134
jung1872,2,20180325225054
whozi,1,20180327234829
dmsdn185,1,20180326095851
kjr1159,2,20180326125407
yb1002,1,20180328110617
andanteok,3,20180404143449
alstjr1ekd,1,20180328120259
foreverkim00,10,20201201151627
rbqhr8209q,2,20180329110009
es505m16,1,20180329171006
jhs0607,1,20180329105704
hjhjlove12,1,20180330094829
mswon3862,1,20180330102332
sakak072,2,20181105191352
bafukorea,1,20180330151423
bjhoe,1,20180331152029
pushpull,1,20180402155931
rmfjsrkqhk,1,20180402180029
kikidding,1,20180402235449
chaos3436,4,20191209105353
jdj5861,1,20180403212523
merlin003,1,20180406133322
soki581,2,20180407170931
yongsk218,2,20180414204541
unha100,1,20180410100835
yangdei,,
